symbol,name,primary_group,secondary_groups,industry_source,concept_source,mapping_confidence,mapping_reason,excluded_noise_tags,evidence_ids,business_group_raw,market_theme_id,market_lane,business_industry_fallback,mapping_source_rank,mapping_source_detail,mapping_asof,mapping_attempts,mapping_status
300418,昆仑万维,软件/数字内容/计算机应用,,电子信息,Sina concept constituents 2026-07-31 snapshot,high,frozen_theme_id:TH-SOFTWARE,,LOCAL-SINA-INDUSTRY-20260731;LOCAL-SINA-CONCEPT-20260731;CNINFO-INDUSTRY-FALLBACK;THS-ZYJS-FALLBACK;PHASE-A-MARKET-STATE,,TH-SOFTWARE,current-mainline-continuation,,frozen_theme,frozen_theme_id:TH-SOFTWARE,2026-07-31,existing_snapshot,resolved
688017,绿的谐波,自动化/机器人修复,,,Sina concept constituents 2026-07-31 snapshot,high,frozen_theme_id:TH-AUTO,专精特新,LOCAL-SINA-INDUSTRY-20260731;LOCAL-SINA-CONCEPT-20260731;CNINFO-INDUSTRY-FALLBACK;THS-ZYJS-FALLBACK;PHASE-A-MARKET-STATE,,TH-AUTO,secondary-line,,frozen_theme,frozen_theme_id:TH-AUTO,2026-07-31,existing_snapshot,resolved
300757,罗博特科,先进光伏电池修复,BC电池;HIT电池;TOPCon;光伏;光伏概念,,Sina concept constituents 2026-07-31 snapshot,high,frozen_theme_id:TH-PV,,LOCAL-SINA-INDUSTRY-20260731;LOCAL-SINA-CONCEPT-20260731;CNINFO-INDUSTRY-FALLBACK;THS-ZYJS-FALLBACK;PHASE-A-MARKET-STATE,,TH-PV,secondary-line,,frozen_theme,frozen_theme_id:TH-PV,2026-07-31,existing_snapshot,resolved
002203,海亮股份,有色金属,参股金融;钒电池;海水淡化;空气治理;涉矿概念;特斯拉,有色金属,Sina concept constituents 2026-07-31 snapshot,medium,sina_industry_primary,业绩预升,LOCAL-SINA-INDUSTRY-20260731;LOCAL-SINA-CONCEPT-20260731;CNINFO-INDUSTRY-FALLBACK;THS-ZYJS-FALLBACK;PHASE-A-MARKET-STATE,,,unclassified,,sina_industry,sina_industry_primary,2026-07-31,existing_snapshot,resolved_theme_unmatched
603223,恒通股份,公路货运,,,Sina concept constituents 2026-07-31 snapshot,medium,cninfo_industry_theme_unmatched,,LOCAL-SINA-INDUSTRY-20260731;LOCAL-SINA-CONCEPT-20260731;CNINFO-INDUSTRY-FALLBACK;THS-ZYJS-FALLBACK;PHASE-A-MARKET-STATE,公路货运,,unclassified,公路货运,cninfo_industry,申银万国行业分类标准|2021-07-30,2021-07-30,cninfo:ok,resolved_theme_unmatched
000048,京基智农,农林牧渔,鸡肉;深圳本地;土地流转;猪肉,农林牧渔,Sina concept constituents 2026-07-31 snapshot,medium,sina_industry_primary,业绩预升,LOCAL-SINA-INDUSTRY-20260731;LOCAL-SINA-CONCEPT-20260731;CNINFO-INDUSTRY-FALLBACK;THS-ZYJS-FALLBACK;PHASE-A-MARKET-STATE,,,unclassified,,sina_industry,sina_industry_primary,2026-07-31,existing_snapshot,resolved_theme_unmatched
000848,承德露露,食品行业,京津冀,食品行业,Sina concept constituents 2026-07-31 snapshot,medium,sina_industry_primary,社保重仓,LOCAL-SINA-INDUSTRY-20260731;LOCAL-SINA-CONCEPT-20260731;CNINFO-INDUSTRY-FALLBACK;THS-ZYJS-FALLBACK;PHASE-A-MARKET-STATE,,,unclassified,,sina_industry,sina_industry_primary,2026-07-31,existing_snapshot,resolved_theme_unmatched
000977,浪潮信息,电子信息,国产软件;国防军工;军工航天,电子信息,Sina concept constituents 2026-07-31 snapshot,medium,sina_industry_primary,,LOCAL-SINA-INDUSTRY-20260731;LOCAL-SINA-CONCEPT-20260731;CNINFO-INDUSTRY-FALLBACK;THS-ZYJS-FALLBACK;PHASE-A-MARKET-STATE,,,unclassified,,sina_industry,sina_industry_primary,2026-07-31,existing_snapshot,resolved_theme_unmatched
001359,平安电工,化工材料,,,Sina concept constituents 2026-07-31 snapshot,medium,ths_business_keyword_theme_unmatched,,LOCAL-SINA-INDUSTRY-20260731;LOCAL-SINA-CONCEPT-20260731;CNINFO-INDUSTRY-FALLBACK;THS-ZYJS-FALLBACK;PHASE-A-MARKET-STATE,化工材料,,unclassified,化工材料,ths_business_keyword,电热系统用云母耐温绝缘材料、新能源热失控安全防护件和特种石英纤维及电子布的研发、生产和销售。,2026-07-31,cninfo:error;ths_zyjs:ok,resolved_theme_unmatched
002266,浙富控股,电器行业,股权激励;核电核能,电器行业,Sina concept constituents 2026-07-31 snapshot,medium,sina_industry_primary,,LOCAL-SINA-INDUSTRY-20260731;LOCAL-SINA-CONCEPT-20260731;CNINFO-INDUSTRY-FALLBACK;THS-ZYJS-FALLBACK;PHASE-A-MARKET-STATE,,,unclassified,,sina_industry,sina_industry_primary,2026-07-31,existing_snapshot,resolved_theme_unmatched
002432,九安医疗,医疗器械,苹果概念;小米概念;智能穿戴,医疗器械,Sina concept constituents 2026-07-31 snapshot,medium,sina_industry_primary,,LOCAL-SINA-INDUSTRY-20260731;LOCAL-SINA-CONCEPT-20260731;CNINFO-INDUSTRY-FALLBACK;THS-ZYJS-FALLBACK;PHASE-A-MARKET-STATE,,,unclassified,,sina_industry,sina_industry_primary,2026-07-31,existing_snapshot,resolved_theme_unmatched
002552,宝鼎科技,机械行业,风电;军民融合;金融改革;业绩预降,机械行业,Sina concept constituents 2026-07-31 snapshot,medium,sina_industry_primary,,LOCAL-SINA-INDUSTRY-20260731;LOCAL-SINA-CONCEPT-20260731;CNINFO-INDUSTRY-FALLBACK;THS-ZYJS-FALLBACK;PHASE-A-MARKET-STATE,,,unclassified,,sina_industry,sina_industry_primary,2026-07-31,existing_snapshot,resolved_theme_unmatched
002603,以岭药业,生物制药,创新药;股权激励;基因概念,生物制药,Sina concept constituents 2026-07-31 snapshot,medium,sina_industry_primary,,LOCAL-SINA-INDUSTRY-20260731;LOCAL-SINA-CONCEPT-20260731;CNINFO-INDUSTRY-FALLBACK;THS-ZYJS-FALLBACK;PHASE-A-MARKET-STATE,,,unclassified,,sina_industry,sina_industry_primary,2026-07-31,existing_snapshot,resolved_theme_unmatched
002638,勤上股份,电子器件,绿色照明,电子器件,Sina concept constituents 2026-07-31 snapshot,medium,sina_industry_primary,,LOCAL-SINA-INDUSTRY-20260731;LOCAL-SINA-CONCEPT-20260731;CNINFO-INDUSTRY-FALLBACK;THS-ZYJS-FALLBACK;PHASE-A-MARKET-STATE,,,unclassified,,sina_industry,sina_industry_primary,2026-07-31,existing_snapshot,resolved_theme_unmatched
002647,仁东控股,电器行业,,电器行业,Sina concept constituents 2026-07-31 snapshot,medium,sina_industry_primary,,LOCAL-SINA-INDUSTRY-20260731;LOCAL-SINA-CONCEPT-20260731;CNINFO-INDUSTRY-FALLBACK;THS-ZYJS-FALLBACK;PHASE-A-MARKET-STATE,,,unclassified,,sina_industry,sina_industry_primary,2026-07-31,existing_snapshot,resolved_theme_unmatched
002693,双成药业,生物制药,仿制药;海南自贸,生物制药,Sina concept constituents 2026-07-31 snapshot,medium,sina_industry_primary,,LOCAL-SINA-INDUSTRY-20260731;LOCAL-SINA-CONCEPT-20260731;CNINFO-INDUSTRY-FALLBACK;THS-ZYJS-FALLBACK;PHASE-A-MARKET-STATE,,,unclassified,,sina_industry,sina_industry_primary,2026-07-31,existing_snapshot,resolved_theme_unmatched
002848,高斯贝尔,其它视听器材,,,Sina concept constituents 2026-07-31 snapshot,medium,cninfo_industry_theme_unmatched,,LOCAL-SINA-INDUSTRY-20260731;LOCAL-SINA-CONCEPT-20260731;CNINFO-INDUSTRY-FALLBACK;THS-ZYJS-FALLBACK;PHASE-A-MARKET-STATE,其它视听器材,,unclassified,其它视听器材,cninfo_industry,申银万国行业分类标准(旧)|2017-01-16,2017-01-16,cninfo:ok,resolved_theme_unmatched
002850,科达利,锂电池,,,Sina concept constituents 2026-07-31 snapshot,medium,cninfo_industry_theme_unmatched,,LOCAL-SINA-INDUSTRY-20260731;LOCAL-SINA-CONCEPT-20260731;CNINFO-INDUSTRY-FALLBACK;THS-ZYJS-FALLBACK;PHASE-A-MARKET-STATE,锂电池,,unclassified,锂电池,cninfo_industry,申银万国行业分类标准|2021-07-30,2021-07-30,cninfo:ok,resolved_theme_unmatched
002851,麦格米特,光伏,光伏,,Sina concept constituents 2026-07-31 snapshot,medium,sina_concept_primary,,LOCAL-SINA-INDUSTRY-20260731;LOCAL-SINA-CONCEPT-20260731;CNINFO-INDUSTRY-FALLBACK;THS-ZYJS-FALLBACK;PHASE-A-MARKET-STATE,,TH-PV,secondary-line,,frozen_theme,sina_concept_primary,2026-07-31,existing_snapshot,resolved
300017,网宿科技,电子信息,电商概念;股权激励;信息安全,电子信息,Sina concept constituents 2026-07-31 snapshot,medium,sina_industry_primary,业绩预升,LOCAL-SINA-INDUSTRY-20260731;LOCAL-SINA-CONCEPT-20260731;CNINFO-INDUSTRY-FALLBACK;THS-ZYJS-FALLBACK;PHASE-A-MARKET-STATE,,,unclassified,,sina_industry,sina_industry_primary,2026-07-31,existing_snapshot,resolved_theme_unmatched
300142,沃森生物,生物制药,创新药;股权激励;生物疫苗;婴童概念,生物制药,Sina concept constituents 2026-07-31 snapshot,medium,sina_industry_primary,,LOCAL-SINA-INDUSTRY-20260731;LOCAL-SINA-CONCEPT-20260731;CNINFO-INDUSTRY-FALLBACK;THS-ZYJS-FALLBACK;PHASE-A-MARKET-STATE,,,unclassified,,sina_industry,sina_industry_primary,2026-07-31,existing_snapshot,resolved_theme_unmatched
300166,东方国信,电子信息,股权激励;碳中和,电子信息,Sina concept constituents 2026-07-31 snapshot,medium,sina_industry_primary,,LOCAL-SINA-INDUSTRY-20260731;LOCAL-SINA-CONCEPT-20260731;CNINFO-INDUSTRY-FALLBACK;THS-ZYJS-FALLBACK;PHASE-A-MARKET-STATE,,,unclassified,,sina_industry,sina_industry_primary,2026-07-31,existing_snapshot,resolved_theme_unmatched
300221,银禧科技,塑料制品,3D打印;小米概念;业绩预降,塑料制品,Sina concept constituents 2026-07-31 snapshot,medium,sina_industry_primary,,LOCAL-SINA-INDUSTRY-20260731;LOCAL-SINA-CONCEPT-20260731;CNINFO-INDUSTRY-FALLBACK;THS-ZYJS-FALLBACK;PHASE-A-MARKET-STATE,,,unclassified,,sina_industry,sina_industry_primary,2026-07-31,existing_snapshot,resolved_theme_unmatched
300244,迪安诊断,医疗器械,股权激励;基因测序;基因概念,医疗器械,Sina concept constituents 2026-07-31 snapshot,medium,sina_industry_primary,,LOCAL-SINA-INDUSTRY-20260731;LOCAL-SINA-CONCEPT-20260731;CNINFO-INDUSTRY-FALLBACK;THS-ZYJS-FALLBACK;PHASE-A-MARKET-STATE,,,unclassified,,sina_industry,sina_industry_primary,2026-07-31,existing_snapshot,resolved_theme_unmatched
300390,天华新能,电子信息,锂矿,电子信息,Sina concept constituents 2026-07-31 snapshot,medium,sina_industry_primary,,LOCAL-SINA-INDUSTRY-20260731;LOCAL-SINA-CONCEPT-20260731;CNINFO-INDUSTRY-FALLBACK;THS-ZYJS-FALLBACK;PHASE-A-MARKET-STATE,,,unclassified,,sina_industry,sina_industry_primary,2026-07-31,existing_snapshot,resolved_theme_unmatched
300489,光智科技,核电核能,国防军工;核电核能,,Sina concept constituents 2026-07-31 snapshot,medium,sina_concept_primary,,LOCAL-SINA-INDUSTRY-20260731;LOCAL-SINA-CONCEPT-20260731;CNINFO-INDUSTRY-FALLBACK;THS-ZYJS-FALLBACK;PHASE-A-MARKET-STATE,,,unclassified,,sina_concept,sina_concept_primary,2026-07-31,existing_snapshot,resolved_theme_unmatched
300566,激智科技,先进光伏电池修复,TOPCon;光伏;光伏概念,,Sina concept constituents 2026-07-31 snapshot,medium,industry_or_concept_alias_to_frozen_theme:TH-PV,,LOCAL-SINA-INDUSTRY-20260731;LOCAL-SINA-CONCEPT-20260731;CNINFO-INDUSTRY-FALLBACK;THS-ZYJS-FALLBACK;PHASE-A-MARKET-STATE,,TH-PV,secondary-line,,frozen_theme,industry_or_concept_alias_to_frozen_theme:TH-PV,2026-07-31,existing_snapshot,resolved
300604,长川科技,半导体设备,,,Sina concept constituents 2026-07-31 snapshot,medium,cninfo_industry_theme_unmatched,专精特新,LOCAL-SINA-INDUSTRY-20260731;LOCAL-SINA-CONCEPT-20260731;CNINFO-INDUSTRY-FALLBACK;THS-ZYJS-FALLBACK;PHASE-A-MARKET-STATE,半导体设备,,unclassified,半导体设备,cninfo_industry,申银万国行业分类标准|2021-07-30,2021-07-30,cninfo:ok,resolved_theme_unmatched
300661,圣邦股份,无线耳机,无线耳机,,Sina concept constituents 2026-07-31 snapshot,medium,sina_concept_primary,专精特新,LOCAL-SINA-INDUSTRY-20260731;LOCAL-SINA-CONCEPT-20260731;CNINFO-INDUSTRY-FALLBACK;THS-ZYJS-FALLBACK;PHASE-A-MARKET-STATE,,,unclassified,,sina_concept,sina_concept_primary,2026-07-31,existing_snapshot,resolved_theme_unmatched
300668,杰恩股份,工程咨询服务,,,Sina concept constituents 2026-07-31 snapshot,medium,cninfo_industry_theme_unmatched,,LOCAL-SINA-INDUSTRY-20260731;LOCAL-SINA-CONCEPT-20260731;CNINFO-INDUSTRY-FALLBACK;THS-ZYJS-FALLBACK;PHASE-A-MARKET-STATE,工程咨询服务,,unclassified,工程咨询服务,cninfo_industry,申银万国行业分类标准|2021-07-30,2021-07-30,cninfo:ok,resolved_theme_unmatched
300765,石药创新,化学原料药,,,Sina concept constituents 2026-07-31 snapshot,medium,cninfo_industry_theme_unmatched,,LOCAL-SINA-INDUSTRY-20260731;LOCAL-SINA-CONCEPT-20260731;CNINFO-INDUSTRY-FALLBACK;THS-ZYJS-FALLBACK;PHASE-A-MARKET-STATE,化学原料药,,unclassified,化学原料药,cninfo_industry,申银万国行业分类标准(旧)|2019-03-05,2019-03-05,cninfo:ok,resolved_theme_unmatched
300821,东岳硅材,有机硅,,,Sina concept constituents 2026-07-31 snapshot,medium,cninfo_industry_theme_unmatched,,LOCAL-SINA-INDUSTRY-20260731;LOCAL-SINA-CONCEPT-20260731;CNINFO-INDUSTRY-FALLBACK;THS-ZYJS-FALLBACK;PHASE-A-MARKET-STATE,有机硅,,unclassified,有机硅,cninfo_industry,申银万国行业分类标准|2021-07-30,2021-07-30,cninfo:ok,resolved_theme_unmatched
300857,协创数据,消费电子零部件及组装,,,Sina concept constituents 2026-07-31 snapshot,medium,cninfo_industry_theme_unmatched,,LOCAL-SINA-INDUSTRY-20260731;LOCAL-SINA-CONCEPT-20260731;CNINFO-INDUSTRY-FALLBACK;THS-ZYJS-FALLBACK;PHASE-A-MARKET-STATE,消费电子零部件及组装,,unclassified,消费电子零部件及组装,cninfo_industry,申银万国行业分类标准|2021-07-30,2021-07-30,cninfo:ok,resolved_theme_unmatched
300936,中英科技,印制电路板,,,Sina concept constituents 2026-07-31 snapshot,medium,cninfo_industry_theme_unmatched,专精特新,LOCAL-SINA-INDUSTRY-20260731;LOCAL-SINA-CONCEPT-20260731;CNINFO-INDUSTRY-FALLBACK;THS-ZYJS-FALLBACK;PHASE-A-MARKET-STATE,印制电路板,,unclassified,印制电路板,cninfo_industry,申银万国行业分类标准(旧)|2021-01-07,2021-01-07,cninfo:ok,resolved_theme_unmatched
301218,华是科技,软件/数字内容/计算机应用,,,Sina concept constituents 2026-07-31 snapshot,medium,business_alias_to_frozen_theme:TH-SOFTWARE,专精特新,LOCAL-SINA-INDUSTRY-20260731;LOCAL-SINA-CONCEPT-20260731;CNINFO-INDUSTRY-FALLBACK;THS-ZYJS-FALLBACK;PHASE-A-MARKET-STATE,软件开发,TH-SOFTWARE,current-mainline-continuation,软件开发,cninfo_industry,申银万国行业分类标准(旧)|2021-08-20,2021-08-20,cninfo:ok,resolved_theme_unmatched
301345,涛涛车业,其他交运设备,,,Sina concept constituents 2026-07-31 snapshot,medium,cninfo_industry_theme_unmatched,,LOCAL-SINA-INDUSTRY-20260731;LOCAL-SINA-CONCEPT-20260731;CNINFO-INDUSTRY-FALLBACK;THS-ZYJS-FALLBACK;PHASE-A-MARKET-STATE,其他交运设备,,unclassified,其他交运设备,cninfo_industry,申银万国行业分类标准(旧)|2021-07-02,2021-07-02,cninfo:ok,resolved_theme_unmatched
301373,凌玮科技,其他化学制品,,,Sina concept constituents 2026-07-31 snapshot,medium,cninfo_industry_theme_unmatched,,LOCAL-SINA-INDUSTRY-20260731;LOCAL-SINA-CONCEPT-20260731;CNINFO-INDUSTRY-FALLBACK;THS-ZYJS-FALLBACK;PHASE-A-MARKET-STATE,其他化学制品,,unclassified,其他化学制品,cninfo_industry,申银万国行业分类标准(旧)|2021-07-09,2021-07-09,cninfo:ok,resolved_theme_unmatched
301626,苏州天脉,汽车零部件/整车,,,Sina concept constituents 2026-07-31 snapshot,medium,ths_business_keyword_theme_unmatched,,LOCAL-SINA-INDUSTRY-20260731;LOCAL-SINA-CONCEPT-20260731;CNINFO-INDUSTRY-FALLBACK;THS-ZYJS-FALLBACK;PHASE-A-MARKET-STATE,汽车零部件/整车,,unclassified,汽车零部件/整车,ths_business_keyword,热管理材料及器件的研发、生产及销售。,2026-07-31,cninfo:error;ths_zyjs:ok,resolved_theme_unmatched
600025,华能水电,水电,,,Sina concept constituents 2026-07-31 snapshot,medium,cninfo_industry_theme_unmatched,,LOCAL-SINA-INDUSTRY-20260731;LOCAL-SINA-CONCEPT-20260731;CNINFO-INDUSTRY-FALLBACK;THS-ZYJS-FALLBACK;PHASE-A-MARKET-STATE,水电,,unclassified,水电,cninfo_industry,申银万国行业分类标准(旧)|2017-11-06,2017-11-06,cninfo:ok,resolved_theme_unmatched
600176,中国巨石,玻璃行业,出口退税,玻璃行业,Sina concept constituents 2026-07-31 snapshot,medium,sina_industry_primary,社保重仓,LOCAL-SINA-INDUSTRY-20260731;LOCAL-SINA-CONCEPT-20260731;CNINFO-INDUSTRY-FALLBACK;THS-ZYJS-FALLBACK;PHASE-A-MARKET-STATE,,,unclassified,,sina_industry,sina_industry_primary,2026-07-31,existing_snapshot,resolved_theme_unmatched
600179,安通控股,煤炭行业,海南自贸;摘帽概念,煤炭行业,Sina concept constituents 2026-07-31 snapshot,medium,sina_industry_primary,融资融券,LOCAL-SINA-INDUSTRY-20260731;LOCAL-SINA-CONCEPT-20260731;CNINFO-INDUSTRY-FALLBACK;THS-ZYJS-FALLBACK;PHASE-A-MARKET-STATE,,,unclassified,,sina_industry,sina_industry_primary,2026-07-31,existing_snapshot,resolved_theme_unmatched
600201,生物股份,生物制药,甲型流感;生物疫苗,生物制药,Sina concept constituents 2026-07-31 snapshot,medium,sina_industry_primary,,LOCAL-SINA-INDUSTRY-20260731;LOCAL-SINA-CONCEPT-20260731;CNINFO-INDUSTRY-FALLBACK;THS-ZYJS-FALLBACK;PHASE-A-MARKET-STATE,,,unclassified,,sina_industry,sina_industry_primary,2026-07-31,existing_snapshot,resolved_theme_unmatched
600267,海正药业,生物制药,保险重仓;超级细菌;出口退税;创新药;仿制药;基金重仓;抗癌;免疫治疗;生物疫苗,生物制药,Sina concept constituents 2026-07-31 snapshot,medium,sina_industry_primary,融资融券;社保重仓,LOCAL-SINA-INDUSTRY-20260731;LOCAL-SINA-CONCEPT-20260731;CNINFO-INDUSTRY-FALLBACK;THS-ZYJS-FALLBACK;PHASE-A-MARKET-STATE,,,unclassified,,sina_industry,sina_industry_primary,2026-07-31,existing_snapshot,resolved_theme_unmatched
600312,平高电气,发电设备,智能电网,发电设备,Sina concept constituents 2026-07-31 snapshot,medium,sina_industry_primary,融资融券,LOCAL-SINA-INDUSTRY-20260731;LOCAL-SINA-CONCEPT-20260731;CNINFO-INDUSTRY-FALLBACK;THS-ZYJS-FALLBACK;PHASE-A-MARKET-STATE,,,unclassified,,sina_industry,sina_industry_primary,2026-07-31,existing_snapshot,resolved_theme_unmatched
600350,山东高速,公路桥梁,参股金融;东亚自贸;金融参股;污水处理;自贸区,公路桥梁,Sina concept constituents 2026-07-31 snapshot,medium,sina_industry_primary,,LOCAL-SINA-INDUSTRY-20260731;LOCAL-SINA-CONCEPT-20260731;CNINFO-INDUSTRY-FALLBACK;THS-ZYJS-FALLBACK;PHASE-A-MARKET-STATE,,,unclassified,,sina_industry,sina_industry_primary,2026-07-31,existing_snapshot,resolved_theme_unmatched
600351,亚宝药业,生物制药,创新药;民营银行;生物疫苗;婴童概念,生物制药,Sina concept constituents 2026-07-31 snapshot,medium,sina_industry_primary,,LOCAL-SINA-INDUSTRY-20260731;LOCAL-SINA-CONCEPT-20260731;CNINFO-INDUSTRY-FALLBACK;THS-ZYJS-FALLBACK;PHASE-A-MARKET-STATE,,,unclassified,,sina_industry,sina_industry_primary,2026-07-31,existing_snapshot,resolved_theme_unmatched
600362,江西铜业,有色金属,含H股;稀缺资源;业绩预降;资产注入;整体上市,有色金属,Sina concept constituents 2026-07-31 snapshot,medium,sina_industry_primary,融资融券,LOCAL-SINA-INDUSTRY-20260731;LOCAL-SINA-CONCEPT-20260731;CNINFO-INDUSTRY-FALLBACK;THS-ZYJS-FALLBACK;PHASE-A-MARKET-STATE,,,unclassified,,sina_industry,sina_industry_primary,2026-07-31,existing_snapshot,resolved_theme_unmatched
600497,驰宏锌锗,有色金属,稀缺资源;资产注入,有色金属,Sina concept constituents 2026-07-31 snapshot,medium,sina_industry_primary,融资融券,LOCAL-SINA-INDUSTRY-20260731;LOCAL-SINA-CONCEPT-20260731;CNINFO-INDUSTRY-FALLBACK;THS-ZYJS-FALLBACK;PHASE-A-MARKET-STATE,,,unclassified,,sina_industry,sina_industry_primary,2026-07-31,existing_snapshot,resolved_theme_unmatched
600566,济川药业,生物制药,节能环保,生物制药,Sina concept constituents 2026-07-31 snapshot,medium,sina_industry_primary,,LOCAL-SINA-INDUSTRY-20260731;LOCAL-SINA-CONCEPT-20260731;CNINFO-INDUSTRY-FALLBACK;THS-ZYJS-FALLBACK;PHASE-A-MARKET-STATE,,,unclassified,,sina_industry,sina_industry_primary,2026-07-31,existing_snapshot,resolved_theme_unmatched
600673,东阳光,有色金属,光伏概念;资产注入,有色金属,Sina concept constituents 2026-07-31 snapshot,medium,sina_industry_primary,,LOCAL-SINA-INDUSTRY-20260731;LOCAL-SINA-CONCEPT-20260731;CNINFO-INDUSTRY-FALLBACK;THS-ZYJS-FALLBACK;PHASE-A-MARKET-STATE,,,unclassified,,sina_industry,sina_industry_primary,2026-07-31,existing_snapshot,resolved_theme_unmatched
600851,海欣股份,纺织行业,参股金融;创新药;含B股;金融参股;金融改革;抗癌;免疫治疗;上海本地;生物疫苗,纺织行业,Sina concept constituents 2026-07-31 snapshot,medium,sina_industry_primary,,LOCAL-SINA-INDUSTRY-20260731;LOCAL-SINA-CONCEPT-20260731;CNINFO-INDUSTRY-FALLBACK;THS-ZYJS-FALLBACK;PHASE-A-MARKET-STATE,,,unclassified,,sina_industry,sina_industry_primary,2026-07-31,existing_snapshot,resolved_theme_unmatched
600901,江苏金租,租赁,,,Sina concept constituents 2026-07-31 snapshot,medium,cninfo_industry_theme_unmatched,,LOCAL-SINA-INDUSTRY-20260731;LOCAL-SINA-CONCEPT-20260731;CNINFO-INDUSTRY-FALLBACK;THS-ZYJS-FALLBACK;PHASE-A-MARKET-STATE,租赁,,unclassified,租赁,cninfo_industry,申银万国行业分类标准|2021-07-30,2021-07-30,cninfo:ok,resolved_theme_unmatched
600909,华安证券,证券,,,Sina concept constituents 2026-07-31 snapshot,medium,cninfo_industry_theme_unmatched,,LOCAL-SINA-INDUSTRY-20260731;LOCAL-SINA-CONCEPT-20260731;CNINFO-INDUSTRY-FALLBACK;THS-ZYJS-FALLBACK;PHASE-A-MARKET-STATE,证券,,unclassified,证券,cninfo_industry,申银万国行业分类标准(旧)|2016-11-15,2016-11-15,cninfo:ok,resolved_theme_unmatched
600998,九州通,商业百货,民营银行;民营医院;武汉规划,商业百货,Sina concept constituents 2026-07-31 snapshot,medium,sina_industry_primary,,LOCAL-SINA-INDUSTRY-20260731;LOCAL-SINA-CONCEPT-20260731;CNINFO-INDUSTRY-FALLBACK;THS-ZYJS-FALLBACK;PHASE-A-MARKET-STATE,,,unclassified,,sina_industry,sina_industry_primary,2026-07-31,existing_snapshot,resolved_theme_unmatched
600999,招商证券,金融行业,含H股;前海概念;央企50,金融行业,Sina concept constituents 2026-07-31 snapshot,medium,sina_industry_primary,融资融券,LOCAL-SINA-INDUSTRY-20260731;LOCAL-SINA-CONCEPT-20260731;CNINFO-INDUSTRY-FALLBACK;THS-ZYJS-FALLBACK;PHASE-A-MARKET-STATE,,,unclassified,,sina_industry,sina_industry_primary,2026-07-31,existing_snapshot,resolved_theme_unmatched
601100,恒立液压,机械行业,,机械行业,Sina concept constituents 2026-07-31 snapshot,medium,sina_industry_primary,,LOCAL-SINA-INDUSTRY-20260731;LOCAL-SINA-CONCEPT-20260731;CNINFO-INDUSTRY-FALLBACK;THS-ZYJS-FALLBACK;PHASE-A-MARKET-STATE,,,unclassified,,sina_industry,sina_industry_primary,2026-07-31,existing_snapshot,resolved_theme_unmatched
601108,财通证券,证券,,,Sina concept constituents 2026-07-31 snapshot,medium,cninfo_industry_theme_unmatched,,LOCAL-SINA-INDUSTRY-20260731;LOCAL-SINA-CONCEPT-20260731;CNINFO-INDUSTRY-FALLBACK;THS-ZYJS-FALLBACK;PHASE-A-MARKET-STATE,证券,,unclassified,证券,cninfo_industry,申银万国行业分类标准(旧)|2017-09-26,2017-09-26,cninfo:ok,resolved_theme_unmatched
601225,陕西煤业,煤炭行业,,煤炭行业,Sina concept constituents 2026-07-31 snapshot,medium,sina_industry_primary,,LOCAL-SINA-INDUSTRY-20260731;LOCAL-SINA-CONCEPT-20260731;CNINFO-INDUSTRY-FALLBACK;THS-ZYJS-FALLBACK;PHASE-A-MARKET-STATE,,,unclassified,,sina_industry,sina_industry_primary,2026-07-31,existing_snapshot,resolved_theme_unmatched
603031,安孚科技,超市,,,Sina concept constituents 2026-07-31 snapshot,medium,cninfo_industry_theme_unmatched,,LOCAL-SINA-INDUSTRY-20260731;LOCAL-SINA-CONCEPT-20260731;CNINFO-INDUSTRY-FALLBACK;THS-ZYJS-FALLBACK;PHASE-A-MARKET-STATE,超市,,unclassified,超市,cninfo_industry,申银万国行业分类标准(旧)|2018-12-26,2018-12-26,cninfo:ok,resolved_theme_unmatched
603067,振华股份,钒电池,电解液;钒电池,,Sina concept constituents 2026-07-31 snapshot,medium,sina_concept_primary,,LOCAL-SINA-INDUSTRY-20260731;LOCAL-SINA-CONCEPT-20260731;CNINFO-INDUSTRY-FALLBACK;THS-ZYJS-FALLBACK;PHASE-A-MARKET-STATE,,,unclassified,,sina_concept,sina_concept_primary,2026-07-31,existing_snapshot,resolved_theme_unmatched
603226,菲林格尔,瓷砖地板,,,Sina concept constituents 2026-07-31 snapshot,medium,cninfo_industry_theme_unmatched,,LOCAL-SINA-INDUSTRY-20260731;LOCAL-SINA-CONCEPT-20260731;CNINFO-INDUSTRY-FALLBACK;THS-ZYJS-FALLBACK;PHASE-A-MARKET-STATE,瓷砖地板,,unclassified,瓷砖地板,cninfo_industry,申银万国行业分类标准|2021-07-30,2021-07-30,cninfo:ok,resolved_theme_unmatched
603268,松发股份,陶瓷行业,,陶瓷行业,Sina concept constituents 2026-07-31 snapshot,medium,sina_industry_primary,,LOCAL-SINA-INDUSTRY-20260731;LOCAL-SINA-CONCEPT-20260731;CNINFO-INDUSTRY-FALLBACK;THS-ZYJS-FALLBACK;PHASE-A-MARKET-STATE,,,unclassified,,sina_industry,sina_industry_primary,2026-07-31,existing_snapshot,resolved_theme_unmatched
603303,得邦照明,照明设备,,,Sina concept constituents 2026-07-31 snapshot,medium,cninfo_industry_theme_unmatched,,LOCAL-SINA-INDUSTRY-20260731;LOCAL-SINA-CONCEPT-20260731;CNINFO-INDUSTRY-FALLBACK;THS-ZYJS-FALLBACK;PHASE-A-MARKET-STATE,照明设备,,unclassified,照明设备,cninfo_industry,申银万国行业分类标准|2021-07-30,2021-07-30,cninfo:ok,resolved_theme_unmatched
603379,三美股份,氟化工及制冷剂,,,Sina concept constituents 2026-07-31 snapshot,medium,cninfo_industry_theme_unmatched,,LOCAL-SINA-INDUSTRY-20260731;LOCAL-SINA-CONCEPT-20260731;CNINFO-INDUSTRY-FALLBACK;THS-ZYJS-FALLBACK;PHASE-A-MARKET-STATE,氟化工及制冷剂,,unclassified,氟化工及制冷剂,cninfo_industry,申银万国行业分类标准(旧)|2019-03-13,2019-03-13,cninfo:ok,resolved_theme_unmatched
603466,风语筑,其他数字媒体,,,Sina concept constituents 2026-07-31 snapshot,medium,cninfo_industry_theme_unmatched,,LOCAL-SINA-INDUSTRY-20260731;LOCAL-SINA-CONCEPT-20260731;CNINFO-INDUSTRY-FALLBACK;THS-ZYJS-FALLBACK;PHASE-A-MARKET-STATE,其他数字媒体,,unclassified,其他数字媒体,cninfo_industry,申银万国行业分类标准|2022-01-14,2022-01-14,cninfo:ok,resolved_theme_unmatched
603608,天创时尚,鞋帽,,,Sina concept constituents 2026-07-31 snapshot,medium,cninfo_industry_theme_unmatched,,LOCAL-SINA-INDUSTRY-20260731;LOCAL-SINA-CONCEPT-20260731;CNINFO-INDUSTRY-FALLBACK;THS-ZYJS-FALLBACK;PHASE-A-MARKET-STATE,鞋帽,,unclassified,鞋帽,cninfo_industry,申银万国行业分类标准(旧)|2016-01-22,2016-01-22,cninfo:ok,resolved_theme_unmatched
603629,利通电子,消费电子零部件及组装,,,Sina concept constituents 2026-07-31 snapshot,medium,cninfo_industry_theme_unmatched,,LOCAL-SINA-INDUSTRY-20260731;LOCAL-SINA-CONCEPT-20260731;CNINFO-INDUSTRY-FALLBACK;THS-ZYJS-FALLBACK;PHASE-A-MARKET-STATE,消费电子零部件及组装,,unclassified,消费电子零部件及组装,cninfo_industry,申银万国行业分类标准|2021-07-30,2021-07-30,cninfo:ok,resolved_theme_unmatched
603669,灵康药业,其它行业,,其它行业,Sina concept constituents 2026-07-31 snapshot,medium,sina_industry_primary,,LOCAL-SINA-INDUSTRY-20260731;LOCAL-SINA-CONCEPT-20260731;CNINFO-INDUSTRY-FALLBACK;THS-ZYJS-FALLBACK;PHASE-A-MARKET-STATE,,,unclassified,,sina_industry,sina_industry_primary,2026-07-31,existing_snapshot,resolved_theme_unmatched
603738,泰晶科技,华为海思,华为海思,,Sina concept constituents 2026-07-31 snapshot,medium,sina_concept_primary,专精特新,LOCAL-SINA-INDUSTRY-20260731;LOCAL-SINA-CONCEPT-20260731;CNINFO-INDUSTRY-FALLBACK;THS-ZYJS-FALLBACK;PHASE-A-MARKET-STATE,,,unclassified,,sina_concept,sina_concept_primary,2026-07-31,existing_snapshot,resolved_theme_unmatched
603989,艾华集团,其它行业,,其它行业,Sina concept constituents 2026-07-31 snapshot,medium,sina_industry_primary,,LOCAL-SINA-INDUSTRY-20260731;LOCAL-SINA-CONCEPT-20260731;CNINFO-INDUSTRY-FALLBACK;THS-ZYJS-FALLBACK;PHASE-A-MARKET-STATE,,,unclassified,,sina_industry,sina_industry_primary,2026-07-31,existing_snapshot,resolved_theme_unmatched
605186,健麾信息,自动化/机器人修复,,,Sina concept constituents 2026-07-31 snapshot,medium,business_alias_to_frozen_theme:TH-AUTO,,LOCAL-SINA-INDUSTRY-20260731;LOCAL-SINA-CONCEPT-20260731;CNINFO-INDUSTRY-FALLBACK;THS-ZYJS-FALLBACK;PHASE-A-MARKET-STATE,其他自动化设备,TH-AUTO,secondary-line,其他自动化设备,cninfo_industry,申银万国行业分类标准|2021-07-30,2021-07-30,cninfo:ok,resolved_theme_unmatched
605287,德才股份,装修装饰,,,Sina concept constituents 2026-07-31 snapshot,medium,cninfo_industry_theme_unmatched,,LOCAL-SINA-INDUSTRY-20260731;LOCAL-SINA-CONCEPT-20260731;CNINFO-INDUSTRY-FALLBACK;THS-ZYJS-FALLBACK;PHASE-A-MARKET-STATE,装修装饰,,unclassified,装修装饰,cninfo_industry,申银万国行业分类标准(旧)|2021-06-16,2021-06-16,cninfo:ok,resolved_theme_unmatched
688126,沪硅产业,半导体材料,,,Sina concept constituents 2026-07-31 snapshot,medium,cninfo_industry_theme_unmatched,,LOCAL-SINA-INDUSTRY-20260731;LOCAL-SINA-CONCEPT-20260731;CNINFO-INDUSTRY-FALLBACK;THS-ZYJS-FALLBACK;PHASE-A-MARKET-STATE,半导体材料,,unclassified,半导体材料,cninfo_industry,申银万国行业分类标准(旧)|2020-03-31,2020-03-31,cninfo:ok,resolved_theme_unmatched
688160,步科股份,工控设备,,,Sina concept constituents 2026-07-31 snapshot,medium,cninfo_industry_theme_unmatched,,LOCAL-SINA-INDUSTRY-20260731;LOCAL-SINA-CONCEPT-20260731;CNINFO-INDUSTRY-FALLBACK;THS-ZYJS-FALLBACK;PHASE-A-MARKET-STATE,工控设备,,unclassified,工控设备,cninfo_industry,申银万国行业分类标准|2021-07-30,2021-07-30,cninfo:ok,resolved_theme_unmatched
688163,赛伦生物,生物制品,,,Sina concept constituents 2026-07-31 snapshot,medium,cninfo_industry_theme_unmatched,,LOCAL-SINA-INDUSTRY-20260731;LOCAL-SINA-CONCEPT-20260731;CNINFO-INDUSTRY-FALLBACK;THS-ZYJS-FALLBACK;PHASE-A-MARKET-STATE,生物制品,,unclassified,生物制品,cninfo_industry,申银万国行业分类标准(旧)|2021-08-26,2021-08-26,cninfo:ok,resolved_theme_unmatched
688172,燕东微,半导体,,,Sina concept constituents 2026-07-31 snapshot,medium,ths_business_keyword_theme_unmatched,,LOCAL-SINA-INDUSTRY-20260731;LOCAL-SINA-CONCEPT-20260731;CNINFO-INDUSTRY-FALLBACK;THS-ZYJS-FALLBACK;PHASE-A-MARKET-STATE,半导体,,unclassified,半导体,ths_business_keyword,分立器件及模拟集成电路、高稳定集成电路及器件的设计、生产及销售，以及提供开放式晶圆制造、封装测试等服务。,2026-07-31,cninfo:error;ths_zyjs:ok,resolved_theme_unmatched
688183,生益电子,印制电路板,,,Sina concept constituents 2026-07-31 snapshot,medium,cninfo_industry_theme_unmatched,,LOCAL-SINA-INDUSTRY-20260731;LOCAL-SINA-CONCEPT-20260731;CNINFO-INDUSTRY-FALLBACK;THS-ZYJS-FALLBACK;PHASE-A-MARKET-STATE,印制电路板,,unclassified,印制电路板,cninfo_industry,申银万国行业分类标准(旧)|2021-01-29,2021-01-29,cninfo:ok,resolved_theme_unmatched
688227,品高股份,软件/数字内容/计算机应用,,,Sina concept constituents 2026-07-31 snapshot,medium,business_alias_to_frozen_theme:TH-SOFTWARE,,LOCAL-SINA-INDUSTRY-20260731;LOCAL-SINA-CONCEPT-20260731;CNINFO-INDUSTRY-FALLBACK;THS-ZYJS-FALLBACK;PHASE-A-MARKET-STATE,IT服务,TH-SOFTWARE,current-mainline-continuation,IT服务,cninfo_industry,申银万国行业分类标准|2021-12-14,2021-12-14,cninfo:ok,resolved_theme_unmatched
688256,寒武纪,数字芯片设计,,,Sina concept constituents 2026-07-31 snapshot,medium,cninfo_industry_theme_unmatched,,LOCAL-SINA-INDUSTRY-20260731;LOCAL-SINA-CONCEPT-20260731;CNINFO-INDUSTRY-FALLBACK;THS-ZYJS-FALLBACK;PHASE-A-MARKET-STATE,数字芯片设计,,unclassified,数字芯片设计,cninfo_industry,申银万国行业分类标准|2021-07-30,2021-07-30,cninfo:ok,resolved_theme_unmatched
688258,卓易信息,软件/数字内容/计算机应用,,,Sina concept constituents 2026-07-31 snapshot,medium,business_alias_to_frozen_theme:TH-SOFTWARE,,LOCAL-SINA-INDUSTRY-20260731;LOCAL-SINA-CONCEPT-20260731;CNINFO-INDUSTRY-FALLBACK;THS-ZYJS-FALLBACK;PHASE-A-MARKET-STATE,IT服务,TH-SOFTWARE,current-mainline-continuation,IT服务,cninfo_industry,申银万国行业分类标准|2021-07-30,2021-07-30,cninfo:ok,resolved_theme_unmatched
688322,奥比中光,光学元件,,,Sina concept constituents 2026-07-31 snapshot,medium,cninfo_industry_theme_unmatched,,LOCAL-SINA-INDUSTRY-20260731;LOCAL-SINA-CONCEPT-20260731;CNINFO-INDUSTRY-FALLBACK;THS-ZYJS-FALLBACK;PHASE-A-MARKET-STATE,光学元件,,unclassified,光学元件,cninfo_industry,申银万国行业分类标准|2022-07-08,2022-07-08,cninfo:ok,resolved_theme_unmatched
688392,骄成超声,半导体,,,Sina concept constituents 2026-07-31 snapshot,medium,ths_business_keyword_theme_unmatched,,LOCAL-SINA-INDUSTRY-20260731;LOCAL-SINA-CONCEPT-20260731;CNINFO-INDUSTRY-FALLBACK;THS-ZYJS-FALLBACK;PHASE-A-MARKET-STATE,半导体,,unclassified,半导体,ths_business_keyword,超声波设备的研发、设计、生产与销售。,2026-07-31,cninfo:error;ths_zyjs:ok,resolved_theme_unmatched
688456,有研粉材,铜,,,Sina concept constituents 2026-07-31 snapshot,medium,cninfo_industry_theme_unmatched,,LOCAL-SINA-INDUSTRY-20260731;LOCAL-SINA-CONCEPT-20260731;CNINFO-INDUSTRY-FALLBACK;THS-ZYJS-FALLBACK;PHASE-A-MARKET-STATE,铜,,unclassified,铜,cninfo_industry,申银万国行业分类标准(旧)|2021-02-26,2021-02-26,cninfo:ok,resolved_theme_unmatched
688479,友车科技,软件/数字内容/计算机应用,,,Sina concept constituents 2026-07-31 snapshot,medium,business_alias_to_frozen_theme:TH-SOFTWARE,,LOCAL-SINA-INDUSTRY-20260731;LOCAL-SINA-CONCEPT-20260731;CNINFO-INDUSTRY-FALLBACK;THS-ZYJS-FALLBACK;PHASE-A-MARKET-STATE,IT服务,TH-SOFTWARE,current-mainline-continuation,IT服务,cninfo_industry,申银万国行业分类标准(旧)|2021-06-28,2021-06-28,cninfo:ok,resolved_theme_unmatched
688480,赛恩斯,有色金属/战略资源,,,Sina concept constituents 2026-07-31 snapshot,medium,ths_business_keyword_theme_unmatched,,LOCAL-SINA-INDUSTRY-20260731;LOCAL-SINA-CONCEPT-20260731;CNINFO-INDUSTRY-FALLBACK;THS-ZYJS-FALLBACK;PHASE-A-MARKET-STATE,有色金属/战略资源,,unclassified,有色金属/战略资源,ths_business_keyword,从事重金属污染防治。,2026-07-31,cninfo:error;ths_zyjs:ok,resolved_theme_unmatched
688485,九州一轨,环保工程及服务,,,Sina concept constituents 2026-07-31 snapshot,medium,cninfo_industry_theme_unmatched,,LOCAL-SINA-INDUSTRY-20260731;LOCAL-SINA-CONCEPT-20260731;CNINFO-INDUSTRY-FALLBACK;THS-ZYJS-FALLBACK;PHASE-A-MARKET-STATE,环保工程及服务,,unclassified,环保工程及服务,cninfo_industry,申银万国行业分类标准(旧)|2021-06-28,2021-06-28,cninfo:ok,resolved_theme_unmatched
688507,索辰科技,软件/数字内容/计算机应用,,,Sina concept constituents 2026-07-31 snapshot,medium,business_alias_to_frozen_theme:TH-SOFTWARE,,LOCAL-SINA-INDUSTRY-20260731;LOCAL-SINA-CONCEPT-20260731;CNINFO-INDUSTRY-FALLBACK;THS-ZYJS-FALLBACK;PHASE-A-MARKET-STATE,软件开发/IT服务,TH-SOFTWARE,current-mainline-continuation,软件开发/IT服务,ths_business_keyword,CAE软件研发、销售和服务。,2026-07-31,cninfo:error;ths_zyjs:ok,resolved_theme_unmatched
688530,欧莱新材,有色金属/战略资源,,,Sina concept constituents 2026-07-31 snapshot,medium,ths_business_keyword_theme_unmatched,,LOCAL-SINA-INDUSTRY-20260731;LOCAL-SINA-CONCEPT-20260731;CNINFO-INDUSTRY-FALLBACK;THS-ZYJS-FALLBACK;PHASE-A-MARKET-STATE,有色金属/战略资源,,unclassified,有色金属/战略资源,ths_business_keyword,高性能溅射靶材的研发、生产和销售。,2026-07-31,cninfo:error;ths_zyjs:ok,resolved_theme_unmatched
688668,鼎通科技,通信网络设备及器件,,,Sina concept constituents 2026-07-31 snapshot,medium,cninfo_industry_theme_unmatched,,LOCAL-SINA-INDUSTRY-20260731;LOCAL-SINA-CONCEPT-20260731;CNINFO-INDUSTRY-FALLBACK;THS-ZYJS-FALLBACK;PHASE-A-MARKET-STATE,通信网络设备及器件,,unclassified,通信网络设备及器件,cninfo_industry,申银万国行业分类标准|2021-07-30,2021-07-30,cninfo:ok,resolved_theme_unmatched
688677,海泰新光,医疗设备,,,Sina concept constituents 2026-07-31 snapshot,medium,cninfo_industry_theme_unmatched,,LOCAL-SINA-INDUSTRY-20260731;LOCAL-SINA-CONCEPT-20260731;CNINFO-INDUSTRY-FALLBACK;THS-ZYJS-FALLBACK;PHASE-A-MARKET-STATE,医疗设备,,unclassified,医疗设备,cninfo_industry,申银万国行业分类标准|2021-07-30,2021-07-30,cninfo:ok,resolved_theme_unmatched
688981,中芯国际,集成电路制造,,,Sina concept constituents 2026-07-31 snapshot,medium,cninfo_industry_theme_unmatched,,LOCAL-SINA-INDUSTRY-20260731;LOCAL-SINA-CONCEPT-20260731;CNINFO-INDUSTRY-FALLBACK;THS-ZYJS-FALLBACK;PHASE-A-MARKET-STATE,集成电路制造,,unclassified,集成电路制造,cninfo_industry,申银万国行业分类标准|2021-07-30,2021-07-30,cninfo:ok,resolved_theme_unmatched
001257,盛龙股份,有色金属/战略资源,,次新股,Sina concept constituents 2026-07-31 snapshot,medium,ths_business_keyword_theme_unmatched,次新股,LOCAL-SINA-INDUSTRY-20260731;LOCAL-SINA-CONCEPT-20260731;CNINFO-INDUSTRY-FALLBACK;THS-ZYJS-FALLBACK;PHASE-A-MARKET-STATE,有色金属/战略资源,,unclassified,有色金属/战略资源,ths_business_keyword,重要战略资源钼相关产品的生产、加工、销售。,2026-07-31,cninfo:error;ths_zyjs:ok,resolved_theme_unmatched
301638,南网数字,电力/公用事业,,次新股,Sina concept constituents 2026-07-31 snapshot,medium,ths_business_keyword_theme_unmatched,次新股,LOCAL-SINA-INDUSTRY-20260731;LOCAL-SINA-CONCEPT-20260731;CNINFO-INDUSTRY-FALLBACK;THS-ZYJS-FALLBACK;PHASE-A-MARKET-STATE,电力/公用事业,,unclassified,电力/公用事业,ths_business_keyword,为电力能源等行业客户提供数字化建设综合解决方案。,2026-07-31,cninfo:error;ths_zyjs:ok,resolved_theme_unmatched
301696,三瑞智能,自动化/机器人修复,,次新股,Sina concept constituents 2026-07-31 snapshot,medium,business_alias_to_frozen_theme:TH-AUTO,次新股,LOCAL-SINA-INDUSTRY-20260731;LOCAL-SINA-CONCEPT-20260731;CNINFO-INDUSTRY-FALLBACK;THS-ZYJS-FALLBACK;PHASE-A-MARKET-STATE,自动化设备/机器人,TH-AUTO,secondary-line,自动化设备/机器人,ths_business_keyword,无人机电动动力系统及机器人动力系统的研发、生产和销售。,2026-07-31,cninfo:error;ths_zyjs:ok,resolved_theme_unmatched
688783,西安奕材,先进光伏电池修复,,次新股,Sina concept constituents 2026-07-31 snapshot,medium,business_alias_to_frozen_theme:TH-PV,次新股,LOCAL-SINA-INDUSTRY-20260731;LOCAL-SINA-CONCEPT-20260731;CNINFO-INDUSTRY-FALLBACK;THS-ZYJS-FALLBACK;PHASE-A-MARKET-STATE,光伏设备/材料,TH-PV,secondary-line,光伏设备/材料,ths_business_keyword,12英寸硅片的研发、制造和生产。,2026-07-31,cninfo:error;ths_zyjs:ok,resolved_theme_unmatched
688790,昂瑞微,半导体,,次新股,Sina concept constituents 2026-07-31 snapshot,medium,ths_business_keyword_theme_unmatched,次新股,LOCAL-SINA-INDUSTRY-20260731;LOCAL-SINA-CONCEPT-20260731;CNINFO-INDUSTRY-FALLBACK;THS-ZYJS-FALLBACK;PHASE-A-MARKET-STATE,半导体,,unclassified,半导体,ths_business_keyword,射频、模拟领域的集成电路设计。,2026-07-31,cninfo:error;ths_zyjs:ok,resolved_theme_unmatched
688795,摩尔线程,半导体,,次新股,Sina concept constituents 2026-07-31 snapshot,medium,ths_business_keyword_theme_unmatched,次新股,LOCAL-SINA-INDUSTRY-20260731;LOCAL-SINA-CONCEPT-20260731;CNINFO-INDUSTRY-FALLBACK;THS-ZYJS-FALLBACK;PHASE-A-MARKET-STATE,半导体,,unclassified,半导体,ths_business_keyword,GPU及相关产品的研发、设计和销售。,2026-07-31,cninfo:error;ths_zyjs:ok,resolved_theme_unmatched
688802,沐曦股份,软件/数字内容/计算机应用,,次新股,Sina concept constituents 2026-07-31 snapshot,medium,business_alias_to_frozen_theme:TH-SOFTWARE,次新股,LOCAL-SINA-INDUSTRY-20260731;LOCAL-SINA-CONCEPT-20260731;CNINFO-INDUSTRY-FALLBACK;THS-ZYJS-FALLBACK;PHASE-A-MARKET-STATE,半导体,TH-SOFTWARE,current-mainline-continuation,半导体,ths_business_keyword,研发、设计和销售应用于人工智能训练和推理、通用计算与图形渲染领域的全栈GPU产品，并围绕GPU芯片提供配套的软件栈与计算平台。,2026-07-31,cninfo:error;ths_zyjs:ok,resolved_theme_unmatched
002230,科大讯飞,电子信息,安防服务;股权激励;基金重仓;皖江区域;智能穿戴,电子信息,Sina concept constituents 2026-07-31 snapshot,medium,sina_industry_primary,融资融券;业绩预升,LOCAL-SINA-INDUSTRY-20260731;LOCAL-SINA-CONCEPT-20260731;CNINFO-INDUSTRY-FALLBACK;THS-ZYJS-FALLBACK;PHASE-A-MARKET-STATE,,,technical-reversal-only,,sina_industry,sina_industry_primary,2026-07-31,existing_snapshot,resolved_theme_unmatched
002602,世纪华通,软件/数字内容/计算机应用,网络游戏;重组概念,汽车制造,Sina concept constituents 2026-07-31 snapshot,medium,industry_or_concept_alias_to_frozen_theme:TH-SOFTWARE,,LOCAL-SINA-INDUSTRY-20260731;LOCAL-SINA-CONCEPT-20260731;CNINFO-INDUSTRY-FALLBACK;THS-ZYJS-FALLBACK;PHASE-A-MARKET-STATE,,TH-SOFTWARE,current-mainline-continuation,,frozen_theme,industry_or_concept_alias_to_frozen_theme:TH-SOFTWARE,2026-07-31,existing_snapshot,resolved
002615,哈尔斯,钢铁行业,金融改革;体育概念,钢铁行业,Sina concept constituents 2026-07-31 snapshot,medium,sina_industry_primary,业绩预升,LOCAL-SINA-INDUSTRY-20260731;LOCAL-SINA-CONCEPT-20260731;CNINFO-INDUSTRY-FALLBACK;THS-ZYJS-FALLBACK;PHASE-A-MARKET-STATE,,,technical-reversal-only,,sina_industry,sina_industry_primary,2026-07-31,existing_snapshot,resolved_theme_unmatched
300846,首都在线,软件/数字内容/计算机应用,,,Sina concept constituents 2026-07-31 snapshot,medium,business_alias_to_frozen_theme:TH-SOFTWARE,专精特新,LOCAL-SINA-INDUSTRY-20260731;LOCAL-SINA-CONCEPT-20260731;CNINFO-INDUSTRY-FALLBACK;THS-ZYJS-FALLBACK;PHASE-A-MARKET-STATE,IT服务,TH-SOFTWARE,current-mainline-continuation,IT服务,cninfo_industry,申银万国行业分类标准|2021-07-30,2021-07-30,cninfo:ok,resolved_theme_unmatched
300880,迦南智能,高压快充,高压快充,,Sina concept constituents 2026-07-31 snapshot,medium,sina_concept_primary,,LOCAL-SINA-INDUSTRY-20260731;LOCAL-SINA-CONCEPT-20260731;CNINFO-INDUSTRY-FALLBACK;THS-ZYJS-FALLBACK;PHASE-A-MARKET-STATE,,,technical-reversal-only,,sina_concept,sina_concept_primary,2026-07-31,existing_snapshot,resolved_theme_unmatched
300885,海昌新材,金属制品,,,Sina concept constituents 2026-07-31 snapshot,medium,cninfo_industry_theme_unmatched,专精特新,LOCAL-SINA-INDUSTRY-20260731;LOCAL-SINA-CONCEPT-20260731;CNINFO-INDUSTRY-FALLBACK;THS-ZYJS-FALLBACK;PHASE-A-MARKET-STATE,金属制品,,technical-reversal-only,金属制品,cninfo_industry,申银万国行业分类标准|2021-07-30,2021-07-30,cninfo:ok,resolved_theme_unmatched
300992,泰福泵业,自动化/机器人修复,,,Sina concept constituents 2026-07-31 snapshot,medium,business_alias_to_frozen_theme:TH-AUTO,,LOCAL-SINA-INDUSTRY-20260731;LOCAL-SINA-CONCEPT-20260731;CNINFO-INDUSTRY-FALLBACK;THS-ZYJS-FALLBACK;PHASE-A-MARKET-STATE,其它通用机械,TH-AUTO,secondary-line,其它通用机械,cninfo_industry,申银万国行业分类标准(旧)|2021-04-29,2021-04-29,cninfo:ok,resolved_theme_unmatched
301302,华如科技,军工电子,,,Sina concept constituents 2026-07-31 snapshot,medium,cninfo_industry_theme_unmatched,,LOCAL-SINA-INDUSTRY-20260731;LOCAL-SINA-CONCEPT-20260731;CNINFO-INDUSTRY-FALLBACK;THS-ZYJS-FALLBACK;PHASE-A-MARKET-STATE,军工电子,,technical-reversal-only,军工电子,cninfo_industry,申银万国行业分类标准|2022-06-02,2022-06-02,cninfo:ok,resolved_theme_unmatched
301517,陕西华达,先进光伏电池修复,,,Sina concept constituents 2026-07-31 snapshot,medium,business_alias_to_frozen_theme:TH-PV,,LOCAL-SINA-INDUSTRY-20260731;LOCAL-SINA-CONCEPT-20260731;CNINFO-INDUSTRY-FALLBACK;THS-ZYJS-FALLBACK;PHASE-A-MARKET-STATE,光伏设备/材料,TH-PV,secondary-line,光伏设备/材料,ths_business_keyword,电连接器及互连产品的研发、生产和销售。,2026-07-31,cninfo:error;ths_zyjs:ok,resolved_theme_unmatched
688031,星环科技,软件/数字内容/计算机应用,,,Sina concept constituents 2026-07-31 snapshot,medium,business_alias_to_frozen_theme:TH-SOFTWARE,,LOCAL-SINA-INDUSTRY-20260731;LOCAL-SINA-CONCEPT-20260731;CNINFO-INDUSTRY-FALLBACK;THS-ZYJS-FALLBACK;PHASE-A-MARKET-STATE,软件开发/IT服务,TH-SOFTWARE,current-mainline-continuation,软件开发/IT服务,ths_business_keyword,数据的集成、存储、治理、建模、分析、挖掘和流通等数据全生命周期提供基础软件及服务。,2026-07-31,cninfo:error;ths_zyjs:ok,resolved_theme_unmatched
688332,中科蓝讯,数字芯片设计,,,Sina concept constituents 2026-07-31 snapshot,medium,cninfo_industry_theme_unmatched,,LOCAL-SINA-INDUSTRY-20260731;LOCAL-SINA-CONCEPT-20260731;CNINFO-INDUSTRY-FALLBACK;THS-ZYJS-FALLBACK;PHASE-A-MARKET-STATE,数字芯片设计,,technical-reversal-only,数字芯片设计,cninfo_industry,申银万国行业分类标准|2022-07-01,2022-07-01,cninfo:ok,resolved_theme_unmatched
000037,深南电A,电力行业,含B股;深圳本地,电力行业,Sina concept constituents 2026-07-31 snapshot,medium,sina_industry_primary,ST板块,LOCAL-SINA-INDUSTRY-20260731;LOCAL-SINA-CONCEPT-20260731;CNINFO-INDUSTRY-FALLBACK;THS-ZYJS-FALLBACK;PHASE-A-MARKET-STATE,,,technical-reversal-only,,sina_industry,sina_industry_primary,2026-07-31,existing_snapshot,resolved_theme_unmatched
000062,深圳华强,商业百货,分拆上市;互联金融;华为海思;深圳本地,商业百货,Sina concept constituents 2026-07-31 snapshot,medium,sina_industry_primary,业绩预升,LOCAL-SINA-INDUSTRY-20260731;LOCAL-SINA-CONCEPT-20260731;CNINFO-INDUSTRY-FALLBACK;THS-ZYJS-FALLBACK;PHASE-A-MARKET-STATE,,,technical-reversal-only,,sina_industry,sina_industry_primary,2026-07-31,existing_snapshot,resolved_theme_unmatched
000089,深圳机场,交通运输,前海概念;深圳本地;整体上市,交通运输,Sina concept constituents 2026-07-31 snapshot,medium,sina_industry_primary,,LOCAL-SINA-INDUSTRY-20260731;LOCAL-SINA-CONCEPT-20260731;CNINFO-INDUSTRY-FALLBACK;THS-ZYJS-FALLBACK;PHASE-A-MARKET-STATE,,,technical-reversal-only,,sina_industry,sina_industry_primary,2026-07-31,existing_snapshot,resolved_theme_unmatched
000096,广聚能源,石油行业,深圳本地;油气改革,石油行业,Sina concept constituents 2026-07-31 snapshot,medium,sina_industry_primary,,LOCAL-SINA-INDUSTRY-20260731;LOCAL-SINA-CONCEPT-20260731;CNINFO-INDUSTRY-FALLBACK;THS-ZYJS-FALLBACK;PHASE-A-MARKET-STATE,,,technical-reversal-only,,sina_industry,sina_industry_primary,2026-07-31,existing_snapshot,resolved_theme_unmatched
000426,兴业银锡,有色金属,参股金融;信托重仓,有色金属,Sina concept constituents 2026-07-31 snapshot,medium,sina_industry_primary,,LOCAL-SINA-INDUSTRY-20260731;LOCAL-SINA-CONCEPT-20260731;CNINFO-INDUSTRY-FALLBACK;THS-ZYJS-FALLBACK;PHASE-A-MARKET-STATE,,,technical-reversal-only,,sina_industry,sina_industry_primary,2026-07-31,existing_snapshot,resolved_theme_unmatched
000504,南华生物,传媒娱乐,免疫治疗;文化振兴;信托重仓;重组概念,传媒娱乐,Sina concept constituents 2026-07-31 snapshot,medium,sina_industry_primary,ST板块,LOCAL-SINA-INDUSTRY-20260731;LOCAL-SINA-CONCEPT-20260731;CNINFO-INDUSTRY-FALLBACK;THS-ZYJS-FALLBACK;PHASE-A-MARKET-STATE,,TH-SOFTWARE,current-mainline-continuation,,frozen_theme,sina_industry_primary,2026-07-31,existing_snapshot,resolved
000547,航天发展,电子信息,国防军工;海峡西岸;军工航天;军民融合;金融参股;涉矿概念,电子信息,Sina concept constituents 2026-07-31 snapshot,medium,sina_industry_primary,,LOCAL-SINA-INDUSTRY-20260731;LOCAL-SINA-CONCEPT-20260731;CNINFO-INDUSTRY-FALLBACK;THS-ZYJS-FALLBACK;PHASE-A-MARKET-STATE,,,technical-reversal-only,,sina_industry,sina_industry_primary,2026-07-31,existing_snapshot,resolved_theme_unmatched
000592,平潭发展,农林牧渔,参股金融;海峡西岸;金融改革;赛马概念,农林牧渔,Sina concept constituents 2026-07-31 snapshot,medium,sina_industry_primary,,LOCAL-SINA-INDUSTRY-20260731;LOCAL-SINA-CONCEPT-20260731;CNINFO-INDUSTRY-FALLBACK;THS-ZYJS-FALLBACK;PHASE-A-MARKET-STATE,,,technical-reversal-only,,sina_industry,sina_industry_primary,2026-07-31,existing_snapshot,resolved_theme_unmatched
000597,东北制药,生物制药,出口退税;甲型流感;生物疫苗;维生素;准ST股;振兴沈阳,生物制药,Sina concept constituents 2026-07-31 snapshot,medium,sina_industry_primary,,LOCAL-SINA-INDUSTRY-20260731;LOCAL-SINA-CONCEPT-20260731;CNINFO-INDUSTRY-FALLBACK;THS-ZYJS-FALLBACK;PHASE-A-MARKET-STATE,,,technical-reversal-only,,sina_industry,sina_industry_primary,2026-07-31,existing_snapshot,resolved_theme_unmatched
000623,吉林敖东,生物制药,参股金融;创新药;金融参股;券商重仓,生物制药,Sina concept constituents 2026-07-31 snapshot,medium,sina_industry_primary,融资融券,LOCAL-SINA-INDUSTRY-20260731;LOCAL-SINA-CONCEPT-20260731;CNINFO-INDUSTRY-FALLBACK;THS-ZYJS-FALLBACK;PHASE-A-MARKET-STATE,,,technical-reversal-only,,sina_industry,sina_industry_primary,2026-07-31,existing_snapshot,resolved_theme_unmatched
000628,高新发展,开发区,参股金融;成渝特区;股期概念;金融参股,开发区,Sina concept constituents 2026-07-31 snapshot,medium,sina_industry_primary,,LOCAL-SINA-INDUSTRY-20260731;LOCAL-SINA-CONCEPT-20260731;CNINFO-INDUSTRY-FALLBACK;THS-ZYJS-FALLBACK;PHASE-A-MARKET-STATE,,,technical-reversal-only,,sina_industry,sina_industry_primary,2026-07-31,existing_snapshot,resolved_theme_unmatched
000631,顺发恒能,房地产,朝鲜改革;风电;图们江;业绩预降,房地产,Sina concept constituents 2026-07-31 snapshot,medium,sina_industry_primary,,LOCAL-SINA-INDUSTRY-20260731;LOCAL-SINA-CONCEPT-20260731;CNINFO-INDUSTRY-FALLBACK;THS-ZYJS-FALLBACK;PHASE-A-MARKET-STATE,,,technical-reversal-only,,sina_industry,sina_industry_primary,2026-07-31,existing_snapshot,resolved_theme_unmatched
000682,东方电子,发电设备,充电桩;参股金融;分拆上市;黄河三角;节能环保;三板精选;物联网;智能电网,发电设备,Sina concept constituents 2026-07-31 snapshot,medium,sina_industry_primary,,LOCAL-SINA-INDUSTRY-20260731;LOCAL-SINA-CONCEPT-20260731;CNINFO-INDUSTRY-FALLBACK;THS-ZYJS-FALLBACK;PHASE-A-MARKET-STATE,,,technical-reversal-only,,sina_industry,sina_industry_primary,2026-07-31,existing_snapshot,resolved_theme_unmatched
000723,美锦能源,煤炭行业,氢能源;整体上市,煤炭行业,Sina concept constituents 2026-07-31 snapshot,medium,sina_industry_primary,,LOCAL-SINA-INDUSTRY-20260731;LOCAL-SINA-CONCEPT-20260731;CNINFO-INDUSTRY-FALLBACK;THS-ZYJS-FALLBACK;PHASE-A-MARKET-STATE,,,technical-reversal-only,,sina_industry,sina_industry_primary,2026-07-31,existing_snapshot,resolved_theme_unmatched
000728,国元证券,金融行业,股期概念;皖江区域;信托重仓,金融行业,Sina concept constituents 2026-07-31 snapshot,medium,sina_industry_primary,融资融券,LOCAL-SINA-INDUSTRY-20260731;LOCAL-SINA-CONCEPT-20260731;CNINFO-INDUSTRY-FALLBACK;THS-ZYJS-FALLBACK;PHASE-A-MARKET-STATE,,,technical-reversal-only,,sina_industry,sina_industry_primary,2026-07-31,existing_snapshot,resolved_theme_unmatched
000818,航锦科技,化工行业,参股金融;国防军工;股权激励;聚氨酯;振兴沈阳,化工行业,Sina concept constituents 2026-07-31 snapshot,medium,sina_industry_primary,,LOCAL-SINA-INDUSTRY-20260731;LOCAL-SINA-CONCEPT-20260731;CNINFO-INDUSTRY-FALLBACK;THS-ZYJS-FALLBACK;PHASE-A-MARKET-STATE,,,technical-reversal-only,,sina_industry,sina_industry_primary,2026-07-31,existing_snapshot,resolved_theme_unmatched
000829,天音控股,软件/数字内容/计算机应用,博彩概念;白酒概念;华为汽车;苹果概念;文化振兴;网络游戏;信托重仓;重组概念,商业百货,Sina concept constituents 2026-07-31 snapshot,medium,industry_or_concept_alias_to_frozen_theme:TH-SOFTWARE,,LOCAL-SINA-INDUSTRY-20260731;LOCAL-SINA-CONCEPT-20260731;CNINFO-INDUSTRY-FALLBACK;THS-ZYJS-FALLBACK;PHASE-A-MARKET-STATE,,TH-SOFTWARE,current-mainline-continuation,,frozen_theme,industry_or_concept_alias_to_frozen_theme:TH-SOFTWARE,2026-07-31,existing_snapshot,resolved
000889,中嘉博创,商业百货,小米概念,商业百货,Sina concept constituents 2026-07-31 snapshot,medium,sina_industry_primary,,LOCAL-SINA-INDUSTRY-20260731;LOCAL-SINA-CONCEPT-20260731;CNINFO-INDUSTRY-FALLBACK;THS-ZYJS-FALLBACK;PHASE-A-MARKET-STATE,,,technical-reversal-only,,sina_industry,sina_industry_primary,2026-07-31,existing_snapshot,resolved_theme_unmatched
000892,欢瑞世纪,电子信息,成渝特区;业绩预降;重组概念,电子信息,Sina concept constituents 2026-07-31 snapshot,medium,sina_industry_primary,,LOCAL-SINA-INDUSTRY-20260731;LOCAL-SINA-CONCEPT-20260731;CNINFO-INDUSTRY-FALLBACK;THS-ZYJS-FALLBACK;PHASE-A-MARKET-STATE,,,technical-reversal-only,,sina_industry,sina_industry_primary,2026-07-31,existing_snapshot,resolved_theme_unmatched
000955,欣龙控股,纺织行业,创新药;国防军工;海南自贸;军民融合,纺织行业,Sina concept constituents 2026-07-31 snapshot,medium,sina_industry_primary,,LOCAL-SINA-INDUSTRY-20260731;LOCAL-SINA-CONCEPT-20260731;CNINFO-INDUSTRY-FALLBACK;THS-ZYJS-FALLBACK;PHASE-A-MARKET-STATE,,,technical-reversal-only,,sina_industry,sina_industry_primary,2026-07-31,existing_snapshot,resolved_theme_unmatched
000963,华东医药,生物制药,保险重仓;参股金融;创新药;仿制药;基金重仓,生物制药,Sina concept constituents 2026-07-31 snapshot,medium,sina_industry_primary,社保重仓,LOCAL-SINA-INDUSTRY-20260731;LOCAL-SINA-CONCEPT-20260731;CNINFO-INDUSTRY-FALLBACK;THS-ZYJS-FALLBACK;PHASE-A-MARKET-STATE,,,technical-reversal-only,,sina_industry,sina_industry_primary,2026-07-31,existing_snapshot,resolved_theme_unmatched
000985,大庆华科,化工行业,,化工行业,Sina concept constituents 2026-07-31 snapshot,medium,sina_industry_primary,,LOCAL-SINA-INDUSTRY-20260731;LOCAL-SINA-CONCEPT-20260731;CNINFO-INDUSTRY-FALLBACK;THS-ZYJS-FALLBACK;PHASE-A-MARKET-STATE,,,technical-reversal-only,,sina_industry,sina_industry_primary,2026-07-31,existing_snapshot,resolved_theme_unmatched
000993,闽东电力,电力行业,参股金融;风电;风能;风能概念;光伏;核电核能;海峡西岸;碳交易;碳中和;稀缺资源;信托重仓,电力行业,Sina concept constituents 2026-07-31 snapshot,medium,sina_industry_primary,,LOCAL-SINA-INDUSTRY-20260731;LOCAL-SINA-CONCEPT-20260731;CNINFO-INDUSTRY-FALLBACK;THS-ZYJS-FALLBACK;PHASE-A-MARKET-STATE,,,technical-reversal-only,,sina_industry,sina_industry_primary,2026-07-31,existing_snapshot,resolved_theme_unmatched
001216,华瓷股份,其他家居用品,,,Sina concept constituents 2026-07-31 snapshot,medium,cninfo_industry_theme_unmatched,,LOCAL-SINA-INDUSTRY-20260731;LOCAL-SINA-CONCEPT-20260731;CNINFO-INDUSTRY-FALLBACK;THS-ZYJS-FALLBACK;PHASE-A-MARKET-STATE,其他家居用品,,technical-reversal-only,其他家居用品,cninfo_industry,申银万国行业分类标准|2021-09-03,2021-09-03,cninfo:ok,resolved_theme_unmatched
001239,永达股份,电力/公用事业,,,Sina concept constituents 2026-07-31 snapshot,medium,ths_business_keyword_theme_unmatched,,LOCAL-SINA-INDUSTRY-20260731;LOCAL-SINA-CONCEPT-20260731;CNINFO-INDUSTRY-FALLBACK;THS-ZYJS-FALLBACK;PHASE-A-MARKET-STATE,电力/公用事业,,technical-reversal-only,电力/公用事业,ths_business_keyword,大型专用设备金属结构件和高速重载齿轮锻件的研发、生产和销售。,2026-07-31,cninfo:error;ths_zyjs:ok,resolved_theme_unmatched
001279,强邦新材,胶印版材,,,Sina concept constituents 2026-07-31 snapshot,medium,ths_business_keyword_theme_unmatched,,LOCAL-SINA-INDUSTRY-20260731;LOCAL-SINA-CONCEPT-20260731;CNINFO-INDUSTRY-FALLBACK;THS-ZYJS-FALLBACK;PHASE-A-MARKET-STATE,胶印版材,,technical-reversal-only,胶印版材,ths_business_keyword,印刷版材的研发、生产与销售。,2026-07-31,cninfo:error;ths_zyjs:ok,resolved_theme_unmatched
001356,富岭股份,化工材料,,,Sina concept constituents 2026-07-31 snapshot,medium,ths_business_keyword_theme_unmatched,,LOCAL-SINA-INDUSTRY-20260731;LOCAL-SINA-CONCEPT-20260731;CNINFO-INDUSTRY-FALLBACK;THS-ZYJS-FALLBACK;PHASE-A-MARKET-STATE,化工材料,,technical-reversal-only,化工材料,ths_business_keyword,从事塑料餐饮具及纸制餐饮具研发、生产和销售。,2026-07-31,cninfo:error;ths_zyjs:ok,resolved_theme_unmatched
001367,海森药业,医疗器械/医药服务,,,Sina concept constituents 2026-07-31 snapshot,medium,ths_business_keyword_theme_unmatched,,LOCAL-SINA-INDUSTRY-20260731;LOCAL-SINA-CONCEPT-20260731;CNINFO-INDUSTRY-FALLBACK;THS-ZYJS-FALLBACK;PHASE-A-MARKET-STATE,医疗器械/医药服务,,technical-reversal-only,医疗器械/医药服务,ths_business_keyword,化学药品原料药及中间体研发、生产和销售。,2026-07-31,cninfo:error;ths_zyjs:ok,resolved_theme_unmatched
001395,亚联机械,化工材料,,,Sina concept constituents 2026-07-31 snapshot,medium,ths_business_keyword_theme_unmatched,,LOCAL-SINA-INDUSTRY-20260731;LOCAL-SINA-CONCEPT-20260731;CNINFO-INDUSTRY-FALLBACK;THS-ZYJS-FALLBACK;PHASE-A-MARKET-STATE,化工材料,,technical-reversal-only,化工材料,ths_business_keyword,人造板生产线及其配套设备和专用材料的研发、生产、销售和服务。,2026-07-31,cninfo:error;ths_zyjs:ok,resolved_theme_unmatched
001400,江顺科技,自动化/机器人修复,,,Sina concept constituents 2026-07-31 snapshot,medium,business_alias_to_frozen_theme:TH-AUTO,,LOCAL-SINA-INDUSTRY-20260731;LOCAL-SINA-CONCEPT-20260731;CNINFO-INDUSTRY-FALLBACK;THS-ZYJS-FALLBACK;PHASE-A-MARKET-STATE,其它专用机械,TH-AUTO,secondary-line,其它专用机械,cninfo_industry,申银万国行业分类标准(旧)|2021-08-13,2021-08-13,cninfo:ok,resolved_theme_unmatched
002009,天奇股份,机械行业,低碳经济;风电;风能;风能概念;光伏;垃圾分类;循环经济;新能源;机器人概念;智能机器,机械行业,Sina concept constituents 2026-07-31 snapshot,medium,sina_industry_primary,业绩预升,LOCAL-SINA-INDUSTRY-20260731;LOCAL-SINA-CONCEPT-20260731;CNINFO-INDUSTRY-FALLBACK;THS-ZYJS-FALLBACK;PHASE-A-MARKET-STATE,,,technical-reversal-only,,sina_industry,sina_industry_primary,2026-07-31,existing_snapshot,resolved_theme_unmatched
002020,京新药业,生物制药,仿制药,生物制药,Sina concept constituents 2026-07-31 snapshot,medium,sina_industry_primary,业绩预升,LOCAL-SINA-INDUSTRY-20260731;LOCAL-SINA-CONCEPT-20260731;CNINFO-INDUSTRY-FALLBACK;THS-ZYJS-FALLBACK;PHASE-A-MARKET-STATE,,,technical-reversal-only,,sina_industry,sina_industry_primary,2026-07-31,existing_snapshot,resolved_theme_unmatched
002037,保利联合,化工行业,,化工行业,Sina concept constituents 2026-07-31 snapshot,medium,sina_industry_primary,,LOCAL-SINA-INDUSTRY-20260731;LOCAL-SINA-CONCEPT-20260731;CNINFO-INDUSTRY-FALLBACK;THS-ZYJS-FALLBACK;PHASE-A-MARKET-STATE,,,technical-reversal-only,,sina_industry,sina_industry_primary,2026-07-31,existing_snapshot,resolved_theme_unmatched
002124,天邦食品,农林牧渔,股权激励;生物燃料;循环经济;猪肉,农林牧渔,Sina concept constituents 2026-07-31 snapshot,medium,sina_industry_primary,,LOCAL-SINA-INDUSTRY-20260731;LOCAL-SINA-CONCEPT-20260731;CNINFO-INDUSTRY-FALLBACK;THS-ZYJS-FALLBACK;PHASE-A-MARKET-STATE,,,technical-reversal-only,,sina_industry,sina_industry_primary,2026-07-31,existing_snapshot,resolved_theme_unmatched
002197,证通电子,仪器仪表,博彩概念;电子支付;华为鸿蒙;绿色照明;业绩预降,仪器仪表,Sina concept constituents 2026-07-31 snapshot,medium,sina_industry_primary,,LOCAL-SINA-INDUSTRY-20260731;LOCAL-SINA-CONCEPT-20260731;CNINFO-INDUSTRY-FALLBACK;THS-ZYJS-FALLBACK;PHASE-A-MARKET-STATE,,,technical-reversal-only,,sina_industry,sina_industry_primary,2026-07-31,existing_snapshot,resolved_theme_unmatched
002229,鸿博股份,软件/数字内容/计算机应用,博彩概念;参股金融;海峡西岸;绿色照明;网络游戏,印刷包装,Sina concept constituents 2026-07-31 snapshot,medium,industry_or_concept_alias_to_frozen_theme:TH-SOFTWARE,,LOCAL-SINA-INDUSTRY-20260731;LOCAL-SINA-CONCEPT-20260731;CNINFO-INDUSTRY-FALLBACK;THS-ZYJS-FALLBACK;PHASE-A-MARKET-STATE,,TH-SOFTWARE,current-mainline-continuation,,frozen_theme,industry_or_concept_alias_to_frozen_theme:TH-SOFTWARE,2026-07-31,existing_snapshot,resolved
002268,电科网安,电子信息,电子支付;国防军工;互联金融;军工航天;军民融合;信息安全;整体上市,电子信息,Sina concept constituents 2026-07-31 snapshot,medium,sina_industry_primary,,LOCAL-SINA-INDUSTRY-20260731;LOCAL-SINA-CONCEPT-20260731;CNINFO-INDUSTRY-FALLBACK;THS-ZYJS-FALLBACK;PHASE-A-MARKET-STATE,,,technical-reversal-only,,sina_industry,sina_industry_primary,2026-07-31,existing_snapshot,resolved_theme_unmatched
002294,信立泰,生物制药,保险重仓;创新药;仿制药;前海概念,生物制药,Sina concept constituents 2026-07-31 snapshot,medium,sina_industry_primary,业绩预升,LOCAL-SINA-INDUSTRY-20260731;LOCAL-SINA-CONCEPT-20260731;CNINFO-INDUSTRY-FALLBACK;THS-ZYJS-FALLBACK;PHASE-A-MARKET-STATE,,,technical-reversal-only,,sina_industry,sina_industry_primary,2026-07-31,existing_snapshot,resolved_theme_unmatched
002338,奥普光电,仪器仪表,朝鲜改革;国防军工;军工航天,仪器仪表,Sina concept constituents 2026-07-31 snapshot,medium,sina_industry_primary,专精特新,LOCAL-SINA-INDUSTRY-20260731;LOCAL-SINA-CONCEPT-20260731;CNINFO-INDUSTRY-FALLBACK;THS-ZYJS-FALLBACK;PHASE-A-MARKET-STATE,,,technical-reversal-only,,sina_industry,sina_industry_primary,2026-07-31,existing_snapshot,resolved_theme_unmatched
002346,柘中股份,水泥行业,锂矿,水泥行业,Sina concept constituents 2026-07-31 snapshot,medium,sina_industry_primary,,LOCAL-SINA-INDUSTRY-20260731;LOCAL-SINA-CONCEPT-20260731;CNINFO-INDUSTRY-FALLBACK;THS-ZYJS-FALLBACK;PHASE-A-MARKET-STATE,,,technical-reversal-only,,sina_industry,sina_industry_primary,2026-07-31,existing_snapshot,resolved_theme_unmatched
002354,天娱数科,软件/数字内容/计算机应用,网络游戏,电子信息,Sina concept constituents 2026-07-31 snapshot,medium,industry_or_concept_alias_to_frozen_theme:TH-SOFTWARE,,LOCAL-SINA-INDUSTRY-20260731;LOCAL-SINA-CONCEPT-20260731;CNINFO-INDUSTRY-FALLBACK;THS-ZYJS-FALLBACK;PHASE-A-MARKET-STATE,,TH-SOFTWARE,current-mainline-continuation,,frozen_theme,industry_or_concept_alias_to_frozen_theme:TH-SOFTWARE,2026-07-31,existing_snapshot,resolved
002370,亚太药业,生物制药,CRO概念;CXO概念;创新药,生物制药,Sina concept constituents 2026-07-31 snapshot,medium,sina_industry_primary,,LOCAL-SINA-INDUSTRY-20260731;LOCAL-SINA-CONCEPT-20260731;CNINFO-INDUSTRY-FALLBACK;THS-ZYJS-FALLBACK;PHASE-A-MARKET-STATE,,,technical-reversal-only,,sina_industry,sina_industry_primary,2026-07-31,existing_snapshot,resolved_theme_unmatched
002380,科远智慧,电器行业,节能环保;碳中和;机器人概念;智能机器,电器行业,Sina concept constituents 2026-07-31 snapshot,medium,sina_industry_primary,专精特新,LOCAL-SINA-INDUSTRY-20260731;LOCAL-SINA-CONCEPT-20260731;CNINFO-INDUSTRY-FALLBACK;THS-ZYJS-FALLBACK;PHASE-A-MARKET-STATE,,,technical-reversal-only,,sina_industry,sina_industry_primary,2026-07-31,existing_snapshot,resolved_theme_unmatched
002385,大北农,农林牧渔,股权激励;基金重仓;三板精选;生态农业;生物育种;乡村振兴;猪肉,农林牧渔,Sina concept constituents 2026-07-31 snapshot,medium,sina_industry_primary,,LOCAL-SINA-INDUSTRY-20260731;LOCAL-SINA-CONCEPT-20260731;CNINFO-INDUSTRY-FALLBACK;THS-ZYJS-FALLBACK;PHASE-A-MARKET-STATE,,,technical-reversal-only,,sina_industry,sina_industry_primary,2026-07-31,existing_snapshot,resolved_theme_unmatched
002402,和而泰,电子器件,国防军工;绿色照明;物联网;智能家居,电子器件,Sina concept constituents 2026-07-31 snapshot,medium,sina_industry_primary,,LOCAL-SINA-INDUSTRY-20260731;LOCAL-SINA-CONCEPT-20260731;CNINFO-INDUSTRY-FALLBACK;THS-ZYJS-FALLBACK;PHASE-A-MARKET-STATE,,,technical-reversal-only,,sina_industry,sina_industry_primary,2026-07-31,existing_snapshot,resolved_theme_unmatched
002403,爱仕达,家电行业,恒大概念;土地流转,家电行业,Sina concept constituents 2026-07-31 snapshot,medium,sina_industry_primary,,LOCAL-SINA-INDUSTRY-20260731;LOCAL-SINA-CONCEPT-20260731;CNINFO-INDUSTRY-FALLBACK;THS-ZYJS-FALLBACK;PHASE-A-MARKET-STATE,,,technical-reversal-only,,sina_industry,sina_industry_primary,2026-07-31,existing_snapshot,resolved_theme_unmatched
002445,中南文化,机械行业,海工装备,机械行业,Sina concept constituents 2026-07-31 snapshot,medium,sina_industry_primary,QFII重仓,LOCAL-SINA-INDUSTRY-20260731;LOCAL-SINA-CONCEPT-20260731;CNINFO-INDUSTRY-FALLBACK;THS-ZYJS-FALLBACK;PHASE-A-MARKET-STATE,,,technical-reversal-only,,sina_industry,sina_industry_primary,2026-07-31,existing_snapshot,resolved_theme_unmatched
002470,金正大,农药化肥,本月解禁;黄河三角;三板精选;涉矿概念;生态农业,农药化肥,Sina concept constituents 2026-07-31 snapshot,medium,sina_industry_primary,,LOCAL-SINA-INDUSTRY-20260731;LOCAL-SINA-CONCEPT-20260731;CNINFO-INDUSTRY-FALLBACK;THS-ZYJS-FALLBACK;PHASE-A-MARKET-STATE,,,technical-reversal-only,,sina_industry,sina_industry_primary,2026-07-31,existing_snapshot,resolved_theme_unmatched
002472,双环传动,机械行业,本月解禁,机械行业,Sina concept constituents 2026-07-31 snapshot,medium,sina_industry_primary,,LOCAL-SINA-INDUSTRY-20260731;LOCAL-SINA-CONCEPT-20260731;CNINFO-INDUSTRY-FALLBACK;THS-ZYJS-FALLBACK;PHASE-A-MARKET-STATE,,,technical-reversal-only,,sina_industry,sina_industry_primary,2026-07-31,existing_snapshot,resolved_theme_unmatched
002476,新叶股份,化工行业,本月解禁;光伏;黄河三角;页岩气,化工行业,Sina concept constituents 2026-07-31 snapshot,medium,sina_industry_primary,,LOCAL-SINA-INDUSTRY-20260731;LOCAL-SINA-CONCEPT-20260731;CNINFO-INDUSTRY-FALLBACK;THS-ZYJS-FALLBACK;PHASE-A-MARKET-STATE,,,technical-reversal-only,,sina_industry,sina_industry_primary,2026-07-31,existing_snapshot,resolved_theme_unmatched
002517,恺英网络,服装鞋类,海峡西岸;业绩预降,服装鞋类,Sina concept constituents 2026-07-31 snapshot,medium,sina_industry_primary,,LOCAL-SINA-INDUSTRY-20260731;LOCAL-SINA-CONCEPT-20260731;CNINFO-INDUSTRY-FALLBACK;THS-ZYJS-FALLBACK;PHASE-A-MARKET-STATE,,,technical-reversal-only,,sina_industry,sina_industry_primary,2026-07-31,existing_snapshot,resolved_theme_unmatched
002535,林州重机,机械行业,安防服务;大飞机;光伏;股权激励;页岩气,机械行业,Sina concept constituents 2026-07-31 snapshot,medium,sina_industry_primary,,LOCAL-SINA-INDUSTRY-20260731;LOCAL-SINA-CONCEPT-20260731;CNINFO-INDUSTRY-FALLBACK;THS-ZYJS-FALLBACK;PHASE-A-MARKET-STATE,,,technical-reversal-only,,sina_industry,sina_industry_primary,2026-07-31,existing_snapshot,resolved_theme_unmatched
002554,惠博普,石油行业,光伏;碳中和;页岩气,石油行业,Sina concept constituents 2026-07-31 snapshot,medium,sina_industry_primary,业绩预升,LOCAL-SINA-INDUSTRY-20260731;LOCAL-SINA-CONCEPT-20260731;CNINFO-INDUSTRY-FALLBACK;THS-ZYJS-FALLBACK;PHASE-A-MARKET-STATE,,,technical-reversal-only,,sina_industry,sina_industry_primary,2026-07-31,existing_snapshot,resolved_theme_unmatched
002559,亚威股份,机械行业,机器人概念;智能机器,机械行业,Sina concept constituents 2026-07-31 snapshot,medium,sina_industry_primary,,LOCAL-SINA-INDUSTRY-20260731;LOCAL-SINA-CONCEPT-20260731;CNINFO-INDUSTRY-FALLBACK;THS-ZYJS-FALLBACK;PHASE-A-MARKET-STATE,,,technical-reversal-only,,sina_industry,sina_industry_primary,2026-07-31,existing_snapshot,resolved_theme_unmatched
002567,唐人神,农林牧渔,参股金融;长株潭;股权激励;鸡肉;民营银行;猪肉,农林牧渔,Sina concept constituents 2026-07-31 snapshot,medium,sina_industry_primary,,LOCAL-SINA-INDUSTRY-20260731;LOCAL-SINA-CONCEPT-20260731;CNINFO-INDUSTRY-FALLBACK;THS-ZYJS-FALLBACK;PHASE-A-MARKET-STATE,,,technical-reversal-only,,sina_industry,sina_industry_primary,2026-07-31,existing_snapshot,resolved_theme_unmatched
002575,群兴玩具,金融改革,金融改革;婴童概念,,Sina concept constituents 2026-07-31 snapshot,medium,sina_concept_primary,,LOCAL-SINA-INDUSTRY-20260731;LOCAL-SINA-CONCEPT-20260731;CNINFO-INDUSTRY-FALLBACK;THS-ZYJS-FALLBACK;PHASE-A-MARKET-STATE,,,technical-reversal-only,,sina_concept,sina_concept_primary,2026-07-31,existing_snapshot,resolved_theme_unmatched
002617,露笑科技,有色金属,本月解禁;光伏;光伏概念;锂电池;重组概念,电器行业;有色金属,Sina concept constituents 2026-07-31 snapshot,medium,sina_industry_primary,业绩预升,LOCAL-SINA-INDUSTRY-20260731;LOCAL-SINA-CONCEPT-20260731;CNINFO-INDUSTRY-FALLBACK;THS-ZYJS-FALLBACK;PHASE-A-MARKET-STATE,,,technical-reversal-only,,sina_industry,sina_industry_primary,2026-07-31,existing_snapshot,resolved_theme_unmatched
002628,成都路桥,建筑建材,成渝特区,建筑建材,Sina concept constituents 2026-07-31 snapshot,medium,sina_industry_primary,业绩预升,LOCAL-SINA-INDUSTRY-20260731;LOCAL-SINA-CONCEPT-20260731;CNINFO-INDUSTRY-FALLBACK;THS-ZYJS-FALLBACK;PHASE-A-MARKET-STATE,,,technical-reversal-only,,sina_industry,sina_industry_primary,2026-07-31,existing_snapshot,resolved_theme_unmatched
002629,仁智股份,石油行业,成渝特区;油气改革;重组概念,石油行业,Sina concept constituents 2026-07-31 snapshot,medium,sina_industry_primary,,LOCAL-SINA-INDUSTRY-20260731;LOCAL-SINA-CONCEPT-20260731;CNINFO-INDUSTRY-FALLBACK;THS-ZYJS-FALLBACK;PHASE-A-MARKET-STATE,,,technical-reversal-only,,sina_industry,sina_industry_primary,2026-07-31,existing_snapshot,resolved_theme_unmatched
002632,道明光学,化工行业,充电桩;锂电池;业绩预降,化工行业,Sina concept constituents 2026-07-31 snapshot,medium,sina_industry_primary,,LOCAL-SINA-INDUSTRY-20260731;LOCAL-SINA-CONCEPT-20260731;CNINFO-INDUSTRY-FALLBACK;THS-ZYJS-FALLBACK;PHASE-A-MARKET-STATE,,,technical-reversal-only,,sina_industry,sina_industry_primary,2026-07-31,existing_snapshot,resolved_theme_unmatched
002663,普邦股份,建筑建材,本月解禁;固废处理;股权激励,建筑建材,Sina concept constituents 2026-07-31 snapshot,medium,sina_industry_primary,业绩预升,LOCAL-SINA-INDUSTRY-20260731;LOCAL-SINA-CONCEPT-20260731;CNINFO-INDUSTRY-FALLBACK;THS-ZYJS-FALLBACK;PHASE-A-MARKET-STATE,,,technical-reversal-only,,sina_industry,sina_industry_primary,2026-07-31,existing_snapshot,resolved_theme_unmatched
002715,登云股份,汽车制造,,汽车制造,Sina concept constituents 2026-07-31 snapshot,medium,sina_industry_primary,,LOCAL-SINA-INDUSTRY-20260731;LOCAL-SINA-CONCEPT-20260731;CNINFO-INDUSTRY-FALLBACK;THS-ZYJS-FALLBACK;PHASE-A-MARKET-STATE,,,technical-reversal-only,,sina_industry,sina_industry_primary,2026-07-31,existing_snapshot,resolved_theme_unmatched
002755,奥赛康,其它行业,创新药,其它行业,Sina concept constituents 2026-07-31 snapshot,medium,sina_industry_primary,,LOCAL-SINA-INDUSTRY-20260731;LOCAL-SINA-CONCEPT-20260731;CNINFO-INDUSTRY-FALLBACK;THS-ZYJS-FALLBACK;PHASE-A-MARKET-STATE,,,technical-reversal-only,,sina_industry,sina_industry_primary,2026-07-31,existing_snapshot,resolved_theme_unmatched
002771,真视通,国防军工,国防军工;军民融合;重组概念,,Sina concept constituents 2026-07-31 snapshot,medium,sina_concept_primary,,LOCAL-SINA-INDUSTRY-20260731;LOCAL-SINA-CONCEPT-20260731;CNINFO-INDUSTRY-FALLBACK;THS-ZYJS-FALLBACK;PHASE-A-MARKET-STATE,,,technical-reversal-only,,sina_concept,sina_concept_primary,2026-07-31,existing_snapshot,resolved_theme_unmatched
002778,中晟高科,其他石化,,,Sina concept constituents 2026-07-31 snapshot,medium,cninfo_industry_theme_unmatched,,LOCAL-SINA-INDUSTRY-20260731;LOCAL-SINA-CONCEPT-20260731;CNINFO-INDUSTRY-FALLBACK;THS-ZYJS-FALLBACK;PHASE-A-MARKET-STATE,其他石化,,technical-reversal-only,其他石化,cninfo_industry,申银万国行业分类标准|2021-07-30,2021-07-30,cninfo:ok,resolved_theme_unmatched
002779,中坚科技,乡村振兴,乡村振兴,,Sina concept constituents 2026-07-31 snapshot,medium,sina_concept_primary,,LOCAL-SINA-INDUSTRY-20260731;LOCAL-SINA-CONCEPT-20260731;CNINFO-INDUSTRY-FALLBACK;THS-ZYJS-FALLBACK;PHASE-A-MARKET-STATE,,,technical-reversal-only,,sina_concept,sina_concept_primary,2026-07-31,existing_snapshot,resolved_theme_unmatched
002785,万里石,锂矿,锂矿,,Sina concept constituents 2026-07-31 snapshot,medium,sina_concept_primary,,LOCAL-SINA-INDUSTRY-20260731;LOCAL-SINA-CONCEPT-20260731;CNINFO-INDUSTRY-FALLBACK;THS-ZYJS-FALLBACK;PHASE-A-MARKET-STATE,,,technical-reversal-only,,sina_concept,sina_concept_primary,2026-07-31,existing_snapshot,resolved_theme_unmatched
002786,银宝山新,华为汽车,华为汽车,,Sina concept constituents 2026-07-31 snapshot,medium,sina_concept_primary,,LOCAL-SINA-INDUSTRY-20260731;LOCAL-SINA-CONCEPT-20260731;CNINFO-INDUSTRY-FALLBACK;THS-ZYJS-FALLBACK;PHASE-A-MARKET-STATE,,,technical-reversal-only,,sina_concept,sina_concept_primary,2026-07-31,existing_snapshot,resolved_theme_unmatched
002805,丰元股份,其他化学原料,,,Sina concept constituents 2026-07-31 snapshot,medium,cninfo_industry_theme_unmatched,,LOCAL-SINA-INDUSTRY-20260731;LOCAL-SINA-CONCEPT-20260731;CNINFO-INDUSTRY-FALLBACK;THS-ZYJS-FALLBACK;PHASE-A-MARKET-STATE,其他化学原料,,technical-reversal-only,其他化学原料,cninfo_industry,申银万国行业分类标准(旧)|2016-06-20,2016-06-20,cninfo:ok,resolved_theme_unmatched
002864,盘龙药业,中药,,,Sina concept constituents 2026-07-31 snapshot,medium,cninfo_industry_theme_unmatched,,LOCAL-SINA-INDUSTRY-20260731;LOCAL-SINA-CONCEPT-20260731;CNINFO-INDUSTRY-FALLBACK;THS-ZYJS-FALLBACK;PHASE-A-MARKET-STATE,中药,,technical-reversal-only,中药,cninfo_industry,申银万国行业分类标准(旧)|2017-10-25,2017-10-25,cninfo:ok,resolved_theme_unmatched
002896,中大力德,金属制品,,,Sina concept constituents 2026-07-31 snapshot,medium,cninfo_industry_theme_unmatched,,LOCAL-SINA-INDUSTRY-20260731;LOCAL-SINA-CONCEPT-20260731;CNINFO-INDUSTRY-FALLBACK;THS-ZYJS-FALLBACK;PHASE-A-MARKET-STATE,金属制品,,technical-reversal-only,金属制品,cninfo_industry,申银万国行业分类标准|2021-07-30,2021-07-30,cninfo:ok,resolved_theme_unmatched
002910,庄园牧场,乳品,,,Sina concept constituents 2026-07-31 snapshot,medium,cninfo_industry_theme_unmatched,,LOCAL-SINA-INDUSTRY-20260731;LOCAL-SINA-CONCEPT-20260731;CNINFO-INDUSTRY-FALLBACK;THS-ZYJS-FALLBACK;PHASE-A-MARKET-STATE,乳品,,technical-reversal-only,乳品,cninfo_industry,申银万国行业分类标准|2021-07-30,2021-07-30,cninfo:ok,resolved_theme_unmatched
002919,名臣健康,洗护用品,,,Sina concept constituents 2026-07-31 snapshot,medium,cninfo_industry_theme_unmatched,,LOCAL-SINA-INDUSTRY-20260731;LOCAL-SINA-CONCEPT-20260731;CNINFO-INDUSTRY-FALLBACK;THS-ZYJS-FALLBACK;PHASE-A-MARKET-STATE,洗护用品,,technical-reversal-only,洗护用品,cninfo_industry,申银万国行业分类标准|2021-07-30,2021-07-30,cninfo:ok,resolved_theme_unmatched
002928,华夏航空,航空运输,,,Sina concept constituents 2026-07-31 snapshot,medium,cninfo_industry_theme_unmatched,,LOCAL-SINA-INDUSTRY-20260731;LOCAL-SINA-CONCEPT-20260731;CNINFO-INDUSTRY-FALLBACK;THS-ZYJS-FALLBACK;PHASE-A-MARKET-STATE,航空运输,,technical-reversal-only,航空运输,cninfo_industry,申银万国行业分类标准|2021-07-30,2021-07-30,cninfo:ok,resolved_theme_unmatched
002940,昂利康,化学制剂,,,Sina concept constituents 2026-07-31 snapshot,medium,cninfo_industry_theme_unmatched,,LOCAL-SINA-INDUSTRY-20260731;LOCAL-SINA-CONCEPT-20260731;CNINFO-INDUSTRY-FALLBACK;THS-ZYJS-FALLBACK;PHASE-A-MARKET-STATE,化学制剂,,technical-reversal-only,化学制剂,cninfo_industry,申银万国行业分类标准(旧)|2018-09-26,2018-09-26,cninfo:ok,resolved_theme_unmatched
002970,锐明技术,软件/数字内容/计算机应用,,,Sina concept constituents 2026-07-31 snapshot,medium,business_alias_to_frozen_theme:TH-SOFTWARE,专精特新,LOCAL-SINA-INDUSTRY-20260731;LOCAL-SINA-CONCEPT-20260731;CNINFO-INDUSTRY-FALLBACK;THS-ZYJS-FALLBACK;PHASE-A-MARKET-STATE,其他计算机设备,TH-SOFTWARE,current-mainline-continuation,其他计算机设备,cninfo_industry,申银万国行业分类标准|2021-07-30,2021-07-30,cninfo:ok,resolved_theme_unmatched
002973,侨银股份,固废治理,,,Sina concept constituents 2026-07-31 snapshot,medium,cninfo_industry_theme_unmatched,,LOCAL-SINA-INDUSTRY-20260731;LOCAL-SINA-CONCEPT-20260731;CNINFO-INDUSTRY-FALLBACK;THS-ZYJS-FALLBACK;PHASE-A-MARKET-STATE,固废治理,,technical-reversal-only,固废治理,cninfo_industry,申银万国行业分类标准|2021-07-30,2021-07-30,cninfo:ok,resolved_theme_unmatched
002976,瑞玛精密,华为汽车,华为汽车,,Sina concept constituents 2026-07-31 snapshot,medium,sina_concept_primary,,LOCAL-SINA-INDUSTRY-20260731;LOCAL-SINA-CONCEPT-20260731;CNINFO-INDUSTRY-FALLBACK;THS-ZYJS-FALLBACK;PHASE-A-MARKET-STATE,,,technical-reversal-only,,sina_concept,sina_concept_primary,2026-07-31,existing_snapshot,resolved_theme_unmatched
002982,湘佳股份,鸡肉,鸡肉,,Sina concept constituents 2026-07-31 snapshot,medium,sina_concept_primary,,LOCAL-SINA-INDUSTRY-20260731;LOCAL-SINA-CONCEPT-20260731;CNINFO-INDUSTRY-FALLBACK;THS-ZYJS-FALLBACK;PHASE-A-MARKET-STATE,,,technical-reversal-only,,sina_concept,sina_concept_primary,2026-07-31,existing_snapshot,resolved_theme_unmatched
002997,瑞鹄模具,华为汽车,华为汽车,,Sina concept constituents 2026-07-31 snapshot,medium,sina_concept_primary,专精特新,LOCAL-SINA-INDUSTRY-20260731;LOCAL-SINA-CONCEPT-20260731;CNINFO-INDUSTRY-FALLBACK;THS-ZYJS-FALLBACK;PHASE-A-MARKET-STATE,,,technical-reversal-only,,sina_concept,sina_concept_primary,2026-07-31,existing_snapshot,resolved_theme_unmatched
003007,直真科技,软件/数字内容/计算机应用,,,Sina concept constituents 2026-07-31 snapshot,medium,business_alias_to_frozen_theme:TH-SOFTWARE,,LOCAL-SINA-INDUSTRY-20260731;LOCAL-SINA-CONCEPT-20260731;CNINFO-INDUSTRY-FALLBACK;THS-ZYJS-FALLBACK;PHASE-A-MARKET-STATE,垂直应用软件,TH-SOFTWARE,current-mainline-continuation,垂直应用软件,cninfo_industry,申银万国行业分类标准|2021-07-30,2021-07-30,cninfo:ok,resolved_theme_unmatched
003015,日久光电,光学元件,,,Sina concept constituents 2026-07-31 snapshot,medium,cninfo_industry_theme_unmatched,,LOCAL-SINA-INDUSTRY-20260731;LOCAL-SINA-CONCEPT-20260731;CNINFO-INDUSTRY-FALLBACK;THS-ZYJS-FALLBACK;PHASE-A-MARKET-STATE,光学元件,,technical-reversal-only,光学元件,cninfo_industry,申银万国行业分类标准(旧)|2020-09-23,2020-09-23,cninfo:ok,resolved_theme_unmatched
003017,大洋生物,无机盐,,,Sina concept constituents 2026-07-31 snapshot,medium,cninfo_industry_theme_unmatched,,LOCAL-SINA-INDUSTRY-20260731;LOCAL-SINA-CONCEPT-20260731;CNINFO-INDUSTRY-FALLBACK;THS-ZYJS-FALLBACK;PHASE-A-MARKET-STATE,无机盐,,technical-reversal-only,无机盐,cninfo_industry,申银万国行业分类标准(旧)|2020-10-12,2020-10-12,cninfo:ok,resolved_theme_unmatched
003042,中农联合,农药,,,Sina concept constituents 2026-07-31 snapshot,medium,cninfo_industry_theme_unmatched,,LOCAL-SINA-INDUSTRY-20260731;LOCAL-SINA-CONCEPT-20260731;CNINFO-INDUSTRY-FALLBACK;THS-ZYJS-FALLBACK;PHASE-A-MARKET-STATE,农药,,technical-reversal-only,农药,cninfo_industry,申银万国行业分类标准|2021-07-30,2021-07-30,cninfo:ok,resolved_theme_unmatched
300031,宝通科技,化工行业,股权激励,化工行业,Sina concept constituents 2026-07-31 snapshot,medium,sina_industry_primary,,LOCAL-SINA-INDUSTRY-20260731;LOCAL-SINA-CONCEPT-20260731;CNINFO-INDUSTRY-FALLBACK;THS-ZYJS-FALLBACK;PHASE-A-MARKET-STATE,,,technical-reversal-only,,sina_industry,sina_industry_primary,2026-07-31,existing_snapshot,resolved_theme_unmatched
300040,九洲集团,发电设备,充电桩;风电;光伏;光伏概念;碳中和,发电设备,Sina concept constituents 2026-07-31 snapshot,medium,sina_industry_primary,,LOCAL-SINA-INDUSTRY-20260731;LOCAL-SINA-CONCEPT-20260731;CNINFO-INDUSTRY-FALLBACK;THS-ZYJS-FALLBACK;PHASE-A-MARKET-STATE,,,technical-reversal-only,,sina_industry,sina_industry_primary,2026-07-31,existing_snapshot,resolved_theme_unmatched
300045,华力创通,电子信息,大飞机;国防军工;股权激励;军工航天;军民融合;卫星导航;业绩预降,电子信息,Sina concept constituents 2026-07-31 snapshot,medium,sina_industry_primary,,LOCAL-SINA-INDUSTRY-20260731;LOCAL-SINA-CONCEPT-20260731;CNINFO-INDUSTRY-FALLBACK;THS-ZYJS-FALLBACK;PHASE-A-MARKET-STATE,,,technical-reversal-only,,sina_industry,sina_industry_primary,2026-07-31,existing_snapshot,resolved_theme_unmatched
300072,海新能科,化工行业,节能环保;空气治理,化工行业,Sina concept constituents 2026-07-31 snapshot,medium,sina_industry_primary,,LOCAL-SINA-INDUSTRY-20260731;LOCAL-SINA-CONCEPT-20260731;CNINFO-INDUSTRY-FALLBACK;THS-ZYJS-FALLBACK;PHASE-A-MARKET-STATE,,,technical-reversal-only,,sina_industry,sina_industry_primary,2026-07-31,existing_snapshot,resolved_theme_unmatched
300085,银之杰,电子信息,股权激励;碳中和;业绩预降,电子信息,Sina concept constituents 2026-07-31 snapshot,medium,sina_industry_primary,,LOCAL-SINA-INDUSTRY-20260731;LOCAL-SINA-CONCEPT-20260731;CNINFO-INDUSTRY-FALLBACK;THS-ZYJS-FALLBACK;PHASE-A-MARKET-STATE,,,technical-reversal-only,,sina_industry,sina_industry_primary,2026-07-31,existing_snapshot,resolved_theme_unmatched
300100,双林股份,汽车制造,华为汽车,汽车制造,Sina concept constituents 2026-07-31 snapshot,medium,sina_industry_primary,,LOCAL-SINA-INDUSTRY-20260731;LOCAL-SINA-CONCEPT-20260731;CNINFO-INDUSTRY-FALLBACK;THS-ZYJS-FALLBACK;PHASE-A-MARKET-STATE,,,technical-reversal-only,,sina_industry,sina_industry_primary,2026-07-31,existing_snapshot,resolved_theme_unmatched
300120,经纬辉开,发电设备,本月解禁;风电;股权激励,发电设备,Sina concept constituents 2026-07-31 snapshot,medium,sina_industry_primary,,LOCAL-SINA-INDUSTRY-20260731;LOCAL-SINA-CONCEPT-20260731;CNINFO-INDUSTRY-FALLBACK;THS-ZYJS-FALLBACK;PHASE-A-MARKET-STATE,,,technical-reversal-only,,sina_industry,sina_industry_primary,2026-07-31,existing_snapshot,resolved_theme_unmatched
300135,宝利国际,化工行业,油气改革,化工行业,Sina concept constituents 2026-07-31 snapshot,medium,sina_industry_primary,,LOCAL-SINA-INDUSTRY-20260731;LOCAL-SINA-CONCEPT-20260731;CNINFO-INDUSTRY-FALLBACK;THS-ZYJS-FALLBACK;PHASE-A-MARKET-STATE,,,technical-reversal-only,,sina_industry,sina_industry_primary,2026-07-31,existing_snapshot,resolved_theme_unmatched
300145,南方泵业,机械行业,股权激励;海水淡化;节能环保;水利建设;污水处理,机械行业,Sina concept constituents 2026-07-31 snapshot,medium,sina_industry_primary,,LOCAL-SINA-INDUSTRY-20260731;LOCAL-SINA-CONCEPT-20260731;CNINFO-INDUSTRY-FALLBACK;THS-ZYJS-FALLBACK;PHASE-A-MARKET-STATE,,,technical-reversal-only,,sina_industry,sina_industry_primary,2026-07-31,existing_snapshot,resolved_theme_unmatched
300154,瑞凌股份,电子器件,机器人概念;智能机器,电子器件,Sina concept constituents 2026-07-31 snapshot,medium,sina_industry_primary,,LOCAL-SINA-INDUSTRY-20260731;LOCAL-SINA-CONCEPT-20260731;CNINFO-INDUSTRY-FALLBACK;THS-ZYJS-FALLBACK;PHASE-A-MARKET-STATE,,,technical-reversal-only,,sina_industry,sina_industry_primary,2026-07-31,existing_snapshot,resolved_theme_unmatched
300193,佳士科技,机械行业,机器人概念;智能机器,机械行业,Sina concept constituents 2026-07-31 snapshot,medium,sina_industry_primary,,LOCAL-SINA-INDUSTRY-20260731;LOCAL-SINA-CONCEPT-20260731;CNINFO-INDUSTRY-FALLBACK;THS-ZYJS-FALLBACK;PHASE-A-MARKET-STATE,,,technical-reversal-only,,sina_industry,sina_industry_primary,2026-07-31,existing_snapshot,resolved_theme_unmatched
300218,安利股份,塑料制品,股权激励;皖江区域,塑料制品,Sina concept constituents 2026-07-31 snapshot,medium,sina_industry_primary,,LOCAL-SINA-INDUSTRY-20260731;LOCAL-SINA-CONCEPT-20260731;CNINFO-INDUSTRY-FALLBACK;THS-ZYJS-FALLBACK;PHASE-A-MARKET-STATE,,,technical-reversal-only,,sina_industry,sina_industry_primary,2026-07-31,existing_snapshot,resolved_theme_unmatched
300224,正海磁材,电子器件,黄河三角;业绩预降,电子器件,Sina concept constituents 2026-07-31 snapshot,medium,sina_industry_primary,,LOCAL-SINA-INDUSTRY-20260731;LOCAL-SINA-CONCEPT-20260731;CNINFO-INDUSTRY-FALLBACK;THS-ZYJS-FALLBACK;PHASE-A-MARKET-STATE,,,technical-reversal-only,,sina_industry,sina_industry_primary,2026-07-31,existing_snapshot,resolved_theme_unmatched
300233,金城医药,生物制药,创新药;黄河三角;石墨烯;重组概念,生物制药,Sina concept constituents 2026-07-31 snapshot,medium,sina_industry_primary,业绩预升,LOCAL-SINA-INDUSTRY-20260731;LOCAL-SINA-CONCEPT-20260731;CNINFO-INDUSTRY-FALLBACK;THS-ZYJS-FALLBACK;PHASE-A-MARKET-STATE,,,technical-reversal-only,,sina_industry,sina_industry_primary,2026-07-31,existing_snapshot,resolved_theme_unmatched
300238,冠昊生物,医疗器械,创新药;免疫治疗,医疗器械,Sina concept constituents 2026-07-31 snapshot,medium,sina_industry_primary,,LOCAL-SINA-INDUSTRY-20260731;LOCAL-SINA-CONCEPT-20260731;CNINFO-INDUSTRY-FALLBACK;THS-ZYJS-FALLBACK;PHASE-A-MARKET-STATE,,,technical-reversal-only,,sina_industry,sina_industry_primary,2026-07-31,existing_snapshot,resolved_theme_unmatched
300251,光线传媒,传媒娱乐,,传媒娱乐,Sina concept constituents 2026-07-31 snapshot,medium,sina_industry_primary,业绩预升,LOCAL-SINA-INDUSTRY-20260731;LOCAL-SINA-CONCEPT-20260731;CNINFO-INDUSTRY-FALLBACK;THS-ZYJS-FALLBACK;PHASE-A-MARKET-STATE,,TH-SOFTWARE,current-mainline-continuation,,frozen_theme,sina_industry_primary,2026-07-31,existing_snapshot,resolved
300264,佳创视讯,电子信息,华为海思;业绩预降,电子信息,Sina concept constituents 2026-07-31 snapshot,medium,sina_industry_primary,,LOCAL-SINA-INDUSTRY-20260731;LOCAL-SINA-CONCEPT-20260731;CNINFO-INDUSTRY-FALLBACK;THS-ZYJS-FALLBACK;PHASE-A-MARKET-STATE,,,technical-reversal-only,,sina_industry,sina_industry_primary,2026-07-31,existing_snapshot,resolved_theme_unmatched
300269,联建光电,电子器件,绿色照明,电子器件,Sina concept constituents 2026-07-31 snapshot,medium,sina_industry_primary,,LOCAL-SINA-INDUSTRY-20260731;LOCAL-SINA-CONCEPT-20260731;CNINFO-INDUSTRY-FALLBACK;THS-ZYJS-FALLBACK;PHASE-A-MARKET-STATE,,,technical-reversal-only,,sina_industry,sina_industry_primary,2026-07-31,existing_snapshot,resolved_theme_unmatched
300313,天山生物,农林牧渔,生物疫苗,农林牧渔,Sina concept constituents 2026-07-31 snapshot,medium,sina_industry_primary,,LOCAL-SINA-INDUSTRY-20260731;LOCAL-SINA-CONCEPT-20260731;CNINFO-INDUSTRY-FALLBACK;THS-ZYJS-FALLBACK;PHASE-A-MARKET-STATE,,,technical-reversal-only,,sina_industry,sina_industry_primary,2026-07-31,existing_snapshot,resolved_theme_unmatched
300323,华灿光电,电子器件,绿色照明;武汉规划;业绩预降,电子器件,Sina concept constituents 2026-07-31 snapshot,medium,sina_industry_primary,,LOCAL-SINA-INDUSTRY-20260731;LOCAL-SINA-CONCEPT-20260731;CNINFO-INDUSTRY-FALLBACK;THS-ZYJS-FALLBACK;PHASE-A-MARKET-STATE,,,technical-reversal-only,,sina_industry,sina_industry_primary,2026-07-31,existing_snapshot,resolved_theme_unmatched
300332,天壕能源,环保行业,海水淡化;节能环保,环保行业,Sina concept constituents 2026-07-31 snapshot,medium,sina_industry_primary,业绩预升,LOCAL-SINA-INDUSTRY-20260731;LOCAL-SINA-CONCEPT-20260731;CNINFO-INDUSTRY-FALLBACK;THS-ZYJS-FALLBACK;PHASE-A-MARKET-STATE,,,technical-reversal-only,,sina_industry,sina_industry_primary,2026-07-31,existing_snapshot,resolved_theme_unmatched
300334,津膜科技,机械行业,高校背景;海水淡化;节能环保;污水处理;盐湖提锂;重组概念,机械行业,Sina concept constituents 2026-07-31 snapshot,medium,sina_industry_primary,,LOCAL-SINA-INDUSTRY-20260731;LOCAL-SINA-CONCEPT-20260731;CNINFO-INDUSTRY-FALLBACK;THS-ZYJS-FALLBACK;PHASE-A-MARKET-STATE,,,technical-reversal-only,,sina_industry,sina_industry_primary,2026-07-31,existing_snapshot,resolved_theme_unmatched
300345,华民股份,钢铁行业,长株潭;国防军工;军民融合;碳中和,钢铁行业,Sina concept constituents 2026-07-31 snapshot,medium,sina_industry_primary,,LOCAL-SINA-INDUSTRY-20260731;LOCAL-SINA-CONCEPT-20260731;CNINFO-INDUSTRY-FALLBACK;THS-ZYJS-FALLBACK;PHASE-A-MARKET-STATE,,,technical-reversal-only,,sina_industry,sina_industry_primary,2026-07-31,existing_snapshot,resolved_theme_unmatched
300353,东土科技,电子信息,本月解禁;国防军工;股权激励;军工航天;军民融合;重组概念,电子信息,Sina concept constituents 2026-07-31 snapshot,medium,sina_industry_primary,,LOCAL-SINA-INDUSTRY-20260731;LOCAL-SINA-CONCEPT-20260731;CNINFO-INDUSTRY-FALLBACK;THS-ZYJS-FALLBACK;PHASE-A-MARKET-STATE,,,technical-reversal-only,,sina_industry,sina_industry_primary,2026-07-31,existing_snapshot,resolved_theme_unmatched
300354,东华测试,仪器仪表,本月解禁;国防军工;军工航天;军民融合,仪器仪表,Sina concept constituents 2026-07-31 snapshot,medium,sina_industry_primary,专精特新,LOCAL-SINA-INDUSTRY-20260731;LOCAL-SINA-CONCEPT-20260731;CNINFO-INDUSTRY-FALLBACK;THS-ZYJS-FALLBACK;PHASE-A-MARKET-STATE,,,technical-reversal-only,,sina_industry,sina_industry_primary,2026-07-31,existing_snapshot,resolved_theme_unmatched
300357,我武生物,生物制药,,生物制药,Sina concept constituents 2026-07-31 snapshot,medium,sina_industry_primary,专精特新,LOCAL-SINA-INDUSTRY-20260731;LOCAL-SINA-CONCEPT-20260731;CNINFO-INDUSTRY-FALLBACK;THS-ZYJS-FALLBACK;PHASE-A-MARKET-STATE,,,technical-reversal-only,,sina_industry,sina_industry_primary,2026-07-31,existing_snapshot,resolved_theme_unmatched
300368,汇金股份,机械行业,,机械行业,Sina concept constituents 2026-07-31 snapshot,medium,sina_industry_primary,,LOCAL-SINA-INDUSTRY-20260731;LOCAL-SINA-CONCEPT-20260731;CNINFO-INDUSTRY-FALLBACK;THS-ZYJS-FALLBACK;PHASE-A-MARKET-STATE,,,technical-reversal-only,,sina_industry,sina_industry_primary,2026-07-31,existing_snapshot,resolved_theme_unmatched
300377,赢时胜,电子信息,,电子信息,Sina concept constituents 2026-07-31 snapshot,medium,sina_industry_primary,,LOCAL-SINA-INDUSTRY-20260731;LOCAL-SINA-CONCEPT-20260731;CNINFO-INDUSTRY-FALLBACK;THS-ZYJS-FALLBACK;PHASE-A-MARKET-STATE,,,technical-reversal-only,,sina_industry,sina_industry_primary,2026-07-31,existing_snapshot,resolved_theme_unmatched
300381,溢多利,农林牧渔,,农林牧渔,Sina concept constituents 2026-07-31 snapshot,medium,sina_industry_primary,,LOCAL-SINA-INDUSTRY-20260731;LOCAL-SINA-CONCEPT-20260731;CNINFO-INDUSTRY-FALLBACK;THS-ZYJS-FALLBACK;PHASE-A-MARKET-STATE,,,technical-reversal-only,,sina_industry,sina_industry_primary,2026-07-31,existing_snapshot,resolved_theme_unmatched
300412,迦南科技,医疗器械,,医疗器械,Sina concept constituents 2026-07-31 snapshot,medium,sina_industry_primary,专精特新,LOCAL-SINA-INDUSTRY-20260731;LOCAL-SINA-CONCEPT-20260731;CNINFO-INDUSTRY-FALLBACK;THS-ZYJS-FALLBACK;PHASE-A-MARKET-STATE,,,technical-reversal-only,,sina_industry,sina_industry_primary,2026-07-31,existing_snapshot,resolved_theme_unmatched
300436,广生堂,生物制药,创新药;基因概念,生物制药,Sina concept constituents 2026-07-31 snapshot,medium,sina_industry_primary,,LOCAL-SINA-INDUSTRY-20260731;LOCAL-SINA-CONCEPT-20260731;CNINFO-INDUSTRY-FALLBACK;THS-ZYJS-FALLBACK;PHASE-A-MARKET-STATE,,,technical-reversal-only,,sina_industry,sina_industry_primary,2026-07-31,existing_snapshot,resolved_theme_unmatched
300446,航天智造,化工行业,雄安新区,化工行业,Sina concept constituents 2026-07-31 snapshot,medium,sina_industry_primary,,LOCAL-SINA-INDUSTRY-20260731;LOCAL-SINA-CONCEPT-20260731;CNINFO-INDUSTRY-FALLBACK;THS-ZYJS-FALLBACK;PHASE-A-MARKET-STATE,,,technical-reversal-only,,sina_industry,sina_industry_primary,2026-07-31,existing_snapshot,resolved_theme_unmatched
300488,恒锋工具,金属制品,,,Sina concept constituents 2026-07-31 snapshot,medium,cninfo_industry_theme_unmatched,专精特新,LOCAL-SINA-INDUSTRY-20260731;LOCAL-SINA-CONCEPT-20260731;CNINFO-INDUSTRY-FALLBACK;THS-ZYJS-FALLBACK;PHASE-A-MARKET-STATE,金属制品,,technical-reversal-only,金属制品,cninfo_industry,申银万国行业分类标准|2021-07-30,2021-07-30,cninfo:ok,resolved_theme_unmatched
300496,中科创达,华为鸿蒙,鸿蒙概念;华为概念;华为鸿蒙;华为海思;华为汽车;汽车电子,,Sina concept constituents 2026-07-31 snapshot,medium,sina_concept_primary,,LOCAL-SINA-INDUSTRY-20260731;LOCAL-SINA-CONCEPT-20260731;CNINFO-INDUSTRY-FALLBACK;THS-ZYJS-FALLBACK;PHASE-A-MARKET-STATE,,,technical-reversal-only,,sina_concept,sina_concept_primary,2026-07-31,existing_snapshot,resolved_theme_unmatched
300501,海顺新材,综合包装,,,Sina concept constituents 2026-07-31 snapshot,medium,cninfo_industry_theme_unmatched,,LOCAL-SINA-INDUSTRY-20260731;LOCAL-SINA-CONCEPT-20260731;CNINFO-INDUSTRY-FALLBACK;THS-ZYJS-FALLBACK;PHASE-A-MARKET-STATE,综合包装,,technical-reversal-only,综合包装,cninfo_industry,申银万国行业分类标准|2021-07-30,2021-07-30,cninfo:ok,resolved_theme_unmatched
300528,幸福蓝海,院线,,,Sina concept constituents 2026-07-31 snapshot,medium,cninfo_industry_theme_unmatched,,LOCAL-SINA-INDUSTRY-20260731;LOCAL-SINA-CONCEPT-20260731;CNINFO-INDUSTRY-FALLBACK;THS-ZYJS-FALLBACK;PHASE-A-MARKET-STATE,院线,,technical-reversal-only,院线,cninfo_industry,申银万国行业分类标准|2021-07-30,2021-07-30,cninfo:ok,resolved_theme_unmatched
300539,横河精密,其他塑料制品,,,Sina concept constituents 2026-07-31 snapshot,medium,cninfo_industry_theme_unmatched,,LOCAL-SINA-INDUSTRY-20260731;LOCAL-SINA-CONCEPT-20260731;CNINFO-INDUSTRY-FALLBACK;THS-ZYJS-FALLBACK;PHASE-A-MARKET-STATE,其他塑料制品,,technical-reversal-only,其他塑料制品,cninfo_industry,申银万国行业分类标准(旧)|2017-07-03,2017-07-03,cninfo:ok,resolved_theme_unmatched
300550,和仁科技,软件/数字内容/计算机应用,,,Sina concept constituents 2026-07-31 snapshot,medium,business_alias_to_frozen_theme:TH-SOFTWARE,,LOCAL-SINA-INDUSTRY-20260731;LOCAL-SINA-CONCEPT-20260731;CNINFO-INDUSTRY-FALLBACK;THS-ZYJS-FALLBACK;PHASE-A-MARKET-STATE,垂直应用软件,TH-SOFTWARE,current-mainline-continuation,垂直应用软件,cninfo_industry,申银万国行业分类标准|2021-07-30,2021-07-30,cninfo:ok,resolved_theme_unmatched
300584,海辰药业,创新药,创新药,,Sina concept constituents 2026-07-31 snapshot,medium,sina_concept_primary,,LOCAL-SINA-INDUSTRY-20260731;LOCAL-SINA-CONCEPT-20260731;CNINFO-INDUSTRY-FALLBACK;THS-ZYJS-FALLBACK;PHASE-A-MARKET-STATE,,,technical-reversal-only,,sina_concept,sina_concept_primary,2026-07-31,existing_snapshot,resolved_theme_unmatched
300607,拓斯达,自动化/机器人修复,,,Sina concept constituents 2026-07-31 snapshot,medium,business_alias_to_frozen_theme:TH-AUTO,,LOCAL-SINA-INDUSTRY-20260731;LOCAL-SINA-CONCEPT-20260731;CNINFO-INDUSTRY-FALLBACK;THS-ZYJS-FALLBACK;PHASE-A-MARKET-STATE,机器人,TH-AUTO,secondary-line,机器人,cninfo_industry,申银万国行业分类标准|2021-07-30,2021-07-30,cninfo:ok,resolved_theme_unmatched
300609,汇纳科技,华为海思,华为海思,,Sina concept constituents 2026-07-31 snapshot,medium,sina_concept_primary,,LOCAL-SINA-INDUSTRY-20260731;LOCAL-SINA-CONCEPT-20260731;CNINFO-INDUSTRY-FALLBACK;THS-ZYJS-FALLBACK;PHASE-A-MARKET-STATE,,,technical-reversal-only,,sina_concept,sina_concept_primary,2026-07-31,existing_snapshot,resolved_theme_unmatched
300638,广和通,通信终端及配件,,,Sina concept constituents 2026-07-31 snapshot,medium,cninfo_industry_theme_unmatched,专精特新,LOCAL-SINA-INDUSTRY-20260731;LOCAL-SINA-CONCEPT-20260731;CNINFO-INDUSTRY-FALLBACK;THS-ZYJS-FALLBACK;PHASE-A-MARKET-STATE,通信终端及配件,,technical-reversal-only,通信终端及配件,cninfo_industry,申银万国行业分类标准|2021-07-30,2021-07-30,cninfo:ok,resolved_theme_unmatched
300648,星云股份,华为汽车,固态电池;高压快充;华为汽车,,Sina concept constituents 2026-07-31 snapshot,medium,sina_concept_primary,专精特新,LOCAL-SINA-INDUSTRY-20260731;LOCAL-SINA-CONCEPT-20260731;CNINFO-INDUSTRY-FALLBACK;THS-ZYJS-FALLBACK;PHASE-A-MARKET-STATE,,,technical-reversal-only,,sina_concept,sina_concept_primary,2026-07-31,existing_snapshot,resolved_theme_unmatched
300650,太龙股份,LED,,,Sina concept constituents 2026-07-31 snapshot,medium,cninfo_industry_theme_unmatched,,LOCAL-SINA-INDUSTRY-20260731;LOCAL-SINA-CONCEPT-20260731;CNINFO-INDUSTRY-FALLBACK;THS-ZYJS-FALLBACK;PHASE-A-MARKET-STATE,LED,,technical-reversal-only,LED,cninfo_industry,申银万国行业分类标准(旧)|2017-04-19,2017-04-19,cninfo:ok,resolved_theme_unmatched
300653,正海生物,医疗耗材,,,Sina concept constituents 2026-07-31 snapshot,medium,cninfo_industry_theme_unmatched,专精特新,LOCAL-SINA-INDUSTRY-20260731;LOCAL-SINA-CONCEPT-20260731;CNINFO-INDUSTRY-FALLBACK;THS-ZYJS-FALLBACK;PHASE-A-MARKET-STATE,医疗耗材,,technical-reversal-only,医疗耗材,cninfo_industry,申银万国行业分类标准|2021-07-30,2021-07-30,cninfo:ok,resolved_theme_unmatched
300657,弘信电子,印制电路板,,,Sina concept constituents 2026-07-31 snapshot,medium,cninfo_industry_theme_unmatched,,LOCAL-SINA-INDUSTRY-20260731;LOCAL-SINA-CONCEPT-20260731;CNINFO-INDUSTRY-FALLBACK;THS-ZYJS-FALLBACK;PHASE-A-MARKET-STATE,印制电路板,,technical-reversal-only,印制电路板,cninfo_industry,申银万国行业分类标准(旧)|2018-07-16,2018-07-16,cninfo:ok,resolved_theme_unmatched
300663,科蓝软件,华为鸿蒙,鸿蒙概念;华为鸿蒙,,Sina concept constituents 2026-07-31 snapshot,medium,sina_concept_primary,,LOCAL-SINA-INDUSTRY-20260731;LOCAL-SINA-CONCEPT-20260731;CNINFO-INDUSTRY-FALLBACK;THS-ZYJS-FALLBACK;PHASE-A-MARKET-STATE,,,technical-reversal-only,,sina_concept,sina_concept_primary,2026-07-31,existing_snapshot,resolved_theme_unmatched
300665,飞鹿股份,涂料油漆油墨制造,,,Sina concept constituents 2026-07-31 snapshot,medium,cninfo_industry_theme_unmatched,专精特新,LOCAL-SINA-INDUSTRY-20260731;LOCAL-SINA-CONCEPT-20260731;CNINFO-INDUSTRY-FALLBACK;THS-ZYJS-FALLBACK;PHASE-A-MARKET-STATE,涂料油漆油墨制造,,technical-reversal-only,涂料油漆油墨制造,cninfo_industry,申银万国行业分类标准(旧)|2017-05-25,2017-05-25,cninfo:ok,resolved_theme_unmatched
300680,隆盛科技,华为汽车,华为汽车,,Sina concept constituents 2026-07-31 snapshot,medium,sina_concept_primary,,LOCAL-SINA-INDUSTRY-20260731;LOCAL-SINA-CONCEPT-20260731;CNINFO-INDUSTRY-FALLBACK;THS-ZYJS-FALLBACK;PHASE-A-MARKET-STATE,,,technical-reversal-only,,sina_concept,sina_concept_primary,2026-07-31,existing_snapshot,resolved_theme_unmatched
300683,海特生物,CRO概念,CRO概念;CXO概念;创新药,,Sina concept constituents 2026-07-31 snapshot,medium,sina_concept_primary,,LOCAL-SINA-INDUSTRY-20260731;LOCAL-SINA-CONCEPT-20260731;CNINFO-INDUSTRY-FALLBACK;THS-ZYJS-FALLBACK;PHASE-A-MARKET-STATE,,,technical-reversal-only,,sina_concept,sina_concept_primary,2026-07-31,existing_snapshot,resolved_theme_unmatched
300702,天宇股份,原料药,,,Sina concept constituents 2026-07-31 snapshot,medium,cninfo_industry_theme_unmatched,,LOCAL-SINA-INDUSTRY-20260731;LOCAL-SINA-CONCEPT-20260731;CNINFO-INDUSTRY-FALLBACK;THS-ZYJS-FALLBACK;PHASE-A-MARKET-STATE,原料药,,technical-reversal-only,原料药,cninfo_industry,申银万国行业分类标准|2021-07-30,2021-07-30,cninfo:ok,resolved_theme_unmatched
300712,永福股份,风电,风电;光伏,,Sina concept constituents 2026-07-31 snapshot,medium,sina_concept_primary,,LOCAL-SINA-INDUSTRY-20260731;LOCAL-SINA-CONCEPT-20260731;CNINFO-INDUSTRY-FALLBACK;THS-ZYJS-FALLBACK;PHASE-A-MARKET-STATE,,,technical-reversal-only,,sina_concept,sina_concept_primary,2026-07-31,existing_snapshot,resolved_theme_unmatched
300722,新余国科,国防军工,大飞机;国防军工,,Sina concept constituents 2026-07-31 snapshot,medium,sina_concept_primary,,LOCAL-SINA-INDUSTRY-20260731;LOCAL-SINA-CONCEPT-20260731;CNINFO-INDUSTRY-FALLBACK;THS-ZYJS-FALLBACK;PHASE-A-MARKET-STATE,,,technical-reversal-only,,sina_concept,sina_concept_primary,2026-07-31,existing_snapshot,resolved_theme_unmatched
300723,一品红,化学制剂,,,Sina concept constituents 2026-07-31 snapshot,medium,cninfo_industry_theme_unmatched,,LOCAL-SINA-INDUSTRY-20260731;LOCAL-SINA-CONCEPT-20260731;CNINFO-INDUSTRY-FALLBACK;THS-ZYJS-FALLBACK;PHASE-A-MARKET-STATE,化学制剂,,technical-reversal-only,化学制剂,cninfo_industry,申银万国行业分类标准(旧)|2017-10-30,2017-10-30,cninfo:ok,resolved_theme_unmatched
300756,金马游乐,娱乐用品,,,Sina concept constituents 2026-07-31 snapshot,medium,cninfo_industry_theme_unmatched,,LOCAL-SINA-INDUSTRY-20260731;LOCAL-SINA-CONCEPT-20260731;CNINFO-INDUSTRY-FALLBACK;THS-ZYJS-FALLBACK;PHASE-A-MARKET-STATE,娱乐用品,,technical-reversal-only,娱乐用品,cninfo_industry,申银万国行业分类标准|2021-07-30,2021-07-30,cninfo:ok,resolved_theme_unmatched
300766,每日互动,华为鸿蒙,华为鸿蒙,,Sina concept constituents 2026-07-31 snapshot,medium,sina_concept_primary,,LOCAL-SINA-INDUSTRY-20260731;LOCAL-SINA-CONCEPT-20260731;CNINFO-INDUSTRY-FALLBACK;THS-ZYJS-FALLBACK;PHASE-A-MARKET-STATE,,,technical-reversal-only,,sina_concept,sina_concept_primary,2026-07-31,existing_snapshot,resolved_theme_unmatched
300768,迪普科技,软件/数字内容/计算机应用,,,Sina concept constituents 2026-07-31 snapshot,medium,business_alias_to_frozen_theme:TH-SOFTWARE,,LOCAL-SINA-INDUSTRY-20260731;LOCAL-SINA-CONCEPT-20260731;CNINFO-INDUSTRY-FALLBACK;THS-ZYJS-FALLBACK;PHASE-A-MARKET-STATE,横向通用软件,TH-SOFTWARE,current-mainline-continuation,横向通用软件,cninfo_industry,申银万国行业分类标准|2021-07-30,2021-07-30,cninfo:ok,resolved_theme_unmatched
300808,久量股份,LED,,,Sina concept constituents 2026-07-31 snapshot,medium,cninfo_industry_theme_unmatched,,LOCAL-SINA-INDUSTRY-20260731;LOCAL-SINA-CONCEPT-20260731;CNINFO-INDUSTRY-FALLBACK;THS-ZYJS-FALLBACK;PHASE-A-MARKET-STATE,LED,,technical-reversal-only,LED,cninfo_industry,申银万国行业分类标准(旧)|2019-11-11,2019-11-11,cninfo:ok,resolved_theme_unmatched
300809,华辰装备,机床工具,,,Sina concept constituents 2026-07-31 snapshot,medium,cninfo_industry_theme_unmatched,专精特新,LOCAL-SINA-INDUSTRY-20260731;LOCAL-SINA-CONCEPT-20260731;CNINFO-INDUSTRY-FALLBACK;THS-ZYJS-FALLBACK;PHASE-A-MARKET-STATE,机床工具,,technical-reversal-only,机床工具,cninfo_industry,申银万国行业分类标准(旧)|2019-11-13,2019-11-13,cninfo:ok,resolved_theme_unmatched
300812,易天股份,半导体设备,,,Sina concept constituents 2026-07-31 snapshot,medium,cninfo_industry_theme_unmatched,专精特新,LOCAL-SINA-INDUSTRY-20260731;LOCAL-SINA-CONCEPT-20260731;CNINFO-INDUSTRY-FALLBACK;THS-ZYJS-FALLBACK;PHASE-A-MARKET-STATE,半导体设备,,technical-reversal-only,半导体设备,cninfo_industry,申银万国行业分类标准|2021-07-30,2021-07-30,cninfo:ok,resolved_theme_unmatched
300841,康华生物,疫苗,,,Sina concept constituents 2026-07-31 snapshot,medium,cninfo_industry_theme_unmatched,,LOCAL-SINA-INDUSTRY-20260731;LOCAL-SINA-CONCEPT-20260731;CNINFO-INDUSTRY-FALLBACK;THS-ZYJS-FALLBACK;PHASE-A-MARKET-STATE,疫苗,,technical-reversal-only,疫苗,cninfo_industry,申银万国行业分类标准|2021-07-30,2021-07-30,cninfo:ok,resolved_theme_unmatched
300859,西域旅游,自然景区,,,Sina concept constituents 2026-07-31 snapshot,medium,cninfo_industry_theme_unmatched,,LOCAL-SINA-INDUSTRY-20260731;LOCAL-SINA-CONCEPT-20260731;CNINFO-INDUSTRY-FALLBACK;THS-ZYJS-FALLBACK;PHASE-A-MARKET-STATE,自然景区,,technical-reversal-only,自然景区,cninfo_industry,申银万国行业分类标准|2021-07-30,2021-07-30,cninfo:ok,resolved_theme_unmatched
300877,金春股份,其他纺织,,,Sina concept constituents 2026-07-31 snapshot,medium,cninfo_industry_theme_unmatched,,LOCAL-SINA-INDUSTRY-20260731;LOCAL-SINA-CONCEPT-20260731;CNINFO-INDUSTRY-FALLBACK;THS-ZYJS-FALLBACK;PHASE-A-MARKET-STATE,其他纺织,,technical-reversal-only,其他纺织,cninfo_industry,申银万国行业分类标准(旧)|2020-08-05,2020-08-05,cninfo:ok,resolved_theme_unmatched
300916,朗特智能,消费电子零部件及组装,,,Sina concept constituents 2026-07-31 snapshot,medium,cninfo_industry_theme_unmatched,,LOCAL-SINA-INDUSTRY-20260731;LOCAL-SINA-CONCEPT-20260731;CNINFO-INDUSTRY-FALLBACK;THS-ZYJS-FALLBACK;PHASE-A-MARKET-STATE,消费电子零部件及组装,,technical-reversal-only,消费电子零部件及组装,cninfo_industry,申银万国行业分类标准|2021-07-30,2021-07-30,cninfo:ok,resolved_theme_unmatched
301000,肇民科技,其他汽车零部件,,,Sina concept constituents 2026-07-31 snapshot,medium,cninfo_industry_theme_unmatched,,LOCAL-SINA-INDUSTRY-20260731;LOCAL-SINA-CONCEPT-20260731;CNINFO-INDUSTRY-FALLBACK;THS-ZYJS-FALLBACK;PHASE-A-MARKET-STATE,其他汽车零部件,,technical-reversal-only,其他汽车零部件,cninfo_industry,申银万国行业分类标准|2021-07-30,2021-07-30,cninfo:ok,resolved_theme_unmatched
301010,晶雪节能,其他建材,,,Sina concept constituents 2026-07-31 snapshot,medium,cninfo_industry_theme_unmatched,专精特新,LOCAL-SINA-INDUSTRY-20260731;LOCAL-SINA-CONCEPT-20260731;CNINFO-INDUSTRY-FALLBACK;THS-ZYJS-FALLBACK;PHASE-A-MARKET-STATE,其他建材,,technical-reversal-only,其他建材,cninfo_industry,申银万国行业分类标准|2021-07-30,2021-07-30,cninfo:ok,resolved_theme_unmatched
301023,奕帆传动,电机,,,Sina concept constituents 2026-07-31 snapshot,medium,cninfo_industry_theme_unmatched,,LOCAL-SINA-INDUSTRY-20260731;LOCAL-SINA-CONCEPT-20260731;CNINFO-INDUSTRY-FALLBACK;THS-ZYJS-FALLBACK;PHASE-A-MARKET-STATE,电机,,technical-reversal-only,电机,cninfo_industry,申银万国行业分类标准(旧)|2021-06-23,2021-06-23,cninfo:ok,resolved_theme_unmatched
301024,霍普股份,工程咨询服务,,,Sina concept constituents 2026-07-31 snapshot,medium,cninfo_industry_theme_unmatched,,LOCAL-SINA-INDUSTRY-20260731;LOCAL-SINA-CONCEPT-20260731;CNINFO-INDUSTRY-FALLBACK;THS-ZYJS-FALLBACK;PHASE-A-MARKET-STATE,工程咨询服务,,technical-reversal-only,工程咨询服务,cninfo_industry,申银万国行业分类标准|2021-07-30,2021-07-30,cninfo:ok,resolved_theme_unmatched
301042,安联锐视,安防设备,,,Sina concept constituents 2026-07-31 snapshot,medium,cninfo_industry_theme_unmatched,,LOCAL-SINA-INDUSTRY-20260731;LOCAL-SINA-CONCEPT-20260731;CNINFO-INDUSTRY-FALLBACK;THS-ZYJS-FALLBACK;PHASE-A-MARKET-STATE,安防设备,,technical-reversal-only,安防设备,cninfo_industry,申银万国行业分类标准|2021-07-30,2021-07-30,cninfo:ok,resolved_theme_unmatched
301068,大地海洋,固废治理,,,Sina concept constituents 2026-07-31 snapshot,medium,cninfo_industry_theme_unmatched,,LOCAL-SINA-INDUSTRY-20260731;LOCAL-SINA-CONCEPT-20260731;CNINFO-INDUSTRY-FALLBACK;THS-ZYJS-FALLBACK;PHASE-A-MARKET-STATE,固废治理,,technical-reversal-only,固废治理,cninfo_industry,申银万国行业分类标准|2021-09-03,2021-09-03,cninfo:ok,resolved_theme_unmatched
301130,西点药业,化学制剂,,,Sina concept constituents 2026-07-31 snapshot,medium,cninfo_industry_theme_unmatched,,LOCAL-SINA-INDUSTRY-20260731;LOCAL-SINA-CONCEPT-20260731;CNINFO-INDUSTRY-FALLBACK;THS-ZYJS-FALLBACK;PHASE-A-MARKET-STATE,化学制剂,,technical-reversal-only,化学制剂,cninfo_industry,申银万国行业分类标准|2022-01-28,2022-01-28,cninfo:ok,resolved_theme_unmatched
301157,华塑科技,软件/数字内容/计算机应用,,,Sina concept constituents 2026-07-31 snapshot,medium,business_alias_to_frozen_theme:TH-SOFTWARE,,LOCAL-SINA-INDUSTRY-20260731;LOCAL-SINA-CONCEPT-20260731;CNINFO-INDUSTRY-FALLBACK;THS-ZYJS-FALLBACK;PHASE-A-MARKET-STATE,软件开发,TH-SOFTWARE,current-mainline-continuation,软件开发,cninfo_industry,申银万国行业分类标准(旧)|2021-08-24,2021-08-24,cninfo:ok,resolved_theme_unmatched
301166,优宁维,其他生物制品,,,Sina concept constituents 2026-07-31 snapshot,medium,cninfo_industry_theme_unmatched,,LOCAL-SINA-INDUSTRY-20260731;LOCAL-SINA-CONCEPT-20260731;CNINFO-INDUSTRY-FALLBACK;THS-ZYJS-FALLBACK;PHASE-A-MARKET-STATE,其他生物制品,,technical-reversal-only,其他生物制品,cninfo_industry,申银万国行业分类标准|2021-12-10,2021-12-10,cninfo:ok,resolved_theme_unmatched
301179,泽宇智能,自动化/机器人修复,,,Sina concept constituents 2026-07-31 snapshot,medium,business_alias_to_frozen_theme:TH-AUTO,,LOCAL-SINA-INDUSTRY-20260731;LOCAL-SINA-CONCEPT-20260731;CNINFO-INDUSTRY-FALLBACK;THS-ZYJS-FALLBACK;PHASE-A-MARKET-STATE,电网自动化设备,TH-AUTO,secondary-line,电网自动化设备,cninfo_industry,申银万国行业分类标准|2021-11-26,2021-11-26,cninfo:ok,resolved_theme_unmatched
301190,善水科技,纺织化学制品,,,Sina concept constituents 2026-07-31 snapshot,medium,cninfo_industry_theme_unmatched,,LOCAL-SINA-INDUSTRY-20260731;LOCAL-SINA-CONCEPT-20260731;CNINFO-INDUSTRY-FALLBACK;THS-ZYJS-FALLBACK;PHASE-A-MARKET-STATE,纺织化学制品,,technical-reversal-only,纺织化学制品,cninfo_industry,申银万国行业分类标准|2021-12-03,2021-12-03,cninfo:ok,resolved_theme_unmatched
301193,家联科技,其他家居用品,,,Sina concept constituents 2026-07-31 snapshot,medium,cninfo_industry_theme_unmatched,,LOCAL-SINA-INDUSTRY-20260731;LOCAL-SINA-CONCEPT-20260731;CNINFO-INDUSTRY-FALLBACK;THS-ZYJS-FALLBACK;PHASE-A-MARKET-STATE,其他家居用品,,technical-reversal-only,其他家居用品,cninfo_industry,申银万国行业分类标准|2021-11-26,2021-11-26,cninfo:ok,resolved_theme_unmatched
301199,迈赫股份,自动化/机器人修复,,,Sina concept constituents 2026-07-31 snapshot,medium,business_alias_to_frozen_theme:TH-AUTO,,LOCAL-SINA-INDUSTRY-20260731;LOCAL-SINA-CONCEPT-20260731;CNINFO-INDUSTRY-FALLBACK;THS-ZYJS-FALLBACK;PHASE-A-MARKET-STATE,机器人,TH-AUTO,secondary-line,机器人,cninfo_industry,申银万国行业分类标准|2021-11-26,2021-11-26,cninfo:ok,resolved_theme_unmatched
301202,朗威股份,先进光伏电池修复,,,Sina concept constituents 2026-07-31 snapshot,medium,business_alias_to_frozen_theme:TH-PV,,LOCAL-SINA-INDUSTRY-20260731;LOCAL-SINA-CONCEPT-20260731;CNINFO-INDUSTRY-FALLBACK;THS-ZYJS-FALLBACK;PHASE-A-MARKET-STATE,光伏设备/材料,TH-PV,secondary-line,光伏设备/材料,ths_business_keyword,服务器机柜、微模块、IT撬块等数据中心预制化基础设施产品和综合布线产品的研发、生产、销售及服务。,2026-07-31,cninfo:error;ths_zyjs:ok,resolved_theme_unmatched
301203,国泰环保,环保工程及服务,,,Sina concept constituents 2026-07-31 snapshot,medium,cninfo_industry_theme_unmatched,,LOCAL-SINA-INDUSTRY-20260731;LOCAL-SINA-CONCEPT-20260731;CNINFO-INDUSTRY-FALLBACK;THS-ZYJS-FALLBACK;PHASE-A-MARKET-STATE,环保工程及服务,,technical-reversal-only,环保工程及服务,cninfo_industry,申银万国行业分类标准(旧)|2021-08-23,2021-08-23,cninfo:ok,resolved_theme_unmatched
301211,亨迪药业,原料药,,,Sina concept constituents 2026-07-31 snapshot,medium,cninfo_industry_theme_unmatched,,LOCAL-SINA-INDUSTRY-20260731;LOCAL-SINA-CONCEPT-20260731;CNINFO-INDUSTRY-FALLBACK;THS-ZYJS-FALLBACK;PHASE-A-MARKET-STATE,原料药,,technical-reversal-only,原料药,cninfo_industry,申银万国行业分类标准|2021-12-02,2021-12-02,cninfo:ok,resolved_theme_unmatched
301231,荣信文化,软件/数字内容/计算机应用,,,Sina concept constituents 2026-07-31 snapshot,medium,business_alias_to_frozen_theme:TH-SOFTWARE,,LOCAL-SINA-INDUSTRY-20260731;LOCAL-SINA-CONCEPT-20260731;CNINFO-INDUSTRY-FALLBACK;THS-ZYJS-FALLBACK;PHASE-A-MARKET-STATE,其他文化传媒,TH-SOFTWARE,current-mainline-continuation,其他文化传媒,cninfo_industry,申银万国行业分类标准(旧)|2021-04-23,2021-04-23,cninfo:ok,resolved_theme_unmatched
301259,艾布鲁,综合环境治理,,,Sina concept constituents 2026-07-31 snapshot,medium,cninfo_industry_theme_unmatched,,LOCAL-SINA-INDUSTRY-20260731;LOCAL-SINA-CONCEPT-20260731;CNINFO-INDUSTRY-FALLBACK;THS-ZYJS-FALLBACK;PHASE-A-MARKET-STATE,综合环境治理,,technical-reversal-only,综合环境治理,cninfo_industry,申银万国行业分类标准|2022-04-06,2022-04-06,cninfo:ok,resolved_theme_unmatched
301261,恒工精密,精密机加工件,,,Sina concept constituents 2026-07-31 snapshot,medium,ths_business_keyword_theme_unmatched,,LOCAL-SINA-INDUSTRY-20260731;LOCAL-SINA-CONCEPT-20260731;CNINFO-INDUSTRY-FALLBACK;THS-ZYJS-FALLBACK;PHASE-A-MARKET-STATE,精密机加工件,,technical-reversal-only,精密机加工件,ths_business_keyword,精密机加工件及连续铸铁件的研发、生产和销售。,2026-07-31,cninfo:error;ths_zyjs:ok,resolved_theme_unmatched
301269,华大九天,软件/数字内容/计算机应用,,,Sina concept constituents 2026-07-31 snapshot,medium,business_alias_to_frozen_theme:TH-SOFTWARE,专精特新,LOCAL-SINA-INDUSTRY-20260731;LOCAL-SINA-CONCEPT-20260731;CNINFO-INDUSTRY-FALLBACK;THS-ZYJS-FALLBACK;PHASE-A-MARKET-STATE,垂直应用软件,TH-SOFTWARE,current-mainline-continuation,垂直应用软件,cninfo_industry,申银万国行业分类标准|2022-07-11,2022-07-11,cninfo:ok,resolved_theme_unmatched
301277,新天地,化学原料药,,,Sina concept constituents 2026-07-31 snapshot,medium,cninfo_industry_theme_unmatched,,LOCAL-SINA-INDUSTRY-20260731;LOCAL-SINA-CONCEPT-20260731;CNINFO-INDUSTRY-FALLBACK;THS-ZYJS-FALLBACK;PHASE-A-MARKET-STATE,化学原料药,,technical-reversal-only,化学原料药,cninfo_industry,申银万国行业分类标准(旧)|2021-06-28,2021-06-28,cninfo:ok,resolved_theme_unmatched
301301,川宁生物,化学原料药,,,Sina concept constituents 2026-07-31 snapshot,medium,cninfo_industry_theme_unmatched,,LOCAL-SINA-INDUSTRY-20260731;LOCAL-SINA-CONCEPT-20260731;CNINFO-INDUSTRY-FALLBACK;THS-ZYJS-FALLBACK;PHASE-A-MARKET-STATE,化学原料药,,technical-reversal-only,化学原料药,cninfo_industry,申银万国行业分类标准(旧)|2021-08-23,2021-08-23,cninfo:ok,resolved_theme_unmatched
301336,趣睡科技,家具,,,Sina concept constituents 2026-07-31 snapshot,medium,cninfo_industry_theme_unmatched,,LOCAL-SINA-INDUSTRY-20260731;LOCAL-SINA-CONCEPT-20260731;CNINFO-INDUSTRY-FALLBACK;THS-ZYJS-FALLBACK;PHASE-A-MARKET-STATE,家具,,technical-reversal-only,家具,cninfo_industry,申银万国行业分类标准(旧)|2021-07-08,2021-07-08,cninfo:ok,resolved_theme_unmatched
301337,亚华电子,软件/数字内容/计算机应用,,,Sina concept constituents 2026-07-31 snapshot,medium,business_alias_to_frozen_theme:TH-SOFTWARE,,LOCAL-SINA-INDUSTRY-20260731;LOCAL-SINA-CONCEPT-20260731;CNINFO-INDUSTRY-FALLBACK;THS-ZYJS-FALLBACK;PHASE-A-MARKET-STATE,软件开发,TH-SOFTWARE,current-mainline-continuation,软件开发,cninfo_industry,申银万国行业分类标准(旧)|2021-06-25,2021-06-25,cninfo:ok,resolved_theme_unmatched
301363,美好医疗,医疗器械,,,Sina concept constituents 2026-07-31 snapshot,medium,cninfo_industry_theme_unmatched,,LOCAL-SINA-INDUSTRY-20260731;LOCAL-SINA-CONCEPT-20260731;CNINFO-INDUSTRY-FALLBACK;THS-ZYJS-FALLBACK;PHASE-A-MARKET-STATE,医疗器械,,technical-reversal-only,医疗器械,cninfo_industry,申银万国行业分类标准(旧)|2021-04-16,2021-04-16,cninfo:ok,resolved_theme_unmatched
301368,丰立智能,自动化/机器人修复,,,Sina concept constituents 2026-07-31 snapshot,medium,business_alias_to_frozen_theme:TH-AUTO,,LOCAL-SINA-INDUSTRY-20260731;LOCAL-SINA-CONCEPT-20260731;CNINFO-INDUSTRY-FALLBACK;THS-ZYJS-FALLBACK;PHASE-A-MARKET-STATE,其它通用机械,TH-AUTO,secondary-line,其它通用机械,cninfo_industry,申银万国行业分类标准(旧)|2021-06-30,2021-06-30,cninfo:ok,resolved_theme_unmatched
301379,天山电子,其他电子,,,Sina concept constituents 2026-07-31 snapshot,medium,cninfo_industry_theme_unmatched,,LOCAL-SINA-INDUSTRY-20260731;LOCAL-SINA-CONCEPT-20260731;CNINFO-INDUSTRY-FALLBACK;THS-ZYJS-FALLBACK;PHASE-A-MARKET-STATE,其他电子,,technical-reversal-only,其他电子,cninfo_industry,申银万国行业分类标准(旧)|2021-05-21,2021-05-21,cninfo:ok,resolved_theme_unmatched
301380,挖金客,软件/数字内容/计算机应用,,,Sina concept constituents 2026-07-31 snapshot,medium,business_alias_to_frozen_theme:TH-SOFTWARE,,LOCAL-SINA-INDUSTRY-20260731;LOCAL-SINA-CONCEPT-20260731;CNINFO-INDUSTRY-FALLBACK;THS-ZYJS-FALLBACK;PHASE-A-MARKET-STATE,IT服务,TH-SOFTWARE,current-mainline-continuation,IT服务,cninfo_industry,申银万国行业分类标准(旧)|2021-02-22,2021-02-22,cninfo:ok,resolved_theme_unmatched
301395,仁信新材,其他化学制品,,,Sina concept constituents 2026-07-31 snapshot,medium,cninfo_industry_theme_unmatched,,LOCAL-SINA-INDUSTRY-20260731;LOCAL-SINA-CONCEPT-20260731;CNINFO-INDUSTRY-FALLBACK;THS-ZYJS-FALLBACK;PHASE-A-MARKET-STATE,其他化学制品,,technical-reversal-only,其他化学制品,cninfo_industry,申银万国行业分类标准(旧)|2021-04-30,2021-04-30,cninfo:ok,resolved_theme_unmatched
301398,星源卓镁,铝,,,Sina concept constituents 2026-07-31 snapshot,medium,cninfo_industry_theme_unmatched,,LOCAL-SINA-INDUSTRY-20260731;LOCAL-SINA-CONCEPT-20260731;CNINFO-INDUSTRY-FALLBACK;THS-ZYJS-FALLBACK;PHASE-A-MARKET-STATE,铝,,technical-reversal-only,铝,cninfo_industry,申银万国行业分类标准(旧)|2021-07-23,2021-07-23,cninfo:ok,resolved_theme_unmatched
301413,安培龙,其他电子,,,Sina concept constituents 2026-07-31 snapshot,medium,cninfo_industry_theme_unmatched,,LOCAL-SINA-INDUSTRY-20260731;LOCAL-SINA-CONCEPT-20260731;CNINFO-INDUSTRY-FALLBACK;THS-ZYJS-FALLBACK;PHASE-A-MARKET-STATE,其他电子,,technical-reversal-only,其他电子,cninfo_industry,申银万国行业分类标准(旧)|2021-05-31,2021-05-31,cninfo:ok,resolved_theme_unmatched
301468,博盈特焊,自动化/机器人修复,,,Sina concept constituents 2026-07-31 snapshot,medium,business_alias_to_frozen_theme:TH-AUTO,,LOCAL-SINA-INDUSTRY-20260731;LOCAL-SINA-CONCEPT-20260731;CNINFO-INDUSTRY-FALLBACK;THS-ZYJS-FALLBACK;PHASE-A-MARKET-STATE,其它专用机械,TH-AUTO,secondary-line,其它专用机械,cninfo_industry,申银万国行业分类标准(旧)|2021-07-16,2021-07-16,cninfo:ok,resolved_theme_unmatched
301507,民生健康,医疗器械/医药服务,,,Sina concept constituents 2026-07-31 snapshot,medium,ths_business_keyword_theme_unmatched,,LOCAL-SINA-INDUSTRY-20260731;LOCAL-SINA-CONCEPT-20260731;CNINFO-INDUSTRY-FALLBACK;THS-ZYJS-FALLBACK;PHASE-A-MARKET-STATE,医疗器械/医药服务,,technical-reversal-only,医疗器械/医药服务,ths_business_keyword,药品、保健食品、功能性食品研发、生产、销售。,2026-07-31,cninfo:error;ths_zyjs:ok,resolved_theme_unmatched
301509,金凯生科,医疗器械/医药服务,,,Sina concept constituents 2026-07-31 snapshot,medium,ths_business_keyword_theme_unmatched,,LOCAL-SINA-INDUSTRY-20260731;LOCAL-SINA-CONCEPT-20260731;CNINFO-INDUSTRY-FALLBACK;THS-ZYJS-FALLBACK;PHASE-A-MARKET-STATE,医疗器械/医药服务,,technical-reversal-only,医疗器械/医药服务,ths_business_keyword,提供小分子药物中间体以及少量原料药的定制研发生产服务。,2026-07-31,cninfo:error;ths_zyjs:ok,resolved_theme_unmatched
301515,港通医疗,医疗器械/医药服务,,,Sina concept constituents 2026-07-31 snapshot,medium,ths_business_keyword_theme_unmatched,,LOCAL-SINA-INDUSTRY-20260731;LOCAL-SINA-CONCEPT-20260731;CNINFO-INDUSTRY-FALLBACK;THS-ZYJS-FALLBACK;PHASE-A-MARKET-STATE,医疗器械/医药服务,,technical-reversal-only,医疗器械/医药服务,ths_business_keyword,提供现代化的医疗器械研发制造及医疗专业系统整体方案。,2026-07-31,cninfo:error;ths_zyjs:ok,resolved_theme_unmatched
301525,儒竞科技,自动化/机器人修复,,,Sina concept constituents 2026-07-31 snapshot,medium,business_alias_to_frozen_theme:TH-AUTO,,LOCAL-SINA-INDUSTRY-20260731;LOCAL-SINA-CONCEPT-20260731;CNINFO-INDUSTRY-FALLBACK;THS-ZYJS-FALLBACK;PHASE-A-MARKET-STATE,自动化设备/机器人,TH-AUTO,secondary-line,自动化设备/机器人,ths_business_keyword,电力电子及电机控制领域综合产品的研发、生产与销售，以及变频节能与智能控制应用方案的提供。,2026-07-31,cninfo:error;ths_zyjs:ok,resolved_theme_unmatched
301529,福赛科技,汽车零部件/整车,,,Sina concept constituents 2026-07-31 snapshot,medium,ths_business_keyword_theme_unmatched,,LOCAL-SINA-INDUSTRY-20260731;LOCAL-SINA-CONCEPT-20260731;CNINFO-INDUSTRY-FALLBACK;THS-ZYJS-FALLBACK;PHASE-A-MARKET-STATE,汽车零部件/整车,,technical-reversal-only,汽车零部件/整车,ths_business_keyword,汽车内饰件研发、生产和销售。,2026-07-31,cninfo:error;ths_zyjs:ok,resolved_theme_unmatched
301550,斯菱智驱,汽车零部件/整车,,,Sina concept constituents 2026-07-31 snapshot,medium,ths_business_keyword_theme_unmatched,,LOCAL-SINA-INDUSTRY-20260731;LOCAL-SINA-CONCEPT-20260731;CNINFO-INDUSTRY-FALLBACK;THS-ZYJS-FALLBACK;PHASE-A-MARKET-STATE,汽车零部件/整车,,technical-reversal-only,汽车零部件/整车,ths_business_keyword,汽车零部件产品的研发、制造和销售。,2026-07-31,cninfo:error;ths_zyjs:ok,resolved_theme_unmatched
301566,达利凯普,其他电子,,,Sina concept constituents 2026-07-31 snapshot,medium,cninfo_industry_theme_unmatched,,LOCAL-SINA-INDUSTRY-20260731;LOCAL-SINA-CONCEPT-20260731;CNINFO-INDUSTRY-FALLBACK;THS-ZYJS-FALLBACK;PHASE-A-MARKET-STATE,其他电子,,technical-reversal-only,其他电子,cninfo_industry,申银万国行业分类标准(旧)|2021-06-25,2021-06-25,cninfo:ok,resolved_theme_unmatched
301596,瑞迪智驱,自动化/机器人修复,,,Sina concept constituents 2026-07-31 snapshot,medium,business_alias_to_frozen_theme:TH-AUTO,,LOCAL-SINA-INDUSTRY-20260731;LOCAL-SINA-CONCEPT-20260731;CNINFO-INDUSTRY-FALLBACK;THS-ZYJS-FALLBACK;PHASE-A-MARKET-STATE,自动化设备/机器人,TH-AUTO,secondary-line,自动化设备/机器人,ths_business_keyword,自动化设备传动与制动系统关键零部件研发、生产与销售。,2026-07-31,cninfo:error;ths_zyjs:ok,resolved_theme_unmatched
301618,长联科技,化工材料,,,Sina concept constituents 2026-07-31 snapshot,medium,ths_business_keyword_theme_unmatched,,LOCAL-SINA-INDUSTRY-20260731;LOCAL-SINA-CONCEPT-20260731;CNINFO-INDUSTRY-FALLBACK;THS-ZYJS-FALLBACK;PHASE-A-MARKET-STATE,化工材料,,technical-reversal-only,化工材料,ths_business_keyword,水性印花材料的研发、生产、销售。,2026-07-31,cninfo:error;ths_zyjs:ok,resolved_theme_unmatched
301665,泰禾股份,农药,,,Sina concept constituents 2026-07-31 snapshot,medium,cninfo_industry_theme_unmatched,,LOCAL-SINA-INDUSTRY-20260731;LOCAL-SINA-CONCEPT-20260731;CNINFO-INDUSTRY-FALLBACK;THS-ZYJS-FALLBACK;PHASE-A-MARKET-STATE,农药,,technical-reversal-only,农药,cninfo_industry,申银万国行业分类标准(旧)|2021-03-31,2021-03-31,cninfo:ok,resolved_theme_unmatched
600021,上海电力,电力行业,参股金融;风电;光伏;光伏概念;上海本地;碳交易,电力行业,Sina concept constituents 2026-07-31 snapshot,medium,sina_industry_primary,业绩预升,LOCAL-SINA-INDUSTRY-20260731;LOCAL-SINA-CONCEPT-20260731;CNINFO-INDUSTRY-FALLBACK;THS-ZYJS-FALLBACK;PHASE-A-MARKET-STATE,,,technical-reversal-only,,sina_industry,sina_industry_primary,2026-07-31,existing_snapshot,resolved_theme_unmatched
600032,浙江新能,风电,风电;光伏,,Sina concept constituents 2026-07-31 snapshot,medium,sina_concept_primary,,LOCAL-SINA-INDUSTRY-20260731;LOCAL-SINA-CONCEPT-20260731;CNINFO-INDUSTRY-FALLBACK;THS-ZYJS-FALLBACK;PHASE-A-MARKET-STATE,,,technical-reversal-only,,sina_concept,sina_concept_primary,2026-07-31,existing_snapshot,resolved_theme_unmatched
600062,华润双鹤,生物制药,仿制药;基金重仓;甲型流感;生物疫苗;重组概念,生物制药,Sina concept constituents 2026-07-31 snapshot,medium,sina_industry_primary,QFII重仓;融资融券,LOCAL-SINA-INDUSTRY-20260731;LOCAL-SINA-CONCEPT-20260731;CNINFO-INDUSTRY-FALLBACK;THS-ZYJS-FALLBACK;PHASE-A-MARKET-STATE,,,technical-reversal-only,,sina_industry,sina_industry_primary,2026-07-31,existing_snapshot,resolved_theme_unmatched
600114,东睦股份,机械行业,股权激励;特斯拉;外资背景,机械行业,Sina concept constituents 2026-07-31 snapshot,medium,sina_industry_primary,业绩预升,LOCAL-SINA-INDUSTRY-20260731;LOCAL-SINA-CONCEPT-20260731;CNINFO-INDUSTRY-FALLBACK;THS-ZYJS-FALLBACK;PHASE-A-MARKET-STATE,,,technical-reversal-only,,sina_industry,sina_industry_primary,2026-07-31,existing_snapshot,resolved_theme_unmatched
600196,复星医药,生物制药,保险重仓;创新药;分拆上市;仿制药;含H股;金融参股;抗癌;民营银行;民营医院;免疫治疗;上海本地;氢燃料;生物疫苗,生物制药,Sina concept constituents 2026-07-31 snapshot,medium,sina_industry_primary,融资融券;社保重仓,LOCAL-SINA-INDUSTRY-20260731;LOCAL-SINA-CONCEPT-20260731;CNINFO-INDUSTRY-FALLBACK;THS-ZYJS-FALLBACK;PHASE-A-MARKET-STATE,,,technical-reversal-only,,sina_industry,sina_industry_primary,2026-07-31,existing_snapshot,resolved_theme_unmatched
600208,衢州发展,房地产,参股金融;股权激励;基金重仓;金融参股;金融改革;民营银行;涉矿概念,房地产,Sina concept constituents 2026-07-31 snapshot,medium,sina_industry_primary,融资融券,LOCAL-SINA-INDUSTRY-20260731;LOCAL-SINA-CONCEPT-20260731;CNINFO-INDUSTRY-FALLBACK;THS-ZYJS-FALLBACK;PHASE-A-MARKET-STATE,,,technical-reversal-only,,sina_industry,sina_industry_primary,2026-07-31,existing_snapshot,resolved_theme_unmatched
600222,太龙药业,生物制药,CXO概念;参股金融;创新药;金融参股,生物制药,Sina concept constituents 2026-07-31 snapshot,medium,sina_industry_primary,业绩预升,LOCAL-SINA-INDUSTRY-20260731;LOCAL-SINA-CONCEPT-20260731;CNINFO-INDUSTRY-FALLBACK;THS-ZYJS-FALLBACK;PHASE-A-MARKET-STATE,,,technical-reversal-only,,sina_industry,sina_industry_primary,2026-07-31,existing_snapshot,resolved_theme_unmatched
600226,亨通股份,农药化肥,参股金融;草甘膦;出口退税;核电核能,农药化肥,Sina concept constituents 2026-07-31 snapshot,medium,sina_industry_primary,,LOCAL-SINA-INDUSTRY-20260731;LOCAL-SINA-CONCEPT-20260731;CNINFO-INDUSTRY-FALLBACK;THS-ZYJS-FALLBACK;PHASE-A-MARKET-STATE,,,technical-reversal-only,,sina_industry,sina_industry_primary,2026-07-31,existing_snapshot,resolved_theme_unmatched
600259,中稀有色,有色金属,海南自贸;券商重仓;稀缺资源,有色金属,Sina concept constituents 2026-07-31 snapshot,medium,sina_industry_primary,融资融券,LOCAL-SINA-INDUSTRY-20260731;LOCAL-SINA-CONCEPT-20260731;CNINFO-INDUSTRY-FALLBACK;THS-ZYJS-FALLBACK;PHASE-A-MARKET-STATE,,,technical-reversal-only,,sina_industry,sina_industry_primary,2026-07-31,existing_snapshot,resolved_theme_unmatched
600276,恒瑞医药,生物制药,保险重仓;创新药;股权激励;基金重仓;抗癌;沿海发展,生物制药,Sina concept constituents 2026-07-31 snapshot,medium,sina_industry_primary,融资融券,LOCAL-SINA-INDUSTRY-20260731;LOCAL-SINA-CONCEPT-20260731;CNINFO-INDUSTRY-FALLBACK;THS-ZYJS-FALLBACK;PHASE-A-MARKET-STATE,,,technical-reversal-only,,sina_industry,sina_industry_primary,2026-07-31,existing_snapshot,resolved_theme_unmatched
600288,大恒科技,电子信息,3D打印;参股金融;分拆上市;股期概念;金融参股;食品安全,电子信息,Sina concept constituents 2026-07-31 snapshot,medium,sina_industry_primary,融资融券;专精特新,LOCAL-SINA-INDUSTRY-20260731;LOCAL-SINA-CONCEPT-20260731;CNINFO-INDUSTRY-FALLBACK;THS-ZYJS-FALLBACK;PHASE-A-MARKET-STATE,,,technical-reversal-only,,sina_industry,sina_industry_primary,2026-07-31,existing_snapshot,resolved_theme_unmatched
600316,洪都航空,飞机制造,参股金融;大飞机;国防军工;军工航天;军民融合;券商重仓;信托重仓,飞机制造,Sina concept constituents 2026-07-31 snapshot,medium,sina_industry_primary,融资融券,LOCAL-SINA-INDUSTRY-20260731;LOCAL-SINA-CONCEPT-20260731;CNINFO-INDUSTRY-FALLBACK;THS-ZYJS-FALLBACK;PHASE-A-MARKET-STATE,,,technical-reversal-only,,sina_industry,sina_industry_primary,2026-07-31,existing_snapshot,resolved_theme_unmatched
600380,健康元,生物制药,参股金融;创新药;金融参股;深圳本地,生物制药,Sina concept constituents 2026-07-31 snapshot,medium,sina_industry_primary,业绩预升,LOCAL-SINA-INDUSTRY-20260731;LOCAL-SINA-CONCEPT-20260731;CNINFO-INDUSTRY-FALLBACK;THS-ZYJS-FALLBACK;PHASE-A-MARKET-STATE,,,technical-reversal-only,,sina_industry,sina_industry_primary,2026-07-31,existing_snapshot,resolved_theme_unmatched
600392,盛和资源,重组概念,低碳经济;重组概念,,Sina concept constituents 2026-07-31 snapshot,medium,sina_concept_primary,,LOCAL-SINA-INDUSTRY-20260731;LOCAL-SINA-CONCEPT-20260731;CNINFO-INDUSTRY-FALLBACK;THS-ZYJS-FALLBACK;PHASE-A-MARKET-STATE,,,technical-reversal-only,,sina_concept,sina_concept_primary,2026-07-31,existing_snapshot,resolved_theme_unmatched
600521,华海药业,生物制药,创新药;仿制药;股权激励;基金重仓,生物制药,Sina concept constituents 2026-07-31 snapshot,medium,sina_industry_primary,社保重仓,LOCAL-SINA-INDUSTRY-20260731;LOCAL-SINA-CONCEPT-20260731;CNINFO-INDUSTRY-FALLBACK;THS-ZYJS-FALLBACK;PHASE-A-MARKET-STATE,,,technical-reversal-only,,sina_industry,sina_industry_primary,2026-07-31,existing_snapshot,resolved_theme_unmatched
600531,豫光金铅,有色金属,出口退税;固废处理;黄金概念;循环经济,有色金属,Sina concept constituents 2026-07-31 snapshot,medium,sina_industry_primary,,LOCAL-SINA-INDUSTRY-20260731;LOCAL-SINA-CONCEPT-20260731;CNINFO-INDUSTRY-FALLBACK;THS-ZYJS-FALLBACK;PHASE-A-MARKET-STATE,,,technical-reversal-only,,sina_industry,sina_industry_primary,2026-07-31,existing_snapshot,resolved_theme_unmatched
600557,康缘药业,生物制药,基金重仓;甲型流感;沿海发展,生物制药,Sina concept constituents 2026-07-31 snapshot,medium,sina_industry_primary,融资融券,LOCAL-SINA-INDUSTRY-20260731;LOCAL-SINA-CONCEPT-20260731;CNINFO-INDUSTRY-FALLBACK;THS-ZYJS-FALLBACK;PHASE-A-MARKET-STATE,,,technical-reversal-only,,sina_industry,sina_industry_primary,2026-07-31,existing_snapshot,resolved_theme_unmatched
600576,祥源文旅,综合行业,涉矿概念,综合行业,Sina concept constituents 2026-07-31 snapshot,medium,sina_industry_primary,,LOCAL-SINA-INDUSTRY-20260731;LOCAL-SINA-CONCEPT-20260731;CNINFO-INDUSTRY-FALLBACK;THS-ZYJS-FALLBACK;PHASE-A-MARKET-STATE,,,technical-reversal-only,,sina_industry,sina_industry_primary,2026-07-31,existing_snapshot,resolved_theme_unmatched
600580,卧龙电驱,发电设备,参股金融;风电;金融参股;锂电池;券商重仓;新能源,发电设备,Sina concept constituents 2026-07-31 snapshot,medium,sina_industry_primary,业绩预升,LOCAL-SINA-INDUSTRY-20260731;LOCAL-SINA-CONCEPT-20260731;CNINFO-INDUSTRY-FALLBACK;THS-ZYJS-FALLBACK;PHASE-A-MARKET-STATE,,,technical-reversal-only,,sina_industry,sina_industry_primary,2026-07-31,existing_snapshot,resolved_theme_unmatched
600596,新安股份,农药化肥,草甘膦;电解液;分拆上市;光伏;金融参股;金融改革;涉矿概念,农药化肥,Sina concept constituents 2026-07-31 snapshot,medium,sina_industry_primary,QFII重仓;业绩预升,LOCAL-SINA-INDUSTRY-20260731;LOCAL-SINA-CONCEPT-20260731;CNINFO-INDUSTRY-FALLBACK;THS-ZYJS-FALLBACK;PHASE-A-MARKET-STATE,,,technical-reversal-only,,sina_industry,sina_industry_primary,2026-07-31,existing_snapshot,resolved_theme_unmatched
600602,云赛智联,电子器件,国防军工;含B股;军工航天;上海本地;食品安全;物联网,电子器件,Sina concept constituents 2026-07-31 snapshot,medium,sina_industry_primary,,LOCAL-SINA-INDUSTRY-20260731;LOCAL-SINA-CONCEPT-20260731;CNINFO-INDUSTRY-FALLBACK;THS-ZYJS-FALLBACK;PHASE-A-MARKET-STATE,,,technical-reversal-only,,sina_industry,sina_industry_primary,2026-07-31,existing_snapshot,resolved_theme_unmatched
600621,XD华鑫股,房地产,参股金融;金融参股;上海本地,房地产,Sina concept constituents 2026-07-31 snapshot,medium,sina_industry_primary,国企改革,LOCAL-SINA-INDUSTRY-20260731;LOCAL-SINA-CONCEPT-20260731;CNINFO-INDUSTRY-FALLBACK;THS-ZYJS-FALLBACK;PHASE-A-MARKET-STATE,,,technical-reversal-only,,sina_industry,sina_industry_primary,2026-07-31,existing_snapshot,resolved_theme_unmatched
600688,上海石化,石油行业,含H股;上海本地;碳纤维;未股改;油气改革,石油行业,Sina concept constituents 2026-07-31 snapshot,medium,sina_industry_primary,,LOCAL-SINA-INDUSTRY-20260731;LOCAL-SINA-CONCEPT-20260731;CNINFO-INDUSTRY-FALLBACK;THS-ZYJS-FALLBACK;PHASE-A-MARKET-STATE,,,technical-reversal-only,,sina_industry,sina_industry_primary,2026-07-31,existing_snapshot,resolved_theme_unmatched
600749,西藏旅游,酒店旅游,,酒店旅游,Sina concept constituents 2026-07-31 snapshot,medium,sina_industry_primary,,LOCAL-SINA-INDUSTRY-20260731;LOCAL-SINA-CONCEPT-20260731;CNINFO-INDUSTRY-FALLBACK;THS-ZYJS-FALLBACK;PHASE-A-MARKET-STATE,,,technical-reversal-only,,sina_industry,sina_industry_primary,2026-07-31,existing_snapshot,resolved_theme_unmatched
600821,金开新能,商业百货,风电;光伏;天津自贸,商业百货,Sina concept constituents 2026-07-31 snapshot,medium,sina_industry_primary,,LOCAL-SINA-INDUSTRY-20260731;LOCAL-SINA-CONCEPT-20260731;CNINFO-INDUSTRY-FALLBACK;THS-ZYJS-FALLBACK;PHASE-A-MARKET-STATE,,,technical-reversal-only,,sina_industry,sina_industry_primary,2026-07-31,existing_snapshot,resolved_theme_unmatched
600826,兰生股份,物资外贸,参股金融;分拆上市;金融参股;抗癌;上海本地;体育概念,物资外贸,Sina concept constituents 2026-07-31 snapshot,medium,sina_industry_primary,QFII重仓;国企改革,LOCAL-SINA-INDUSTRY-20260731;LOCAL-SINA-CONCEPT-20260731;CNINFO-INDUSTRY-FALLBACK;THS-ZYJS-FALLBACK;PHASE-A-MARKET-STATE,,,technical-reversal-only,,sina_industry,sina_industry_primary,2026-07-31,existing_snapshot,resolved_theme_unmatched
600835,上海机电,交通运输,固废处理;含B股;上海本地;机器人概念;智能机器,交通运输,Sina concept constituents 2026-07-31 snapshot,medium,sina_industry_primary,国企改革,LOCAL-SINA-INDUSTRY-20260731;LOCAL-SINA-CONCEPT-20260731;CNINFO-INDUSTRY-FALLBACK;THS-ZYJS-FALLBACK;PHASE-A-MARKET-STATE,,,technical-reversal-only,,sina_industry,sina_industry_primary,2026-07-31,existing_snapshot,resolved_theme_unmatched
600839,四川长虹,家电行业,参股金融;成渝特区;钒电池;军民融合;循环经济,家电行业,Sina concept constituents 2026-07-31 snapshot,medium,sina_industry_primary,融资融券;业绩预升,LOCAL-SINA-INDUSTRY-20260731;LOCAL-SINA-CONCEPT-20260731;CNINFO-INDUSTRY-FALLBACK;THS-ZYJS-FALLBACK;PHASE-A-MARKET-STATE,,,technical-reversal-only,,sina_industry,sina_industry_primary,2026-07-31,existing_snapshot,resolved_theme_unmatched
600848,上海临港,仪器仪表,低碳经济;含B股;核电核能;上海本地;重组概念,仪器仪表,Sina concept constituents 2026-07-31 snapshot,medium,sina_industry_primary,国企改革,LOCAL-SINA-INDUSTRY-20260731;LOCAL-SINA-CONCEPT-20260731;CNINFO-INDUSTRY-FALLBACK;THS-ZYJS-FALLBACK;PHASE-A-MARKET-STATE,,,technical-reversal-only,,sina_industry,sina_industry_primary,2026-07-31,existing_snapshot,resolved_theme_unmatched
600866,星湖科技,食品行业,金融参股,食品行业,Sina concept constituents 2026-07-31 snapshot,medium,sina_industry_primary,ST板块,LOCAL-SINA-INDUSTRY-20260731;LOCAL-SINA-CONCEPT-20260731;CNINFO-INDUSTRY-FALLBACK;THS-ZYJS-FALLBACK;PHASE-A-MARKET-STATE,,,technical-reversal-only,,sina_industry,sina_industry_primary,2026-07-31,existing_snapshot,resolved_theme_unmatched
600873,梅花生物,食品行业,参股金融,食品行业,Sina concept constituents 2026-07-31 snapshot,medium,sina_industry_primary,,LOCAL-SINA-INDUSTRY-20260731;LOCAL-SINA-CONCEPT-20260731;CNINFO-INDUSTRY-FALLBACK;THS-ZYJS-FALLBACK;PHASE-A-MARKET-STATE,,,technical-reversal-only,,sina_industry,sina_industry_primary,2026-07-31,existing_snapshot,resolved_theme_unmatched
600930,华电新能,先进光伏电池修复,,,Sina concept constituents 2026-07-31 snapshot,medium,business_alias_to_frozen_theme:TH-PV,,LOCAL-SINA-INDUSTRY-20260731;LOCAL-SINA-CONCEPT-20260731;CNINFO-INDUSTRY-FALLBACK;THS-ZYJS-FALLBACK;PHASE-A-MARKET-STATE,光伏设备/材料,TH-PV,secondary-line,光伏设备/材料,ths_business_keyword,以风力发电、太阳能发电为主的新能源业务。,2026-07-31,cninfo:error;ths_zyjs:ok,resolved_theme_unmatched
600975,新五丰,农林牧渔,长株潭;猪肉,农林牧渔,Sina concept constituents 2026-07-31 snapshot,medium,sina_industry_primary,,LOCAL-SINA-INDUSTRY-20260731;LOCAL-SINA-CONCEPT-20260731;CNINFO-INDUSTRY-FALLBACK;THS-ZYJS-FALLBACK;PHASE-A-MARKET-STATE,,,technical-reversal-only,,sina_industry,sina_industry_primary,2026-07-31,existing_snapshot,resolved_theme_unmatched
600976,健民集团,生物制药,股权激励;武汉规划;婴童概念,生物制药,Sina concept constituents 2026-07-31 snapshot,medium,sina_industry_primary,,LOCAL-SINA-INDUSTRY-20260731;LOCAL-SINA-CONCEPT-20260731;CNINFO-INDUSTRY-FALLBACK;THS-ZYJS-FALLBACK;PHASE-A-MARKET-STATE,,,technical-reversal-only,,sina_industry,sina_industry_primary,2026-07-31,existing_snapshot,resolved_theme_unmatched
600992,贵绳股份,钢铁行业,,钢铁行业,Sina concept constituents 2026-07-31 snapshot,medium,sina_industry_primary,,LOCAL-SINA-INDUSTRY-20260731;LOCAL-SINA-CONCEPT-20260731;CNINFO-INDUSTRY-FALLBACK;THS-ZYJS-FALLBACK;PHASE-A-MARKET-STATE,,,technical-reversal-only,,sina_industry,sina_industry_primary,2026-07-31,existing_snapshot,resolved_theme_unmatched
601059,信达证券,证券,,,Sina concept constituents 2026-07-31 snapshot,medium,cninfo_industry_theme_unmatched,,LOCAL-SINA-INDUSTRY-20260731;LOCAL-SINA-CONCEPT-20260731;CNINFO-INDUSTRY-FALLBACK;THS-ZYJS-FALLBACK;PHASE-A-MARKET-STATE,证券,,technical-reversal-only,证券,cninfo_industry,申银万国行业分类标准(旧)|2021-04-23,2021-04-23,cninfo:ok,resolved_theme_unmatched
601118,海南橡胶,化工行业,国防军工;海南自贸;军工航天;三沙概念;土地流转;碳中和;乡村振兴,化工行业,Sina concept constituents 2026-07-31 snapshot,medium,sina_industry_primary,融资融券,LOCAL-SINA-INDUSTRY-20260731;LOCAL-SINA-CONCEPT-20260731;CNINFO-INDUSTRY-FALLBACK;THS-ZYJS-FALLBACK;PHASE-A-MARKET-STATE,,,technical-reversal-only,,sina_industry,sina_industry_primary,2026-07-31,existing_snapshot,resolved_theme_unmatched
601186,中国铁建,建筑建材,含H股;券商重仓;央企50,建筑建材,Sina concept constituents 2026-07-31 snapshot,medium,sina_industry_primary,QFII重仓;融资融券;社保重仓,LOCAL-SINA-INDUSTRY-20260731;LOCAL-SINA-CONCEPT-20260731;CNINFO-INDUSTRY-FALLBACK;THS-ZYJS-FALLBACK;PHASE-A-MARKET-STATE,,,technical-reversal-only,,sina_industry,sina_industry_primary,2026-07-31,existing_snapshot,resolved_theme_unmatched
601199,江南水务,供水供气,,供水供气,Sina concept constituents 2026-07-31 snapshot,medium,sina_industry_primary,,LOCAL-SINA-INDUSTRY-20260731;LOCAL-SINA-CONCEPT-20260731;CNINFO-INDUSTRY-FALLBACK;THS-ZYJS-FALLBACK;PHASE-A-MARKET-STATE,,,technical-reversal-only,,sina_industry,sina_industry_primary,2026-07-31,existing_snapshot,resolved_theme_unmatched
601212,白银有色,白银,,,Sina concept constituents 2026-07-31 snapshot,medium,cninfo_industry_theme_unmatched,,LOCAL-SINA-INDUSTRY-20260731;LOCAL-SINA-CONCEPT-20260731;CNINFO-INDUSTRY-FALLBACK;THS-ZYJS-FALLBACK;PHASE-A-MARKET-STATE,白银,,technical-reversal-only,白银,cninfo_industry,申银万国行业分类标准|2021-07-30,2021-07-30,cninfo:ok,resolved_theme_unmatched
601336,新华保险,金融行业,含H股;券商重仓,金融行业,Sina concept constituents 2026-07-31 snapshot,medium,sina_industry_primary,融资融券;社保重仓,LOCAL-SINA-INDUSTRY-20260731;LOCAL-SINA-CONCEPT-20260731;CNINFO-INDUSTRY-FALLBACK;THS-ZYJS-FALLBACK;PHASE-A-MARKET-STATE,,,technical-reversal-only,,sina_industry,sina_industry_primary,2026-07-31,existing_snapshot,resolved_theme_unmatched
601377,XD兴业证,金融行业,海峡西岸,金融行业,Sina concept constituents 2026-07-31 snapshot,medium,sina_industry_primary,融资融券,LOCAL-SINA-INDUSTRY-20260731;LOCAL-SINA-CONCEPT-20260731;CNINFO-INDUSTRY-FALLBACK;THS-ZYJS-FALLBACK;PHASE-A-MARKET-STATE,,,technical-reversal-only,,sina_industry,sina_industry_primary,2026-07-31,existing_snapshot,resolved_theme_unmatched
601619,嘉泽新能,光伏概念,风电;光伏;光伏概念,,Sina concept constituents 2026-07-31 snapshot,medium,sina_concept_primary,,LOCAL-SINA-INDUSTRY-20260731;LOCAL-SINA-CONCEPT-20260731;CNINFO-INDUSTRY-FALLBACK;THS-ZYJS-FALLBACK;PHASE-A-MARKET-STATE,,TH-PV,secondary-line,,frozen_theme,sina_concept_primary,2026-07-31,existing_snapshot,resolved
601636,旗滨集团,玻璃行业,长株潭;光伏;光伏概念;股权激励,玻璃行业,Sina concept constituents 2026-07-31 snapshot,medium,sina_industry_primary,,LOCAL-SINA-INDUSTRY-20260731;LOCAL-SINA-CONCEPT-20260731;CNINFO-INDUSTRY-FALLBACK;THS-ZYJS-FALLBACK;PHASE-A-MARKET-STATE,,,technical-reversal-only,,sina_industry,sina_industry_primary,2026-07-31,existing_snapshot,resolved_theme_unmatched
601689,拓普集团,汽车制造,汽车电子;特斯拉,汽车制造,Sina concept constituents 2026-07-31 snapshot,medium,sina_industry_primary,,LOCAL-SINA-INDUSTRY-20260731;LOCAL-SINA-CONCEPT-20260731;CNINFO-INDUSTRY-FALLBACK;THS-ZYJS-FALLBACK;PHASE-A-MARKET-STATE,,,technical-reversal-only,,sina_industry,sina_industry_primary,2026-07-31,existing_snapshot,resolved_theme_unmatched
601778,晶科科技,光伏,光伏,,Sina concept constituents 2026-07-31 snapshot,medium,sina_concept_primary,,LOCAL-SINA-INDUSTRY-20260731;LOCAL-SINA-CONCEPT-20260731;CNINFO-INDUSTRY-FALLBACK;THS-ZYJS-FALLBACK;PHASE-A-MARKET-STATE,,TH-PV,secondary-line,,frozen_theme,sina_concept_primary,2026-07-31,existing_snapshot,resolved
601788,光大证券,金融行业,保险重仓;含H股;央企50,金融行业,Sina concept constituents 2026-07-31 snapshot,medium,sina_industry_primary,融资融券,LOCAL-SINA-INDUSTRY-20260731;LOCAL-SINA-CONCEPT-20260731;CNINFO-INDUSTRY-FALLBACK;THS-ZYJS-FALLBACK;PHASE-A-MARKET-STATE,,,technical-reversal-only,,sina_industry,sina_industry_primary,2026-07-31,existing_snapshot,resolved_theme_unmatched
601878,浙商证券,证券,,,Sina concept constituents 2026-07-31 snapshot,medium,cninfo_industry_theme_unmatched,,LOCAL-SINA-INDUSTRY-20260731;LOCAL-SINA-CONCEPT-20260731;CNINFO-INDUSTRY-FALLBACK;THS-ZYJS-FALLBACK;PHASE-A-MARKET-STATE,证券,,technical-reversal-only,证券,cninfo_industry,申银万国行业分类标准(旧)|2017-05-16,2017-05-16,cninfo:ok,resolved_theme_unmatched
601881,中国银河,证券,,,Sina concept constituents 2026-07-31 snapshot,medium,cninfo_industry_theme_unmatched,,LOCAL-SINA-INDUSTRY-20260731;LOCAL-SINA-CONCEPT-20260731;CNINFO-INDUSTRY-FALLBACK;THS-ZYJS-FALLBACK;PHASE-A-MARKET-STATE,证券,,technical-reversal-only,证券,cninfo_industry,申银万国行业分类标准(旧)|2016-12-26,2016-12-26,cninfo:ok,resolved_theme_unmatched
603004,鼎龙科技,化工材料,,,Sina concept constituents 2026-07-31 snapshot,medium,ths_business_keyword_theme_unmatched,,LOCAL-SINA-INDUSTRY-20260731;LOCAL-SINA-CONCEPT-20260731;CNINFO-INDUSTRY-FALLBACK;THS-ZYJS-FALLBACK;PHASE-A-MARKET-STATE,化工材料,,technical-reversal-only,化工材料,ths_business_keyword,精细化学品的研发、生产和销售。,2026-07-31,cninfo:error;ths_zyjs:ok,resolved_theme_unmatched
603009,北特科技,汽车制造,,汽车制造,Sina concept constituents 2026-07-31 snapshot,medium,sina_industry_primary,,LOCAL-SINA-INDUSTRY-20260731;LOCAL-SINA-CONCEPT-20260731;CNINFO-INDUSTRY-FALLBACK;THS-ZYJS-FALLBACK;PHASE-A-MARKET-STATE,,,technical-reversal-only,,sina_industry,sina_industry_primary,2026-07-31,existing_snapshot,resolved_theme_unmatched
603020,爱普股份,食品行业,,食品行业,Sina concept constituents 2026-07-31 snapshot,medium,sina_industry_primary,,LOCAL-SINA-INDUSTRY-20260731;LOCAL-SINA-CONCEPT-20260731;CNINFO-INDUSTRY-FALLBACK;THS-ZYJS-FALLBACK;PHASE-A-MARKET-STATE,,,technical-reversal-only,,sina_industry,sina_industry_primary,2026-07-31,existing_snapshot,resolved_theme_unmatched
603033,三维股份,其他橡胶制品,,,Sina concept constituents 2026-07-31 snapshot,medium,cninfo_industry_theme_unmatched,,LOCAL-SINA-INDUSTRY-20260731;LOCAL-SINA-CONCEPT-20260731;CNINFO-INDUSTRY-FALLBACK;THS-ZYJS-FALLBACK;PHASE-A-MARKET-STATE,其他橡胶制品,,technical-reversal-only,其他橡胶制品,cninfo_industry,申银万国行业分类标准(旧)|2016-11-15,2016-11-15,cninfo:ok,resolved_theme_unmatched
603038,华立股份,其他建材,,,Sina concept constituents 2026-07-31 snapshot,medium,cninfo_industry_theme_unmatched,,LOCAL-SINA-INDUSTRY-20260731;LOCAL-SINA-CONCEPT-20260731;CNINFO-INDUSTRY-FALLBACK;THS-ZYJS-FALLBACK;PHASE-A-MARKET-STATE,其他建材,,technical-reversal-only,其他建材,cninfo_industry,申银万国行业分类标准(旧)|2016-12-30,2016-12-30,cninfo:ok,resolved_theme_unmatched
603040,新坐标,底盘与发动机系统,,,Sina concept constituents 2026-07-31 snapshot,medium,cninfo_industry_theme_unmatched,专精特新,LOCAL-SINA-INDUSTRY-20260731;LOCAL-SINA-CONCEPT-20260731;CNINFO-INDUSTRY-FALLBACK;THS-ZYJS-FALLBACK;PHASE-A-MARKET-STATE,底盘与发动机系统,,technical-reversal-only,底盘与发动机系统,cninfo_industry,申银万国行业分类标准|2021-07-30,2021-07-30,cninfo:ok,resolved_theme_unmatched
603066,音飞储存,快递,,,Sina concept constituents 2026-07-31 snapshot,medium,cninfo_industry_theme_unmatched,,LOCAL-SINA-INDUSTRY-20260731;LOCAL-SINA-CONCEPT-20260731;CNINFO-INDUSTRY-FALLBACK;THS-ZYJS-FALLBACK;PHASE-A-MARKET-STATE,快递,,technical-reversal-only,快递,cninfo_industry,申银万国行业分类标准|2021-07-30,2021-07-30,cninfo:ok,resolved_theme_unmatched
603077,和邦生物,化工行业,参股金融;草甘膦;成渝特区;光伏;锂电池;碳纤维;业绩预降,化工行业,Sina concept constituents 2026-07-31 snapshot,medium,sina_industry_primary,,LOCAL-SINA-INDUSTRY-20260731;LOCAL-SINA-CONCEPT-20260731;CNINFO-INDUSTRY-FALLBACK;THS-ZYJS-FALLBACK;PHASE-A-MARKET-STATE,,,technical-reversal-only,,sina_industry,sina_industry_primary,2026-07-31,existing_snapshot,resolved_theme_unmatched
603085,天成自控,车身附件及饰件,,,Sina concept constituents 2026-07-31 snapshot,medium,cninfo_industry_theme_unmatched,,LOCAL-SINA-INDUSTRY-20260731;LOCAL-SINA-CONCEPT-20260731;CNINFO-INDUSTRY-FALLBACK;THS-ZYJS-FALLBACK;PHASE-A-MARKET-STATE,车身附件及饰件,,technical-reversal-only,车身附件及饰件,cninfo_industry,申银万国行业分类标准|2021-07-30,2021-07-30,cninfo:ok,resolved_theme_unmatched
603119,浙江荣泰,先进光伏电池修复,,,Sina concept constituents 2026-07-31 snapshot,medium,business_alias_to_frozen_theme:TH-PV,,LOCAL-SINA-INDUSTRY-20260731;LOCAL-SINA-CONCEPT-20260731;CNINFO-INDUSTRY-FALLBACK;THS-ZYJS-FALLBACK;PHASE-A-MARKET-STATE,光伏设备/材料,TH-PV,secondary-line,光伏设备/材料,ths_business_keyword,各类耐高温绝缘云母制品的研发、生产和销售。,2026-07-31,cninfo:error;ths_zyjs:ok,resolved_theme_unmatched
603179,新泉股份,汽车电子电气系统,,,Sina concept constituents 2026-07-31 snapshot,medium,cninfo_industry_theme_unmatched,,LOCAL-SINA-INDUSTRY-20260731;LOCAL-SINA-CONCEPT-20260731;CNINFO-INDUSTRY-FALLBACK;THS-ZYJS-FALLBACK;PHASE-A-MARKET-STATE,汽车电子电气系统,,technical-reversal-only,汽车电子电气系统,cninfo_industry,申银万国行业分类标准|2021-07-30,2021-07-30,cninfo:ok,resolved_theme_unmatched
603207,小方制药,医疗器械/医药服务,,,Sina concept constituents 2026-07-31 snapshot,medium,ths_business_keyword_theme_unmatched,,LOCAL-SINA-INDUSTRY-20260731;LOCAL-SINA-CONCEPT-20260731;CNINFO-INDUSTRY-FALLBACK;THS-ZYJS-FALLBACK;PHASE-A-MARKET-STATE,医疗器械/医药服务,,technical-reversal-only,医疗器械/医药服务,ths_business_keyword,外用药品研发、生产及销售。,2026-07-31,cninfo:error;ths_zyjs:ok,resolved_theme_unmatched
603209,兴通股份,航运,,,Sina concept constituents 2026-07-31 snapshot,medium,cninfo_industry_theme_unmatched,,LOCAL-SINA-INDUSTRY-20260731;LOCAL-SINA-CONCEPT-20260731;CNINFO-INDUSTRY-FALLBACK;THS-ZYJS-FALLBACK;PHASE-A-MARKET-STATE,航运,,technical-reversal-only,航运,cninfo_industry,申银万国行业分类标准|2022-02-14,2022-02-14,cninfo:ok,resolved_theme_unmatched
603229,奥翔药业,化学原料药,,,Sina concept constituents 2026-07-31 snapshot,medium,cninfo_industry_theme_unmatched,,LOCAL-SINA-INDUSTRY-20260731;LOCAL-SINA-CONCEPT-20260731;CNINFO-INDUSTRY-FALLBACK;THS-ZYJS-FALLBACK;PHASE-A-MARKET-STATE,化学原料药,,technical-reversal-only,化学原料药,cninfo_industry,申银万国行业分类标准(旧)|2017-04-17,2017-04-17,cninfo:ok,resolved_theme_unmatched
603283,赛腾股份,无线耳机,无线耳机,,Sina concept constituents 2026-07-31 snapshot,medium,sina_concept_primary,,LOCAL-SINA-INDUSTRY-20260731;LOCAL-SINA-CONCEPT-20260731;CNINFO-INDUSTRY-FALLBACK;THS-ZYJS-FALLBACK;PHASE-A-MARKET-STATE,,,technical-reversal-only,,sina_concept,sina_concept_primary,2026-07-31,existing_snapshot,resolved_theme_unmatched
603286,日盈电子,底盘与发动机系统,,,Sina concept constituents 2026-07-31 snapshot,medium,cninfo_industry_theme_unmatched,,LOCAL-SINA-INDUSTRY-20260731;LOCAL-SINA-CONCEPT-20260731;CNINFO-INDUSTRY-FALLBACK;THS-ZYJS-FALLBACK;PHASE-A-MARKET-STATE,底盘与发动机系统,,technical-reversal-only,底盘与发动机系统,cninfo_industry,申银万国行业分类标准|2021-07-30,2021-07-30,cninfo:ok,resolved_theme_unmatched
603316,诚邦股份,碳中和,碳中和,,Sina concept constituents 2026-07-31 snapshot,medium,sina_concept_primary,,LOCAL-SINA-INDUSTRY-20260731;LOCAL-SINA-CONCEPT-20260731;CNINFO-INDUSTRY-FALLBACK;THS-ZYJS-FALLBACK;PHASE-A-MARKET-STATE,,,technical-reversal-only,,sina_concept,sina_concept_primary,2026-07-31,existing_snapshot,resolved_theme_unmatched
603350,安乃达,自动化/机器人修复,,,Sina concept constituents 2026-07-31 snapshot,medium,business_alias_to_frozen_theme:TH-AUTO,,LOCAL-SINA-INDUSTRY-20260731;LOCAL-SINA-CONCEPT-20260731;CNINFO-INDUSTRY-FALLBACK;THS-ZYJS-FALLBACK;PHASE-A-MARKET-STATE,自动化设备/机器人,TH-AUTO,secondary-line,自动化设备/机器人,ths_business_keyword,电机、控制器、传感器、仪表等全链条电驱动系统自主研发、设计、生产。,2026-07-31,cninfo:error;ths_zyjs:ok,resolved_theme_unmatched
603363,傲农生物,畜禽饲料,,,Sina concept constituents 2026-07-31 snapshot,medium,cninfo_industry_theme_unmatched,,LOCAL-SINA-INDUSTRY-20260731;LOCAL-SINA-CONCEPT-20260731;CNINFO-INDUSTRY-FALLBACK;THS-ZYJS-FALLBACK;PHASE-A-MARKET-STATE,畜禽饲料,,technical-reversal-only,畜禽饲料,cninfo_industry,申银万国行业分类标准|2021-07-30,2021-07-30,cninfo:ok,resolved_theme_unmatched
603367,辰欣药业,化学制剂,,,Sina concept constituents 2026-07-31 snapshot,medium,cninfo_industry_theme_unmatched,,LOCAL-SINA-INDUSTRY-20260731;LOCAL-SINA-CONCEPT-20260731;CNINFO-INDUSTRY-FALLBACK;THS-ZYJS-FALLBACK;PHASE-A-MARKET-STATE,化学制剂,,technical-reversal-only,化学制剂,cninfo_industry,申银万国行业分类标准|2021-07-30,2021-07-30,cninfo:ok,resolved_theme_unmatched
603416,信捷电气,自动化/机器人修复,,,Sina concept constituents 2026-07-31 snapshot,medium,business_alias_to_frozen_theme:TH-AUTO,,LOCAL-SINA-INDUSTRY-20260731;LOCAL-SINA-CONCEPT-20260731;CNINFO-INDUSTRY-FALLBACK;THS-ZYJS-FALLBACK;PHASE-A-MARKET-STATE,机器人,TH-AUTO,secondary-line,机器人,cninfo_industry,申银万国行业分类标准|2021-07-30,2021-07-30,cninfo:ok,resolved_theme_unmatched
603456,九洲药业,生物制药,CXO概念;创新药,生物制药,Sina concept constituents 2026-07-31 snapshot,medium,sina_industry_primary,,LOCAL-SINA-INDUSTRY-20260731;LOCAL-SINA-CONCEPT-20260731;CNINFO-INDUSTRY-FALLBACK;THS-ZYJS-FALLBACK;PHASE-A-MARKET-STATE,,,technical-reversal-only,,sina_industry,sina_industry_primary,2026-07-31,existing_snapshot,resolved_theme_unmatched
603516,淳中科技,国防军工,国防军工,,Sina concept constituents 2026-07-31 snapshot,medium,sina_concept_primary,,LOCAL-SINA-INDUSTRY-20260731;LOCAL-SINA-CONCEPT-20260731;CNINFO-INDUSTRY-FALLBACK;THS-ZYJS-FALLBACK;PHASE-A-MARKET-STATE,,,technical-reversal-only,,sina_concept,sina_concept_primary,2026-07-31,existing_snapshot,resolved_theme_unmatched
603609,禾丰股份,农林牧渔,鸡肉,农林牧渔,Sina concept constituents 2026-07-31 snapshot,medium,sina_industry_primary,,LOCAL-SINA-INDUSTRY-20260731;LOCAL-SINA-CONCEPT-20260731;CNINFO-INDUSTRY-FALLBACK;THS-ZYJS-FALLBACK;PHASE-A-MARKET-STATE,,,technical-reversal-only,,sina_industry,sina_industry_primary,2026-07-31,existing_snapshot,resolved_theme_unmatched
603616,韩建河山,雄安新区,雄安新区,,Sina concept constituents 2026-07-31 snapshot,medium,sina_concept_primary,,LOCAL-SINA-INDUSTRY-20260731;LOCAL-SINA-CONCEPT-20260731;CNINFO-INDUSTRY-FALLBACK;THS-ZYJS-FALLBACK;PHASE-A-MARKET-STATE,,,technical-reversal-only,,sina_concept,sina_concept_primary,2026-07-31,existing_snapshot,resolved_theme_unmatched
603626,科森科技,无线耳机,无线耳机,,Sina concept constituents 2026-07-31 snapshot,medium,sina_concept_primary,,LOCAL-SINA-INDUSTRY-20260731;LOCAL-SINA-CONCEPT-20260731;CNINFO-INDUSTRY-FALLBACK;THS-ZYJS-FALLBACK;PHASE-A-MARKET-STATE,,,technical-reversal-only,,sina_concept,sina_concept_primary,2026-07-31,existing_snapshot,resolved_theme_unmatched
603637,镇海股份,碳中和,碳中和,,Sina concept constituents 2026-07-31 snapshot,medium,sina_concept_primary,,LOCAL-SINA-INDUSTRY-20260731;LOCAL-SINA-CONCEPT-20260731;CNINFO-INDUSTRY-FALLBACK;THS-ZYJS-FALLBACK;PHASE-A-MARKET-STATE,,,technical-reversal-only,,sina_concept,sina_concept_primary,2026-07-31,existing_snapshot,resolved_theme_unmatched
603665,康隆达,鞋帽及其他,,,Sina concept constituents 2026-07-31 snapshot,medium,cninfo_industry_theme_unmatched,,LOCAL-SINA-INDUSTRY-20260731;LOCAL-SINA-CONCEPT-20260731;CNINFO-INDUSTRY-FALLBACK;THS-ZYJS-FALLBACK;PHASE-A-MARKET-STATE,鞋帽及其他,,technical-reversal-only,鞋帽及其他,cninfo_industry,申银万国行业分类标准|2021-07-30,2021-07-30,cninfo:ok,resolved_theme_unmatched
603667,五洲新春,风电,风电,,Sina concept constituents 2026-07-31 snapshot,medium,sina_concept_primary,,LOCAL-SINA-INDUSTRY-20260731;LOCAL-SINA-CONCEPT-20260731;CNINFO-INDUSTRY-FALLBACK;THS-ZYJS-FALLBACK;PHASE-A-MARKET-STATE,,,technical-reversal-only,,sina_concept,sina_concept_primary,2026-07-31,existing_snapshot,resolved_theme_unmatched
603677,奇精机械,家电零部件,,,Sina concept constituents 2026-07-31 snapshot,medium,cninfo_industry_theme_unmatched,,LOCAL-SINA-INDUSTRY-20260731;LOCAL-SINA-CONCEPT-20260731;CNINFO-INDUSTRY-FALLBACK;THS-ZYJS-FALLBACK;PHASE-A-MARKET-STATE,家电零部件,,technical-reversal-only,家电零部件,cninfo_industry,申银万国行业分类标准|2021-07-30,2021-07-30,cninfo:ok,resolved_theme_unmatched
603698,航天工程,机械行业,碳中和,机械行业,Sina concept constituents 2026-07-31 snapshot,medium,sina_industry_primary,,LOCAL-SINA-INDUSTRY-20260731;LOCAL-SINA-CONCEPT-20260731;CNINFO-INDUSTRY-FALLBACK;THS-ZYJS-FALLBACK;PHASE-A-MARKET-STATE,,,technical-reversal-only,,sina_industry,sina_industry_primary,2026-07-31,existing_snapshot,resolved_theme_unmatched
603717,天域生物,园林工程,,,Sina concept constituents 2026-07-31 snapshot,medium,cninfo_industry_theme_unmatched,,LOCAL-SINA-INDUSTRY-20260731;LOCAL-SINA-CONCEPT-20260731;CNINFO-INDUSTRY-FALLBACK;THS-ZYJS-FALLBACK;PHASE-A-MARKET-STATE,园林工程,,technical-reversal-only,园林工程,cninfo_industry,申银万国行业分类标准|2021-07-30,2021-07-30,cninfo:ok,resolved_theme_unmatched
603728,鸣志电器,电机,,,Sina concept constituents 2026-07-31 snapshot,medium,cninfo_industry_theme_unmatched,专精特新,LOCAL-SINA-INDUSTRY-20260731;LOCAL-SINA-CONCEPT-20260731;CNINFO-INDUSTRY-FALLBACK;THS-ZYJS-FALLBACK;PHASE-A-MARKET-STATE,电机,,technical-reversal-only,电机,cninfo_industry,申银万国行业分类标准(旧)|2017-04-18,2017-04-18,cninfo:ok,resolved_theme_unmatched
603776,永安行,摩托车,,,Sina concept constituents 2026-07-31 snapshot,medium,cninfo_industry_theme_unmatched,,LOCAL-SINA-INDUSTRY-20260731;LOCAL-SINA-CONCEPT-20260731;CNINFO-INDUSTRY-FALLBACK;THS-ZYJS-FALLBACK;PHASE-A-MARKET-STATE,摩托车,,technical-reversal-only,摩托车,cninfo_industry,申银万国行业分类标准|2021-07-30,2021-07-30,cninfo:ok,resolved_theme_unmatched
603778,国晟科技,碳中和,碳中和,,Sina concept constituents 2026-07-31 snapshot,medium,sina_concept_primary,,LOCAL-SINA-INDUSTRY-20260731;LOCAL-SINA-CONCEPT-20260731;CNINFO-INDUSTRY-FALLBACK;THS-ZYJS-FALLBACK;PHASE-A-MARKET-STATE,,,technical-reversal-only,,sina_concept,sina_concept_primary,2026-07-31,existing_snapshot,resolved_theme_unmatched
603779,威龙股份,其他酒类,,,Sina concept constituents 2026-07-31 snapshot,medium,cninfo_industry_theme_unmatched,,LOCAL-SINA-INDUSTRY-20260731;LOCAL-SINA-CONCEPT-20260731;CNINFO-INDUSTRY-FALLBACK;THS-ZYJS-FALLBACK;PHASE-A-MARKET-STATE,其他酒类,,technical-reversal-only,其他酒类,cninfo_industry,申银万国行业分类标准|2021-07-30,2021-07-30,cninfo:ok,resolved_theme_unmatched
603836,海程邦达,跨境物流,,,Sina concept constituents 2026-07-31 snapshot,medium,cninfo_industry_theme_unmatched,,LOCAL-SINA-INDUSTRY-20260731;LOCAL-SINA-CONCEPT-20260731;CNINFO-INDUSTRY-FALLBACK;THS-ZYJS-FALLBACK;PHASE-A-MARKET-STATE,跨境物流,,technical-reversal-only,跨境物流,cninfo_industry,申银万国行业分类标准|2021-07-30,2021-07-30,cninfo:ok,resolved_theme_unmatched
603895,天永智能,自动化/机器人修复,,,Sina concept constituents 2026-07-31 snapshot,medium,business_alias_to_frozen_theme:TH-AUTO,专精特新,LOCAL-SINA-INDUSTRY-20260731;LOCAL-SINA-CONCEPT-20260731;CNINFO-INDUSTRY-FALLBACK;THS-ZYJS-FALLBACK;PHASE-A-MARKET-STATE,其它专用机械,TH-AUTO,secondary-line,其它专用机械,cninfo_industry,申银万国行业分类标准(旧)|2018-01-08,2018-01-08,cninfo:ok,resolved_theme_unmatched
603909,建发合诚,工程咨询服务,,,Sina concept constituents 2026-07-31 snapshot,medium,cninfo_industry_theme_unmatched,,LOCAL-SINA-INDUSTRY-20260731;LOCAL-SINA-CONCEPT-20260731;CNINFO-INDUSTRY-FALLBACK;THS-ZYJS-FALLBACK;PHASE-A-MARKET-STATE,工程咨询服务,,technical-reversal-only,工程咨询服务,cninfo_industry,申银万国行业分类标准|2021-07-30,2021-07-30,cninfo:ok,resolved_theme_unmatched
603958,哈森股份,鞋帽,,,Sina concept constituents 2026-07-31 snapshot,medium,cninfo_industry_theme_unmatched,,LOCAL-SINA-INDUSTRY-20260731;LOCAL-SINA-CONCEPT-20260731;CNINFO-INDUSTRY-FALLBACK;THS-ZYJS-FALLBACK;PHASE-A-MARKET-STATE,鞋帽,,technical-reversal-only,鞋帽,cninfo_industry,申银万国行业分类标准(旧)|2016-06-07,2016-06-07,cninfo:ok,resolved_theme_unmatched
603969,银龙股份,建筑建材,钒电池;雄安新区,建筑建材,Sina concept constituents 2026-07-31 snapshot,medium,sina_industry_primary,,LOCAL-SINA-INDUSTRY-20260731;LOCAL-SINA-CONCEPT-20260731;CNINFO-INDUSTRY-FALLBACK;THS-ZYJS-FALLBACK;PHASE-A-MARKET-STATE,,,technical-reversal-only,,sina_industry,sina_industry_primary,2026-07-31,existing_snapshot,resolved_theme_unmatched
605011,杭州热电,光伏,光伏,,Sina concept constituents 2026-07-31 snapshot,medium,sina_concept_primary,,LOCAL-SINA-INDUSTRY-20260731;LOCAL-SINA-CONCEPT-20260731;CNINFO-INDUSTRY-FALLBACK;THS-ZYJS-FALLBACK;PHASE-A-MARKET-STATE,,TH-PV,secondary-line,,frozen_theme,sina_concept_primary,2026-07-31,existing_snapshot,resolved
605055,迎丰股份,印染,,,Sina concept constituents 2026-07-31 snapshot,medium,cninfo_industry_theme_unmatched,,LOCAL-SINA-INDUSTRY-20260731;LOCAL-SINA-CONCEPT-20260731;CNINFO-INDUSTRY-FALLBACK;THS-ZYJS-FALLBACK;PHASE-A-MARKET-STATE,印染,,technical-reversal-only,印染,cninfo_industry,申银万国行业分类标准(旧)|2021-01-12,2021-01-12,cninfo:ok,resolved_theme_unmatched
605168,三人行,营销代理,,,Sina concept constituents 2026-07-31 snapshot,medium,cninfo_industry_theme_unmatched,,LOCAL-SINA-INDUSTRY-20260731;LOCAL-SINA-CONCEPT-20260731;CNINFO-INDUSTRY-FALLBACK;THS-ZYJS-FALLBACK;PHASE-A-MARKET-STATE,营销代理,,technical-reversal-only,营销代理,cninfo_industry,申银万国行业分类标准|2021-07-30,2021-07-30,cninfo:ok,resolved_theme_unmatched
605208,永茂泰,铝,,,Sina concept constituents 2026-07-31 snapshot,medium,cninfo_industry_theme_unmatched,,LOCAL-SINA-INDUSTRY-20260731;LOCAL-SINA-CONCEPT-20260731;CNINFO-INDUSTRY-FALLBACK;THS-ZYJS-FALLBACK;PHASE-A-MARKET-STATE,铝,,technical-reversal-only,铝,cninfo_industry,申银万国行业分类标准(旧)|2021-02-09,2021-02-09,cninfo:ok,resolved_theme_unmatched
605388,均瑶健康,乳品,,,Sina concept constituents 2026-07-31 snapshot,medium,cninfo_industry_theme_unmatched,,LOCAL-SINA-INDUSTRY-20260731;LOCAL-SINA-CONCEPT-20260731;CNINFO-INDUSTRY-FALLBACK;THS-ZYJS-FALLBACK;PHASE-A-MARKET-STATE,乳品,,technical-reversal-only,乳品,cninfo_industry,申银万国行业分类标准|2021-07-30,2021-07-30,cninfo:ok,resolved_theme_unmatched
688029,南微医学,科创50,科创50,,Sina concept constituents 2026-07-31 snapshot,medium,sina_concept_primary,,LOCAL-SINA-INDUSTRY-20260731;LOCAL-SINA-CONCEPT-20260731;CNINFO-INDUSTRY-FALLBACK;THS-ZYJS-FALLBACK;PHASE-A-MARKET-STATE,,,technical-reversal-only,,sina_concept,sina_concept_primary,2026-07-31,existing_snapshot,resolved_theme_unmatched
688073,毕得医药,医疗器械/医药服务,,,Sina concept constituents 2026-07-31 snapshot,medium,ths_business_keyword_theme_unmatched,,LOCAL-SINA-INDUSTRY-20260731;LOCAL-SINA-CONCEPT-20260731;CNINFO-INDUSTRY-FALLBACK;THS-ZYJS-FALLBACK;PHASE-A-MARKET-STATE,医疗器械/医药服务,,technical-reversal-only,医疗器械/医药服务,ths_business_keyword,药物分子砌块和科学试剂的研发、设计、生产及销售。,2026-07-31,cninfo:error;ths_zyjs:ok,resolved_theme_unmatched
688075,安旭生物,体外诊断,,,Sina concept constituents 2026-07-31 snapshot,medium,cninfo_industry_theme_unmatched,,LOCAL-SINA-INDUSTRY-20260731;LOCAL-SINA-CONCEPT-20260731;CNINFO-INDUSTRY-FALLBACK;THS-ZYJS-FALLBACK;PHASE-A-MARKET-STATE,体外诊断,,technical-reversal-only,体外诊断,cninfo_industry,申银万国行业分类标准|2021-11-05,2021-11-05,cninfo:ok,resolved_theme_unmatched
688084,晶品特装,自动化/机器人修复,,,Sina concept constituents 2026-07-31 snapshot,medium,business_alias_to_frozen_theme:TH-AUTO,,LOCAL-SINA-INDUSTRY-20260731;LOCAL-SINA-CONCEPT-20260731;CNINFO-INDUSTRY-FALLBACK;THS-ZYJS-FALLBACK;PHASE-A-MARKET-STATE,自动化设备/机器人,TH-AUTO,secondary-line,自动化设备/机器人,ths_business_keyword,提供令客户满意的特种机器人、智能感知、智能制造以及模拟仿真等产品。,2026-07-31,cninfo:error;ths_zyjs:ok,resolved_theme_unmatched
688088,虹软科技,科创50,华为汽车;科创50,,Sina concept constituents 2026-07-31 snapshot,medium,sina_concept_primary,,LOCAL-SINA-INDUSTRY-20260731;LOCAL-SINA-CONCEPT-20260731;CNINFO-INDUSTRY-FALLBACK;THS-ZYJS-FALLBACK;PHASE-A-MARKET-STATE,,,technical-reversal-only,,sina_concept,sina_concept_primary,2026-07-31,existing_snapshot,resolved_theme_unmatched
688098,申联生物,科创50,科创50,,Sina concept constituents 2026-07-31 snapshot,medium,sina_concept_primary,,LOCAL-SINA-INDUSTRY-20260731;LOCAL-SINA-CONCEPT-20260731;CNINFO-INDUSTRY-FALLBACK;THS-ZYJS-FALLBACK;PHASE-A-MARKET-STATE,,,technical-reversal-only,,sina_concept,sina_concept_primary,2026-07-31,existing_snapshot,resolved_theme_unmatched
688108,赛诺医疗,医疗耗材,,,Sina concept constituents 2026-07-31 snapshot,medium,cninfo_industry_theme_unmatched,,LOCAL-SINA-INDUSTRY-20260731;LOCAL-SINA-CONCEPT-20260731;CNINFO-INDUSTRY-FALLBACK;THS-ZYJS-FALLBACK;PHASE-A-MARKET-STATE,医疗耗材,,technical-reversal-only,医疗耗材,cninfo_industry,申银万国行业分类标准|2021-07-30,2021-07-30,cninfo:ok,resolved_theme_unmatched
688112,鼎阳科技,仪器仪表,,,Sina concept constituents 2026-07-31 snapshot,medium,cninfo_industry_theme_unmatched,,LOCAL-SINA-INDUSTRY-20260731;LOCAL-SINA-CONCEPT-20260731;CNINFO-INDUSTRY-FALLBACK;THS-ZYJS-FALLBACK;PHASE-A-MARKET-STATE,仪器仪表,,technical-reversal-only,仪器仪表,cninfo_industry,申银万国行业分类标准|2021-11-12,2021-11-12,cninfo:ok,resolved_theme_unmatched
688114,华大智造,自动化/机器人修复,,,Sina concept constituents 2026-07-31 snapshot,medium,business_alias_to_frozen_theme:TH-AUTO,,LOCAL-SINA-INDUSTRY-20260731;LOCAL-SINA-CONCEPT-20260731;CNINFO-INDUSTRY-FALLBACK;THS-ZYJS-FALLBACK;PHASE-A-MARKET-STATE,其它专用机械,TH-AUTO,secondary-line,其它专用机械,cninfo_industry,申银万国行业分类标准(旧)|2021-08-26,2021-08-26,cninfo:ok,resolved_theme_unmatched
688117,圣诺生物,CXO概念,CXO概念,,Sina concept constituents 2026-07-31 snapshot,medium,sina_concept_primary,,LOCAL-SINA-INDUSTRY-20260731;LOCAL-SINA-CONCEPT-20260731;CNINFO-INDUSTRY-FALLBACK;THS-ZYJS-FALLBACK;PHASE-A-MARKET-STATE,,,technical-reversal-only,,sina_concept,sina_concept_primary,2026-07-31,existing_snapshot,resolved_theme_unmatched
688136,科兴制药,创新药,创新药,,Sina concept constituents 2026-07-31 snapshot,medium,sina_concept_primary,,LOCAL-SINA-INDUSTRY-20260731;LOCAL-SINA-CONCEPT-20260731;CNINFO-INDUSTRY-FALLBACK;THS-ZYJS-FALLBACK;PHASE-A-MARKET-STATE,,,technical-reversal-only,,sina_concept,sina_concept_primary,2026-07-31,existing_snapshot,resolved_theme_unmatched
688137,近岸蛋白,医疗器械/医药服务,,,Sina concept constituents 2026-07-31 snapshot,medium,ths_business_keyword_theme_unmatched,,LOCAL-SINA-INDUSTRY-20260731;LOCAL-SINA-CONCEPT-20260731;CNINFO-INDUSTRY-FALLBACK;THS-ZYJS-FALLBACK;PHASE-A-MARKET-STATE,医疗器械/医药服务,,technical-reversal-only,医疗器械/医药服务,ths_business_keyword,靶点及因子类蛋白、重组抗体、酶及试剂的研发、生产和销售及提供生物药、体外诊断、生命科学基础研究等领域的全流程应用解决方案。,2026-07-31,cninfo:error;ths_zyjs:ok,resolved_theme_unmatched
688138,清溢光电,科创50,科创50,,Sina concept constituents 2026-07-31 snapshot,medium,sina_concept_primary,,LOCAL-SINA-INDUSTRY-20260731;LOCAL-SINA-CONCEPT-20260731;CNINFO-INDUSTRY-FALLBACK;THS-ZYJS-FALLBACK;PHASE-A-MARKET-STATE,,,technical-reversal-only,,sina_concept,sina_concept_primary,2026-07-31,existing_snapshot,resolved_theme_unmatched
688158,优刻得,软件/数字内容/计算机应用,,,Sina concept constituents 2026-07-31 snapshot,medium,business_alias_to_frozen_theme:TH-SOFTWARE,,LOCAL-SINA-INDUSTRY-20260731;LOCAL-SINA-CONCEPT-20260731;CNINFO-INDUSTRY-FALLBACK;THS-ZYJS-FALLBACK;PHASE-A-MARKET-STATE,IT服务,TH-SOFTWARE,current-mainline-continuation,IT服务,cninfo_industry,申银万国行业分类标准|2021-07-30,2021-07-30,cninfo:ok,resolved_theme_unmatched
688165,埃夫特,自动化/机器人修复,,,Sina concept constituents 2026-07-31 snapshot,medium,business_alias_to_frozen_theme:TH-AUTO,,LOCAL-SINA-INDUSTRY-20260731;LOCAL-SINA-CONCEPT-20260731;CNINFO-INDUSTRY-FALLBACK;THS-ZYJS-FALLBACK;PHASE-A-MARKET-STATE,机器人,TH-AUTO,secondary-line,机器人,cninfo_industry,申银万国行业分类标准|2021-07-30,2021-07-30,cninfo:ok,resolved_theme_unmatched
688177,百奥泰,创新药,创新药,,Sina concept constituents 2026-07-31 snapshot,medium,sina_concept_primary,,LOCAL-SINA-INDUSTRY-20260731;LOCAL-SINA-CONCEPT-20260731;CNINFO-INDUSTRY-FALLBACK;THS-ZYJS-FALLBACK;PHASE-A-MARKET-STATE,,,technical-reversal-only,,sina_concept,sina_concept_primary,2026-07-31,existing_snapshot,resolved_theme_unmatched
688180,君实生物,创新药,创新药,,Sina concept constituents 2026-07-31 snapshot,medium,sina_concept_primary,,LOCAL-SINA-INDUSTRY-20260731;LOCAL-SINA-CONCEPT-20260731;CNINFO-INDUSTRY-FALLBACK;THS-ZYJS-FALLBACK;PHASE-A-MARKET-STATE,,,technical-reversal-only,,sina_concept,sina_concept_primary,2026-07-31,existing_snapshot,resolved_theme_unmatched
688185,康希诺,创新药,创新药,,Sina concept constituents 2026-07-31 snapshot,medium,sina_concept_primary,,LOCAL-SINA-INDUSTRY-20260731;LOCAL-SINA-CONCEPT-20260731;CNINFO-INDUSTRY-FALLBACK;THS-ZYJS-FALLBACK;PHASE-A-MARKET-STATE,,,technical-reversal-only,,sina_concept,sina_concept_primary,2026-07-31,existing_snapshot,resolved_theme_unmatched
688198,佰仁医疗,创新药,创新药,,Sina concept constituents 2026-07-31 snapshot,medium,sina_concept_primary,,LOCAL-SINA-INDUSTRY-20260731;LOCAL-SINA-CONCEPT-20260731;CNINFO-INDUSTRY-FALLBACK;THS-ZYJS-FALLBACK;PHASE-A-MARKET-STATE,,,technical-reversal-only,,sina_concept,sina_concept_primary,2026-07-31,existing_snapshot,resolved_theme_unmatched
688209,英集芯,模拟芯片设计,,,Sina concept constituents 2026-07-31 snapshot,medium,cninfo_industry_theme_unmatched,,LOCAL-SINA-INDUSTRY-20260731;LOCAL-SINA-CONCEPT-20260731;CNINFO-INDUSTRY-FALLBACK;THS-ZYJS-FALLBACK;PHASE-A-MARKET-STATE,模拟芯片设计,,technical-reversal-only,模拟芯片设计,cninfo_industry,申银万国行业分类标准|2022-04-01,2022-04-01,cninfo:ok,resolved_theme_unmatched
688215,瑞晟智能,自动化/机器人修复,,,Sina concept constituents 2026-07-31 snapshot,medium,business_alias_to_frozen_theme:TH-AUTO,,LOCAL-SINA-INDUSTRY-20260731;LOCAL-SINA-CONCEPT-20260731;CNINFO-INDUSTRY-FALLBACK;THS-ZYJS-FALLBACK;PHASE-A-MARKET-STATE,其他自动化设备,TH-AUTO,secondary-line,其他自动化设备,cninfo_industry,申银万国行业分类标准|2021-07-30,2021-07-30,cninfo:ok,resolved_theme_unmatched
688225,亚信安全,软件/数字内容/计算机应用,,,Sina concept constituents 2026-07-31 snapshot,medium,business_alias_to_frozen_theme:TH-SOFTWARE,,LOCAL-SINA-INDUSTRY-20260731;LOCAL-SINA-CONCEPT-20260731;CNINFO-INDUSTRY-FALLBACK;THS-ZYJS-FALLBACK;PHASE-A-MARKET-STATE,横向通用软件,TH-SOFTWARE,current-mainline-continuation,横向通用软件,cninfo_industry,申银万国行业分类标准|2022-01-14,2022-01-14,cninfo:ok,resolved_theme_unmatched
688228,开普云,软件/数字内容/计算机应用,,,Sina concept constituents 2026-07-31 snapshot,medium,business_alias_to_frozen_theme:TH-SOFTWARE,,LOCAL-SINA-INDUSTRY-20260731;LOCAL-SINA-CONCEPT-20260731;CNINFO-INDUSTRY-FALLBACK;THS-ZYJS-FALLBACK;PHASE-A-MARKET-STATE,IT服务,TH-SOFTWARE,current-mainline-continuation,IT服务,cninfo_industry,申银万国行业分类标准|2021-07-30,2021-07-30,cninfo:ok,resolved_theme_unmatched
688236,春立医疗,医疗耗材,,,Sina concept constituents 2026-07-31 snapshot,medium,cninfo_industry_theme_unmatched,,LOCAL-SINA-INDUSTRY-20260731;LOCAL-SINA-CONCEPT-20260731;CNINFO-INDUSTRY-FALLBACK;THS-ZYJS-FALLBACK;PHASE-A-MARKET-STATE,医疗耗材,,technical-reversal-only,医疗耗材,cninfo_industry,申银万国行业分类标准|2021-12-17,2021-12-17,cninfo:ok,resolved_theme_unmatched
688238,和元生物,医疗研发外包,,,Sina concept constituents 2026-07-31 snapshot,medium,cninfo_industry_theme_unmatched,,LOCAL-SINA-INDUSTRY-20260731;LOCAL-SINA-CONCEPT-20260731;CNINFO-INDUSTRY-FALLBACK;THS-ZYJS-FALLBACK;PHASE-A-MARKET-STATE,医疗研发外包,,technical-reversal-only,医疗研发外包,cninfo_industry,申银万国行业分类标准|2022-03-04,2022-03-04,cninfo:ok,resolved_theme_unmatched
688247,宣泰医药,化学制剂,,,Sina concept constituents 2026-07-31 snapshot,medium,cninfo_industry_theme_unmatched,,LOCAL-SINA-INDUSTRY-20260731;LOCAL-SINA-CONCEPT-20260731;CNINFO-INDUSTRY-FALLBACK;THS-ZYJS-FALLBACK;PHASE-A-MARKET-STATE,化学制剂,,technical-reversal-only,化学制剂,cninfo_industry,申银万国行业分类标准(旧)|2021-05-20,2021-05-20,cninfo:ok,resolved_theme_unmatched
688259,创耀科技,数字芯片设计,,,Sina concept constituents 2026-07-31 snapshot,medium,cninfo_industry_theme_unmatched,,LOCAL-SINA-INDUSTRY-20260731;LOCAL-SINA-CONCEPT-20260731;CNINFO-INDUSTRY-FALLBACK;THS-ZYJS-FALLBACK;PHASE-A-MARKET-STATE,数字芯片设计,,technical-reversal-only,数字芯片设计,cninfo_industry,申银万国行业分类标准|2021-12-23,2021-12-23,cninfo:ok,resolved_theme_unmatched
688265,南模生物,医疗研发外包,,,Sina concept constituents 2026-07-31 snapshot,medium,cninfo_industry_theme_unmatched,,LOCAL-SINA-INDUSTRY-20260731;LOCAL-SINA-CONCEPT-20260731;CNINFO-INDUSTRY-FALLBACK;THS-ZYJS-FALLBACK;PHASE-A-MARKET-STATE,医疗研发外包,,technical-reversal-only,医疗研发外包,cninfo_industry,申银万国行业分类标准|2021-12-10,2021-12-10,cninfo:ok,resolved_theme_unmatched
688273,麦澜德,自动化/机器人修复,,,Sina concept constituents 2026-07-31 snapshot,medium,business_alias_to_frozen_theme:TH-AUTO,,LOCAL-SINA-INDUSTRY-20260731;LOCAL-SINA-CONCEPT-20260731;CNINFO-INDUSTRY-FALLBACK;THS-ZYJS-FALLBACK;PHASE-A-MARKET-STATE,其它专用机械,TH-AUTO,secondary-line,其它专用机械,cninfo_industry,申银万国行业分类标准(旧)|2021-06-28,2021-06-28,cninfo:ok,resolved_theme_unmatched
688283,坤恒顺维,其他通信设备,,,Sina concept constituents 2026-07-31 snapshot,medium,cninfo_industry_theme_unmatched,,LOCAL-SINA-INDUSTRY-20260731;LOCAL-SINA-CONCEPT-20260731;CNINFO-INDUSTRY-FALLBACK;THS-ZYJS-FALLBACK;PHASE-A-MARKET-STATE,其他通信设备,,technical-reversal-only,其他通信设备,cninfo_industry,申银万国行业分类标准|2022-01-21,2022-01-21,cninfo:ok,resolved_theme_unmatched
688291,金橙子,软件/数字内容/计算机应用,,,Sina concept constituents 2026-07-31 snapshot,medium,business_alias_to_frozen_theme:TH-SOFTWARE,,LOCAL-SINA-INDUSTRY-20260731;LOCAL-SINA-CONCEPT-20260731;CNINFO-INDUSTRY-FALLBACK;THS-ZYJS-FALLBACK;PHASE-A-MARKET-STATE,软件开发/IT服务,TH-SOFTWARE,current-mainline-continuation,软件开发/IT服务,ths_business_keyword,激光加工设备运动控制系统及部件的研发与销售，并能够为不同激光加工场景提供综合解决方案和技术服务。,2026-07-31,cninfo:error;ths_zyjs:ok,resolved_theme_unmatched
688292,浩瀚深度,软件/数字内容/计算机应用,,,Sina concept constituents 2026-07-31 snapshot,medium,business_alias_to_frozen_theme:TH-SOFTWARE,,LOCAL-SINA-INDUSTRY-20260731;LOCAL-SINA-CONCEPT-20260731;CNINFO-INDUSTRY-FALLBACK;THS-ZYJS-FALLBACK;PHASE-A-MARKET-STATE,软件开发,TH-SOFTWARE,current-mainline-continuation,软件开发,cninfo_industry,申银万国行业分类标准(旧)|2021-06-21,2021-06-21,cninfo:ok,resolved_theme_unmatched
688297,中无人机,航空装备,,,Sina concept constituents 2026-07-31 snapshot,medium,cninfo_industry_theme_unmatched,,LOCAL-SINA-INDUSTRY-20260731;LOCAL-SINA-CONCEPT-20260731;CNINFO-INDUSTRY-FALLBACK;THS-ZYJS-FALLBACK;PHASE-A-MARKET-STATE,航空装备,,technical-reversal-only,航空装备,cninfo_industry,申银万国行业分类标准|2022-06-10,2022-06-10,cninfo:ok,resolved_theme_unmatched
688298,东方生物,体外诊断,,,Sina concept constituents 2026-07-31 snapshot,medium,cninfo_industry_theme_unmatched,,LOCAL-SINA-INDUSTRY-20260731;LOCAL-SINA-CONCEPT-20260731;CNINFO-INDUSTRY-FALLBACK;THS-ZYJS-FALLBACK;PHASE-A-MARKET-STATE,体外诊断,,technical-reversal-only,体外诊断,cninfo_industry,申银万国行业分类标准|2021-07-30,2021-07-30,cninfo:ok,resolved_theme_unmatched
688306,均普智能,自动化/机器人修复,,,Sina concept constituents 2026-07-31 snapshot,medium,business_alias_to_frozen_theme:TH-AUTO,,LOCAL-SINA-INDUSTRY-20260731;LOCAL-SINA-CONCEPT-20260731;CNINFO-INDUSTRY-FALLBACK;THS-ZYJS-FALLBACK;PHASE-A-MARKET-STATE,其他自动化设备,TH-AUTO,secondary-line,其他自动化设备,cninfo_industry,申银万国行业分类标准|2022-03-04,2022-03-04,cninfo:ok,resolved_theme_unmatched
688314,康拓医疗,医疗耗材,,,Sina concept constituents 2026-07-31 snapshot,medium,cninfo_industry_theme_unmatched,,LOCAL-SINA-INDUSTRY-20260731;LOCAL-SINA-CONCEPT-20260731;CNINFO-INDUSTRY-FALLBACK;THS-ZYJS-FALLBACK;PHASE-A-MARKET-STATE,医疗耗材,,technical-reversal-only,医疗耗材,cninfo_industry,申银万国行业分类标准|2021-07-30,2021-07-30,cninfo:ok,resolved_theme_unmatched
688315,诺禾致源,其他医疗服务,,,Sina concept constituents 2026-07-31 snapshot,medium,cninfo_industry_theme_unmatched,,LOCAL-SINA-INDUSTRY-20260731;LOCAL-SINA-CONCEPT-20260731;CNINFO-INDUSTRY-FALLBACK;THS-ZYJS-FALLBACK;PHASE-A-MARKET-STATE,其他医疗服务,,technical-reversal-only,其他医疗服务,cninfo_industry,申银万国行业分类标准|2021-07-30,2021-07-30,cninfo:ok,resolved_theme_unmatched
688318,财富趋势,软件/数字内容/计算机应用,,,Sina concept constituents 2026-07-31 snapshot,medium,business_alias_to_frozen_theme:TH-SOFTWARE,,LOCAL-SINA-INDUSTRY-20260731;LOCAL-SINA-CONCEPT-20260731;CNINFO-INDUSTRY-FALLBACK;THS-ZYJS-FALLBACK;PHASE-A-MARKET-STATE,垂直应用软件,TH-SOFTWARE,current-mainline-continuation,垂直应用软件,cninfo_industry,申银万国行业分类标准|2021-07-30,2021-07-30,cninfo:ok,resolved_theme_unmatched
688366,昊海生科,医疗耗材,,,Sina concept constituents 2026-07-31 snapshot,medium,cninfo_industry_theme_unmatched,,LOCAL-SINA-INDUSTRY-20260731;LOCAL-SINA-CONCEPT-20260731;CNINFO-INDUSTRY-FALLBACK;THS-ZYJS-FALLBACK;PHASE-A-MARKET-STATE,医疗耗材,,technical-reversal-only,医疗耗材,cninfo_industry,申银万国行业分类标准|2021-07-30,2021-07-30,cninfo:ok,resolved_theme_unmatched
688385,复旦微电,数字芯片设计,,,Sina concept constituents 2026-07-31 snapshot,medium,cninfo_industry_theme_unmatched,,LOCAL-SINA-INDUSTRY-20260731;LOCAL-SINA-CONCEPT-20260731;CNINFO-INDUSTRY-FALLBACK;THS-ZYJS-FALLBACK;PHASE-A-MARKET-STATE,数字芯片设计,,technical-reversal-only,数字芯片设计,cninfo_industry,申银万国行业分类标准|2021-07-30,2021-07-30,cninfo:ok,resolved_theme_unmatched
688386,泛亚微透,膜材料,,,Sina concept constituents 2026-07-31 snapshot,medium,cninfo_industry_theme_unmatched,,LOCAL-SINA-INDUSTRY-20260731;LOCAL-SINA-CONCEPT-20260731;CNINFO-INDUSTRY-FALLBACK;THS-ZYJS-FALLBACK;PHASE-A-MARKET-STATE,膜材料,,technical-reversal-only,膜材料,cninfo_industry,申银万国行业分类标准|2021-07-30,2021-07-30,cninfo:ok,resolved_theme_unmatched
688396,华润微,集成电路制造,,,Sina concept constituents 2026-07-31 snapshot,medium,cninfo_industry_theme_unmatched,,LOCAL-SINA-INDUSTRY-20260731;LOCAL-SINA-CONCEPT-20260731;CNINFO-INDUSTRY-FALLBACK;THS-ZYJS-FALLBACK;PHASE-A-MARKET-STATE,集成电路制造,,technical-reversal-only,集成电路制造,cninfo_industry,申银万国行业分类标准|2021-07-30,2021-07-30,cninfo:ok,resolved_theme_unmatched
688400,凌云光,其他专用设备,,,Sina concept constituents 2026-07-31 snapshot,medium,cninfo_industry_theme_unmatched,,LOCAL-SINA-INDUSTRY-20260731;LOCAL-SINA-CONCEPT-20260731;CNINFO-INDUSTRY-FALLBACK;THS-ZYJS-FALLBACK;PHASE-A-MARKET-STATE,其他专用设备,,technical-reversal-only,其他专用设备,cninfo_industry,申银万国行业分类标准|2022-06-15,2022-06-15,cninfo:ok,resolved_theme_unmatched
688455,科捷智能,自动化/机器人修复,,,Sina concept constituents 2026-07-31 snapshot,medium,business_alias_to_frozen_theme:TH-AUTO,,LOCAL-SINA-INDUSTRY-20260731;LOCAL-SINA-CONCEPT-20260731;CNINFO-INDUSTRY-FALLBACK;THS-ZYJS-FALLBACK;PHASE-A-MARKET-STATE,其它通用机械,TH-AUTO,secondary-line,其它通用机械,cninfo_industry,申银万国行业分类标准(旧)|2021-06-30,2021-06-30,cninfo:ok,resolved_theme_unmatched
688489,三未信安,半导体,,,Sina concept constituents 2026-07-31 snapshot,medium,ths_business_keyword_theme_unmatched,,LOCAL-SINA-INDUSTRY-20260731;LOCAL-SINA-CONCEPT-20260731;CNINFO-INDUSTRY-FALLBACK;THS-ZYJS-FALLBACK;PHASE-A-MARKET-STATE,半导体,,technical-reversal-only,半导体,ths_business_keyword,密码技术的创新和密码产品的研发、销售及服务，为网络信息安全领域提供全面的商用密码产品和解决方案。,2026-07-31,cninfo:error;ths_zyjs:ok,resolved_theme_unmatched
688505,复旦张江,创新药,创新药,,Sina concept constituents 2026-07-31 snapshot,medium,sina_concept_primary,,LOCAL-SINA-INDUSTRY-20260731;LOCAL-SINA-CONCEPT-20260731;CNINFO-INDUSTRY-FALLBACK;THS-ZYJS-FALLBACK;PHASE-A-MARKET-STATE,,,technical-reversal-only,,sina_concept,sina_concept_primary,2026-07-31,existing_snapshot,resolved_theme_unmatched
688520,神州细胞,创新药,创新药,,Sina concept constituents 2026-07-31 snapshot,medium,sina_concept_primary,,LOCAL-SINA-INDUSTRY-20260731;LOCAL-SINA-CONCEPT-20260731;CNINFO-INDUSTRY-FALLBACK;THS-ZYJS-FALLBACK;PHASE-A-MARKET-STATE,,,technical-reversal-only,,sina_concept,sina_concept_primary,2026-07-31,existing_snapshot,resolved_theme_unmatched
688522,纳睿雷达,软件/数字内容/计算机应用,,,Sina concept constituents 2026-07-31 snapshot,medium,business_alias_to_frozen_theme:TH-SOFTWARE,,LOCAL-SINA-INDUSTRY-20260731;LOCAL-SINA-CONCEPT-20260731;CNINFO-INDUSTRY-FALLBACK;THS-ZYJS-FALLBACK;PHASE-A-MARKET-STATE,软件开发,TH-SOFTWARE,current-mainline-continuation,软件开发,cninfo_industry,申银万国行业分类标准(旧)|2021-06-25,2021-06-25,cninfo:ok,resolved_theme_unmatched
688566,吉贝尔,创新药,创新药,,Sina concept constituents 2026-07-31 snapshot,medium,sina_concept_primary,,LOCAL-SINA-INDUSTRY-20260731;LOCAL-SINA-CONCEPT-20260731;CNINFO-INDUSTRY-FALLBACK;THS-ZYJS-FALLBACK;PHASE-A-MARKET-STATE,,,technical-reversal-only,,sina_concept,sina_concept_primary,2026-07-31,existing_snapshot,resolved_theme_unmatched
688580,伟思医疗,医疗设备,,,Sina concept constituents 2026-07-31 snapshot,medium,cninfo_industry_theme_unmatched,,LOCAL-SINA-INDUSTRY-20260731;LOCAL-SINA-CONCEPT-20260731;CNINFO-INDUSTRY-FALLBACK;THS-ZYJS-FALLBACK;PHASE-A-MARKET-STATE,医疗设备,,technical-reversal-only,医疗设备,cninfo_industry,申银万国行业分类标准|2021-07-30,2021-07-30,cninfo:ok,resolved_theme_unmatched
688583,思看科技,自动化/机器人修复,,,Sina concept constituents 2026-07-31 snapshot,medium,business_alias_to_frozen_theme:TH-AUTO,,LOCAL-SINA-INDUSTRY-20260731;LOCAL-SINA-CONCEPT-20260731;CNINFO-INDUSTRY-FALLBACK;THS-ZYJS-FALLBACK;PHASE-A-MARKET-STATE,自动化设备/机器人,TH-AUTO,secondary-line,自动化设备/机器人,ths_business_keyword,三维视觉数字化产品及系统的研发、生产和销售。,2026-07-31,cninfo:error;ths_zyjs:ok,resolved_theme_unmatched
688605,先锋精科,半导体,,,Sina concept constituents 2026-07-31 snapshot,medium,ths_business_keyword_theme_unmatched,,LOCAL-SINA-INDUSTRY-20260731;LOCAL-SINA-CONCEPT-20260731;CNINFO-INDUSTRY-FALLBACK;THS-ZYJS-FALLBACK;PHASE-A-MARKET-STATE,半导体,,technical-reversal-only,半导体,ths_business_keyword,半导体刻蚀和薄膜沉积设备细分领域关键零部件的精密制造。,2026-07-31,cninfo:error;ths_zyjs:ok,resolved_theme_unmatched
688626,翔宇医疗,医疗设备,,,Sina concept constituents 2026-07-31 snapshot,medium,cninfo_industry_theme_unmatched,,LOCAL-SINA-INDUSTRY-20260731;LOCAL-SINA-CONCEPT-20260731;CNINFO-INDUSTRY-FALLBACK;THS-ZYJS-FALLBACK;PHASE-A-MARKET-STATE,医疗设备,,technical-reversal-only,医疗设备,cninfo_industry,申银万国行业分类标准|2021-07-30,2021-07-30,cninfo:ok,resolved_theme_unmatched
688636,智明达,军工电子,,,Sina concept constituents 2026-07-31 snapshot,medium,cninfo_industry_theme_unmatched,,LOCAL-SINA-INDUSTRY-20260731;LOCAL-SINA-CONCEPT-20260731;CNINFO-INDUSTRY-FALLBACK;THS-ZYJS-FALLBACK;PHASE-A-MARKET-STATE,军工电子,,technical-reversal-only,军工电子,cninfo_industry,申银万国行业分类标准|2021-07-30,2021-07-30,cninfo:ok,resolved_theme_unmatched
688656,浩欧博,体外诊断,,,Sina concept constituents 2026-07-31 snapshot,medium,cninfo_industry_theme_unmatched,,LOCAL-SINA-INDUSTRY-20260731;LOCAL-SINA-CONCEPT-20260731;CNINFO-INDUSTRY-FALLBACK;THS-ZYJS-FALLBACK;PHASE-A-MARKET-STATE,体外诊断,,technical-reversal-only,体外诊断,cninfo_industry,申银万国行业分类标准|2021-07-30,2021-07-30,cninfo:ok,resolved_theme_unmatched
688658,悦康药业,创新药,创新药,,Sina concept constituents 2026-07-31 snapshot,medium,sina_concept_primary,,LOCAL-SINA-INDUSTRY-20260731;LOCAL-SINA-CONCEPT-20260731;CNINFO-INDUSTRY-FALLBACK;THS-ZYJS-FALLBACK;PHASE-A-MARKET-STATE,,,technical-reversal-only,,sina_concept,sina_concept_primary,2026-07-31,existing_snapshot,resolved_theme_unmatched
688682,霍莱沃,军工电子,,,Sina concept constituents 2026-07-31 snapshot,medium,cninfo_industry_theme_unmatched,,LOCAL-SINA-INDUSTRY-20260731;LOCAL-SINA-CONCEPT-20260731;CNINFO-INDUSTRY-FALLBACK;THS-ZYJS-FALLBACK;PHASE-A-MARKET-STATE,军工电子,,technical-reversal-only,军工电子,cninfo_industry,申银万国行业分类标准|2021-07-30,2021-07-30,cninfo:ok,resolved_theme_unmatched
688716,中研股份,化工材料,,,Sina concept constituents 2026-07-31 snapshot,medium,ths_business_keyword_theme_unmatched,,LOCAL-SINA-INDUSTRY-20260731;LOCAL-SINA-CONCEPT-20260731;CNINFO-INDUSTRY-FALLBACK;THS-ZYJS-FALLBACK;PHASE-A-MARKET-STATE,化工材料,,technical-reversal-only,化工材料,ths_business_keyword,聚醚醚酮材料及制品的研发、生产和销售。,2026-07-31,cninfo:error;ths_zyjs:ok,resolved_theme_unmatched
688729,屹唐股份,自动化/机器人修复,,,Sina concept constituents 2026-07-31 snapshot,medium,business_alias_to_frozen_theme:TH-AUTO,,LOCAL-SINA-INDUSTRY-20260731;LOCAL-SINA-CONCEPT-20260731;CNINFO-INDUSTRY-FALLBACK;THS-ZYJS-FALLBACK;PHASE-A-MARKET-STATE,其它专用机械,TH-AUTO,secondary-line,其它专用机械,cninfo_industry,申银万国行业分类标准(旧)|2021-08-23,2021-08-23,cninfo:ok,resolved_theme_unmatched
688788,科思科技,军工电子,,,Sina concept constituents 2026-07-31 snapshot,medium,cninfo_industry_theme_unmatched,,LOCAL-SINA-INDUSTRY-20260731;LOCAL-SINA-CONCEPT-20260731;CNINFO-INDUSTRY-FALLBACK;THS-ZYJS-FALLBACK;PHASE-A-MARKET-STATE,军工电子,,technical-reversal-only,军工电子,cninfo_industry,申银万国行业分类标准|2021-07-30,2021-07-30,cninfo:ok,resolved_theme_unmatched
