group_rank,member_rank,symbol,name,primary_group,secondary_concepts,industry,theme_exposure_grade,fundamental_quality_grade,growth_grade,profitability_grade,cashflow_balance_grade,valuation_grade,risk_flag_grade,risk_flags,liquidity_capacity_grade,pe_ttm,pb,market_cap_wan,turnover_ratio_pct,fundamental_source,independent_signal_family_count,formal_stock_rank,context_rank,lane,shortlist_eligible,same_day_return_pct_diagnostic,amount_yi,member_sort_tuple,final_member_reason,evidence_ids,business_group_raw,market_theme_id,mapping_source_rank,mapping_status
1,1,002602,世纪华通,软件/数字内容/计算机应用,网络游戏;重组概念,汽车制造,strong,strong,evidence_gap,evidence_gap,evidence_gap,strong,neutral,长期趋势未修复,good,17.359,3.09,9979903.863988,2.56398,Sina/Tencent 2026-07-31 valuation snapshot; growth/profit/cashflow not expanded,2,94,100,technical-reversal-only,False,2.653525398028811,23.466818,0|0|6|6|6|0|2|1|-2|94|002602,暴露=strong；基本面=strong；估值=strong；容量=good；映射来源=frozen_theme,CLX-STOCK-RANKING;LOCAL-SINA-BOARD-20260731;TENCENT-VALUATION-20260731,,TH-SOFTWARE,frozen_theme,resolved
1,2,300418,昆仑万维,软件/数字内容/计算机应用,,电子信息,strong,watch,evidence_gap,evidence_gap,evidence_gap,weak,watch,亏损PE;长期趋势未修复;CLX独立性不足,strong,-33.75,4.533,5551349.9688,12.56722,Sina/Tencent 2026-07-31 valuation snapshot; growth/profit/cashflow not expanded,1,22,1,current-mainline-continuation,True,20.000000000000018,60.659353,0|3|6|6|6|4|3|0|-1|22|300418,暴露=strong；基本面=watch；估值=weak；容量=strong；映射来源=frozen_theme,CLX-STOCK-RANKING;LOCAL-SINA-BOARD-20260731;TENCENT-VALUATION-20260731,,TH-SOFTWARE,frozen_theme,resolved
1,3,002354,天娱数科,软件/数字内容/计算机应用,网络游戏,电子信息,strong,weak,evidence_gap,evidence_gap,evidence_gap,weak,watch,亏损PE;长期趋势未修复;CLX独立性不足,good,-220.678,7.832,1077135.36882,10.83107,Sina/Tencent 2026-07-31 valuation snapshot; growth/profit/cashflow not expanded,1,238,150,technical-reversal-only,False,9.966216216216209,11.333525,0|4|6|6|6|4|3|1|-1|238|002354,暴露=strong；基本面=weak；估值=weak；容量=good；映射来源=frozen_theme,CLX-STOCK-RANKING;LOCAL-SINA-BOARD-20260731;TENCENT-VALUATION-20260731,,TH-SOFTWARE,frozen_theme,resolved
1,4,002229,鸿博股份,软件/数字内容/计算机应用,博彩概念;参股金融;海峡西岸;绿色照明;网络游戏,印刷包装,strong,weak,evidence_gap,evidence_gap,evidence_gap,weak,watch,亏损PE;长期趋势未修复;CLX独立性不足,neutral,-34.844,4.773,511077.23264,9.49376,Sina/Tencent 2026-07-31 valuation snapshot; growth/profit/cashflow not expanded,1,232,145,technical-reversal-only,False,6.07621009268795,4.771031,0|4|6|6|6|4|3|2|-1|232|002229,暴露=strong；基本面=weak；估值=weak；容量=neutral；映射来源=frozen_theme,CLX-STOCK-RANKING;LOCAL-SINA-BOARD-20260731;TENCENT-VALUATION-20260731,,TH-SOFTWARE,frozen_theme,resolved
1,5,000829,天音控股,软件/数字内容/计算机应用,博彩概念;白酒概念;华为汽车;苹果概念;文化振兴;网络游戏;信托重仓;重组概念,商业百货,strong,weak,evidence_gap,evidence_gap,evidence_gap,weak,watch,亏损PE;长期趋势未修复;CLX独立性不足,watch,-400.952,2.979,863134.568796,2.76463,Sina/Tencent 2026-07-31 valuation snapshot; growth/profit/cashflow not expanded,1,208,126,technical-reversal-only,False,-0.8244994110718551,2.3918580000000005,0|4|6|6|6|4|3|3|-1|208|000829,暴露=strong；基本面=weak；估值=weak；容量=watch；映射来源=frozen_theme,CLX-STOCK-RANKING;LOCAL-SINA-BOARD-20260731;TENCENT-VALUATION-20260731,,TH-SOFTWARE,frozen_theme,resolved
1,6,002970,锐明技术,软件/数字内容/计算机应用,,其他计算机设备,evidence_gap,good,evidence_gap,evidence_gap,evidence_gap,strong,watch,长期趋势未修复;CLX独立性不足,neutral,22.121,4.094,874775.836,5.65813,Sina/Tencent 2026-07-31 valuation snapshot; growth/profit/cashflow not expanded,1,278,185,technical-reversal-only,False,8.882783882783896,3.37642,6|1|6|6|6|0|3|2|-1|278|002970,暴露=evidence_gap；基本面=good；估值=strong；容量=neutral；映射来源=cninfo_industry,CLX-STOCK-RANKING;LOCAL-SINA-BOARD-20260731;TENCENT-VALUATION-20260731,其他计算机设备,TH-SOFTWARE,cninfo_industry,resolved_theme_unmatched
1,7,300768,迪普科技,软件/数字内容/计算机应用,,横向通用软件,evidence_gap,good,evidence_gap,evidence_gap,evidence_gap,good,watch,长期趋势未修复;CLX独立性不足,neutral,53.3,3.0,1048199.9999999999,5.01,Sina/Tencent 2026-07-31 valuation snapshot; growth/profit/cashflow not expanded,1,27,250,technical-reversal-only,False,8.896321070234126,3.401107,6|1|6|6|6|1|3|2|-1|27|300768,暴露=evidence_gap；基本面=good；估值=good；容量=neutral；映射来源=cninfo_industry,CLX-STOCK-RANKING;LOCAL-SINA-BOARD-20260731;TENCENT-VALUATION-20260731,横向通用软件,TH-SOFTWARE,cninfo_industry,resolved_theme_unmatched
1,8,688291,金橙子,软件/数字内容/计算机应用,,软件开发/IT服务,evidence_gap,good,evidence_gap,evidence_gap,evidence_gap,good,watch,长期趋势未修复;CLX独立性不足,watch,49.3,3.83,384099.99999999994,3.11,Sina/Tencent 2026-07-31 valuation snapshot; growth/profit/cashflow not expanded,1,562,425,technical-reversal-only,False,7.809798270893342,1.196536,6|1|6|6|6|1|3|3|-1|562|688291,暴露=evidence_gap；基本面=good；估值=good；容量=watch；映射来源=ths_business_keyword,CLX-STOCK-RANKING;LOCAL-SINA-BOARD-20260731;TENCENT-VALUATION-20260731,软件开发/IT服务,TH-SOFTWARE,ths_business_keyword,resolved_theme_unmatched
1,9,688507,索辰科技,软件/数字内容/计算机应用,,软件开发/IT服务,evidence_gap,neutral,evidence_gap,evidence_gap,evidence_gap,neutral,neutral,CLX独立性不足,good,997.51,4.78,1316000.0,21.61,Sina/Tencent 2026-07-31 valuation snapshot; growth/profit/cashflow not expanded,1,88,87,unclassified,False,14.480620155038771,15.736217000000002,6|2|6|6|6|2|2|1|-1|88|688507,暴露=evidence_gap；基本面=neutral；估值=neutral；容量=good；映射来源=ths_business_keyword,CLX-STOCK-RANKING;LOCAL-SINA-BOARD-20260731;TENCENT-VALUATION-20260731,软件开发/IT服务,TH-SOFTWARE,ths_business_keyword,resolved_theme_unmatched
1,10,688479,友车科技,软件/数字内容/计算机应用,,IT服务,evidence_gap,neutral,evidence_gap,evidence_gap,evidence_gap,neutral,neutral,CLX独立性不足,watch,109.57,2.83,523400.00000000006,3.16,Sina/Tencent 2026-07-31 valuation snapshot; growth/profit/cashflow not expanded,1,578,84,unclassified,False,4.7964530431277685,0.721044,6|2|6|6|6|2|2|3|-1|578|688479,暴露=evidence_gap；基本面=neutral；估值=neutral；容量=watch；映射来源=cninfo_industry,CLX-STOCK-RANKING;LOCAL-SINA-BOARD-20260731;TENCENT-VALUATION-20260731,IT服务,TH-SOFTWARE,cninfo_industry,resolved_theme_unmatched
1,11,301157,华塑科技,软件/数字内容/计算机应用,,软件开发,evidence_gap,neutral,evidence_gap,evidence_gap,evidence_gap,neutral,watch,长期趋势未修复;CLX独立性不足,watch,98.74,2.78,306100.0,6.64,Sina/Tencent 2026-07-31 valuation snapshot; growth/profit/cashflow not expanded,1,65,265,technical-reversal-only,False,8.093220338983054,0.705785,6|2|6|6|6|2|3|3|-1|65|301157,暴露=evidence_gap；基本面=neutral；估值=neutral；容量=watch；映射来源=cninfo_industry,CLX-STOCK-RANKING;LOCAL-SINA-BOARD-20260731;TENCENT-VALUATION-20260731,软件开发,TH-SOFTWARE,cninfo_industry,resolved_theme_unmatched
1,12,688522,纳睿雷达,软件/数字内容/计算机应用,,软件开发,evidence_gap,neutral,evidence_gap,evidence_gap,evidence_gap,neutral,watch,长期趋势未修复;CLX独立性不足,watch,70.72,3.48,807800.0,2.88,Sina/Tencent 2026-07-31 valuation snapshot; growth/profit/cashflow not expanded,1,184,442,technical-reversal-only,False,2.972972972972987,0.946311,6|2|6|6|6|2|3|3|-1|184|688522,暴露=evidence_gap；基本面=neutral；估值=neutral；容量=watch；映射来源=cninfo_industry,CLX-STOCK-RANKING;LOCAL-SINA-BOARD-20260731;TENCENT-VALUATION-20260731,软件开发,TH-SOFTWARE,cninfo_industry,resolved_theme_unmatched
1,13,003007,直真科技,软件/数字内容/计算机应用,,垂直应用软件,evidence_gap,neutral,evidence_gap,evidence_gap,evidence_gap,neutral,watch,长期趋势未修复;CLX独立性不足,watch,171.34,2.65,403200.0,3.57,Sina/Tencent 2026-07-31 valuation snapshot; growth/profit/cashflow not expanded,1,280,190,technical-reversal-only,False,6.037735849056602,0.873353,6|2|6|6|6|2|3|3|-1|280|003007,暴露=evidence_gap；基本面=neutral；估值=neutral；容量=watch；映射来源=cninfo_industry,CLX-STOCK-RANKING;LOCAL-SINA-BOARD-20260731;TENCENT-VALUATION-20260731,垂直应用软件,TH-SOFTWARE,cninfo_industry,resolved_theme_unmatched
1,14,300550,和仁科技,软件/数字内容/计算机应用,,垂直应用软件,evidence_gap,neutral,evidence_gap,evidence_gap,evidence_gap,neutral,watch,长期趋势未修复;CLX独立性不足,watch,65.88,2.46,278800.0,2.75,Sina/Tencent 2026-07-31 valuation snapshot; growth/profit/cashflow not expanded,1,319,231,technical-reversal-only,False,7.164480322906153,0.755485,6|2|6|6|6|2|3|3|-1|319|300550,暴露=evidence_gap；基本面=neutral；估值=neutral；容量=watch；映射来源=cninfo_industry,CLX-STOCK-RANKING;LOCAL-SINA-BOARD-20260731;TENCENT-VALUATION-20260731,垂直应用软件,TH-SOFTWARE,cninfo_industry,resolved_theme_unmatched
1,15,301380,挖金客,软件/数字内容/计算机应用,,IT服务,evidence_gap,neutral,evidence_gap,evidence_gap,evidence_gap,neutral,watch,长期趋势未修复;CLX独立性不足,watch,83.43,4.23,311000.0,5.66,Sina/Tencent 2026-07-31 valuation snapshot; growth/profit/cashflow not expanded,1,379,285,technical-reversal-only,False,5.0342465753424825,1.386274,6|2|6|6|6|2|3|3|-1|379|301380,暴露=evidence_gap；基本面=neutral；估值=neutral；容量=watch；映射来源=cninfo_industry,CLX-STOCK-RANKING;LOCAL-SINA-BOARD-20260731;TENCENT-VALUATION-20260731,IT服务,TH-SOFTWARE,cninfo_industry,resolved_theme_unmatched
1,16,688318,财富趋势,软件/数字内容/计算机应用,,垂直应用软件,evidence_gap,neutral,evidence_gap,evidence_gap,evidence_gap,watch,watch,长期趋势未修复;CLX独立性不足,neutral,87.69,7.05,2660899.9999999995,3.33,Sina/Tencent 2026-07-31 valuation snapshot; growth/profit/cashflow not expanded,1,87,432,technical-reversal-only,False,9.518890200708372,8.791405,6|2|6|6|6|3|3|2|-1|87|688318,暴露=evidence_gap；基本面=neutral；估值=watch；容量=neutral；映射来源=cninfo_industry,CLX-STOCK-RANKING;LOCAL-SINA-BOARD-20260731;TENCENT-VALUATION-20260731,垂直应用软件,TH-SOFTWARE,cninfo_industry,resolved_theme_unmatched
1,17,301269,华大九天,软件/数字内容/计算机应用,,垂直应用软件,evidence_gap,neutral,evidence_gap,evidence_gap,evidence_gap,watch,watch,长期趋势未修复;CLX独立性不足,neutral,794.545,9.204,4788424.42352,1.63564,Sina/Tencent 2026-07-31 valuation snapshot; growth/profit/cashflow not expanded,1,369,277,technical-reversal-only,False,2.2341794361913747,8.019402,6|2|6|6|6|3|3|2|-1|369|301269,暴露=evidence_gap；基本面=neutral；估值=watch；容量=neutral；映射来源=cninfo_industry,CLX-STOCK-RANKING;LOCAL-SINA-BOARD-20260731;TENCENT-VALUATION-20260731,垂直应用软件,TH-SOFTWARE,cninfo_industry,resolved_theme_unmatched
1,18,688258,卓易信息,软件/数字内容/计算机应用,,IT服务,evidence_gap,watch,evidence_gap,evidence_gap,evidence_gap,watch,neutral,CLX独立性不足,neutral,102.14,13.0,1229800.0,6.57,Sina/Tencent 2026-07-31 valuation snapshot; growth/profit/cashflow not expanded,1,558,80,unclassified,False,16.435371028787692,7.990039,6|3|6|6|6|3|2|2|-1|558|688258,暴露=evidence_gap；基本面=watch；估值=watch；容量=neutral；映射来源=cninfo_industry,CLX-STOCK-RANKING;LOCAL-SINA-BOARD-20260731;TENCENT-VALUATION-20260731,IT服务,TH-SOFTWARE,cninfo_industry,resolved_theme_unmatched
1,19,688802,沐曦股份,软件/数字内容/计算机应用,,半导体,evidence_gap,watch,evidence_gap,evidence_gap,evidence_gap,weak,watch,亏损PE;CLX独立性不足,good,-282.324,21.042,27561688.7,7.97498,Sina/Tencent 2026-07-31 valuation snapshot; growth/profit/cashflow not expanded,1,594,98,unclassified,False,2.5104166666666705,10.540775,6|3|6|6|6|4|3|1|-1|594|688802,暴露=evidence_gap；基本面=watch；估值=weak；容量=good；映射来源=ths_business_keyword,CLX-STOCK-RANKING;LOCAL-SINA-BOARD-20260731;TENCENT-VALUATION-20260731,半导体,TH-SOFTWARE,ths_business_keyword,resolved_theme_unmatched
1,20,300846,首都在线,软件/数字内容/计算机应用,,IT服务,evidence_gap,weak,evidence_gap,evidence_gap,evidence_gap,weak,watch,亏损PE;长期趋势未修复,good,-56.3,12.577,962158.924728,13.55447,Sina/Tencent 2026-07-31 valuation snapshot; growth/profit/cashflow not expanded,2,95,102,technical-reversal-only,False,10.994764397905744,10.653951,6|4|6|6|6|4|3|1|-2|95|300846,暴露=evidence_gap；基本面=weak；估值=weak；容量=good；映射来源=cninfo_industry,CLX-STOCK-RANKING;LOCAL-SINA-BOARD-20260731;TENCENT-VALUATION-20260731,IT服务,TH-SOFTWARE,cninfo_industry,resolved_theme_unmatched
1,21,688158,优刻得,软件/数字内容/计算机应用,,IT服务,evidence_gap,weak,evidence_gap,evidence_gap,evidence_gap,weak,watch,亏损PE;长期趋势未修复;CLX独立性不足,good,-543.55,5.76,1417600.0,10.71,Sina/Tencent 2026-07-31 valuation snapshot; growth/profit/cashflow not expanded,1,542,408,technical-reversal-only,False,15.763732129420616,13.344155,6|4|6|6|6|4|3|1|-1|542|688158,暴露=evidence_gap；基本面=weak；估值=weak；容量=good；映射来源=cninfo_industry,CLX-STOCK-RANKING;LOCAL-SINA-BOARD-20260731;TENCENT-VALUATION-20260731,IT服务,TH-SOFTWARE,cninfo_industry,resolved_theme_unmatched
1,22,688031,星环科技,软件/数字内容/计算机应用,,软件开发/IT服务,evidence_gap,weak,evidence_gap,evidence_gap,evidence_gap,weak,watch,亏损PE;长期趋势未修复,neutral,-50.34,13.58,1095300.0,8.85,Sina/Tencent 2026-07-31 valuation snapshot; growth/profit/cashflow not expanded,2,101,108,technical-reversal-only,False,12.560687165442562,9.70883,6|4|6|6|6|4|3|2|-2|101|688031,暴露=evidence_gap；基本面=weak；估值=weak；容量=neutral；映射来源=ths_business_keyword,CLX-STOCK-RANKING;LOCAL-SINA-BOARD-20260731;TENCENT-VALUATION-20260731,软件开发/IT服务,TH-SOFTWARE,ths_business_keyword,resolved_theme_unmatched
1,23,301218,华是科技,软件/数字内容/计算机应用,,软件开发,evidence_gap,weak,evidence_gap,evidence_gap,evidence_gap,weak,watch,亏损PE;CLX独立性不足,neutral,-178.393,5.218,473608.12,24.23177,Sina/Tencent 2026-07-31 valuation snapshot; growth/profit/cashflow not expanded,1,366,35,unclassified,False,16.39573991031391,6.840911,6|4|6|6|6|4|3|2|-1|366|301218,暴露=evidence_gap；基本面=weak；估值=weak；容量=neutral；映射来源=cninfo_industry,CLX-STOCK-RANKING;LOCAL-SINA-BOARD-20260731;TENCENT-VALUATION-20260731,软件开发,TH-SOFTWARE,cninfo_industry,resolved_theme_unmatched
1,24,688227,品高股份,软件/数字内容/计算机应用,,IT服务,evidence_gap,weak,evidence_gap,evidence_gap,evidence_gap,weak,watch,亏损PE;CLX独立性不足,neutral,-149.68,6.28,782600.0,5.32,Sina/Tencent 2026-07-31 valuation snapshot; growth/profit/cashflow not expanded,1,553,78,unclassified,False,11.66317147927085,4.210952,6|4|6|6|6|4|3|2|-1|553|688227,暴露=evidence_gap；基本面=weak；估值=weak；容量=neutral；映射来源=cninfo_industry,CLX-STOCK-RANKING;LOCAL-SINA-BOARD-20260731;TENCENT-VALUATION-20260731,IT服务,TH-SOFTWARE,cninfo_industry,resolved_theme_unmatched
1,25,301231,荣信文化,软件/数字内容/计算机应用,,其他文化传媒,evidence_gap,weak,evidence_gap,evidence_gap,evidence_gap,weak,watch,亏损PE;长期趋势未修复;CLX独立性不足,watch,-73.54,2.74,222900.0,15.46,Sina/Tencent 2026-07-31 valuation snapshot; growth/profit/cashflow not expanded,1,367,274,technical-reversal-only,False,19.99091322126305,2.548107,6|4|6|6|6|4|3|3|-1|367|301231,暴露=evidence_gap；基本面=weak；估值=weak；容量=watch；映射来源=cninfo_industry,CLX-STOCK-RANKING;LOCAL-SINA-BOARD-20260731;TENCENT-VALUATION-20260731,其他文化传媒,TH-SOFTWARE,cninfo_industry,resolved_theme_unmatched
1,26,301337,亚华电子,软件/数字内容/计算机应用,,软件开发,evidence_gap,weak,evidence_gap,evidence_gap,evidence_gap,weak,watch,亏损PE;长期趋势未修复;CLX独立性不足,watch,-136.38,2.22,240400.0,1.89,Sina/Tencent 2026-07-31 valuation snapshot; growth/profit/cashflow not expanded,1,372,281,technical-reversal-only,False,5.680256527714156,0.440051,6|4|6|6|6|4|3|3|-1|372|301337,暴露=evidence_gap；基本面=weak；估值=weak；容量=watch；映射来源=cninfo_industry,CLX-STOCK-RANKING;LOCAL-SINA-BOARD-20260731;TENCENT-VALUATION-20260731,软件开发,TH-SOFTWARE,cninfo_industry,resolved_theme_unmatched
1,27,688225,亚信安全,软件/数字内容/计算机应用,,横向通用软件,evidence_gap,weak,evidence_gap,evidence_gap,evidence_gap,weak,watch,亏损PE;长期趋势未修复;CLX独立性不足,watch,-12.06,3.14,488000.0,2.58,Sina/Tencent 2026-07-31 valuation snapshot; growth/profit/cashflow not expanded,1,552,416,technical-reversal-only,False,9.810981098109806,1.238539,6|4|6|6|6|4|3|3|-1|552|688225,暴露=evidence_gap；基本面=weak；估值=weak；容量=watch；映射来源=cninfo_industry,CLX-STOCK-RANKING;LOCAL-SINA-BOARD-20260731;TENCENT-VALUATION-20260731,横向通用软件,TH-SOFTWARE,cninfo_industry,resolved_theme_unmatched
1,28,688228,开普云,软件/数字内容/计算机应用,,IT服务,evidence_gap,weak,evidence_gap,evidence_gap,evidence_gap,weak,watch,亏损PE;长期趋势未修复;CLX独立性不足,watch,-221.13,3.58,445900.00000000006,5.11,Sina/Tencent 2026-07-31 valuation snapshot; growth/profit/cashflow not expanded,1,554,417,technical-reversal-only,False,10.606568364611269,2.267927,6|4|6|6|6|4|3|3|-1|554|688228,暴露=evidence_gap；基本面=weak；估值=weak；容量=watch；映射来源=cninfo_industry,CLX-STOCK-RANKING;LOCAL-SINA-BOARD-20260731;TENCENT-VALUATION-20260731,IT服务,TH-SOFTWARE,cninfo_industry,resolved_theme_unmatched
1,29,688292,浩瀚深度,软件/数字内容/计算机应用,,软件开发,evidence_gap,weak,evidence_gap,evidence_gap,evidence_gap,weak,watch,亏损PE;长期趋势未修复;CLX独立性不足,watch,-110.6,2.69,259899.99999999997,3.01,Sina/Tencent 2026-07-31 valuation snapshot; growth/profit/cashflow not expanded,1,563,426,technical-reversal-only,False,7.606557377049183,0.785724,6|4|6|6|6|4|3|3|-1|563|688292,暴露=evidence_gap；基本面=weak；估值=weak；容量=watch；映射来源=cninfo_industry,CLX-STOCK-RANKING;LOCAL-SINA-BOARD-20260731;TENCENT-VALUATION-20260731,软件开发,TH-SOFTWARE,cninfo_industry,resolved_theme_unmatched
2,1,300251,光线传媒,传媒娱乐,,传媒娱乐,neutral,strong,evidence_gap,evidence_gap,evidence_gap,strong,watch,长期趋势未修复;CLX独立性不足,good,20.93,3.488,3499770.999376,3.23448,Sina/Tencent 2026-07-31 valuation snapshot; growth/profit/cashflow not expanded,1,127,209,technical-reversal-only,False,5.762411347517737,10.573563,2|0|6|6|6|0|3|1|-1|127|300251,暴露=neutral；基本面=strong；估值=strong；容量=good；映射来源=frozen_theme,CLX-STOCK-RANKING;LOCAL-SINA-BOARD-20260731;TENCENT-VALUATION-20260731,,TH-SOFTWARE,frozen_theme,resolved
2,2,000504,南华生物,传媒娱乐,免疫治疗;文化振兴;信托重仓;重组概念,传媒娱乐,neutral,watch,evidence_gap,evidence_gap,evidence_gap,watch,watch,长期趋势未修复;CLX独立性不足,watch,84.111,9.024,249827.485186,1.63553,Sina/Tencent 2026-07-31 valuation snapshot; growth/profit/cashflow not expanded,1,193,115,technical-reversal-only,False,2.435723951285529,0.404052,2|3|6|6|6|3|3|3|-1|193|000504,暴露=neutral；基本面=watch；估值=watch；容量=watch；映射来源=frozen_theme,CLX-STOCK-RANKING;LOCAL-SINA-BOARD-20260731;TENCENT-VALUATION-20260731,,TH-SOFTWARE,frozen_theme,resolved
3,1,300566,激智科技,先进光伏电池修复,TOPCon;光伏;光伏概念,,strong,good,evidence_gap,evidence_gap,evidence_gap,strong,neutral,CLX独立性不足,neutral,27.859,2.558,569553.345779,9.39675,Sina/Tencent 2026-07-31 valuation snapshot; growth/profit/cashflow not expanded,1,320,27,unclassified,False,2.1146616541353414,4.80692,0|1|6|6|6|0|2|2|-1|320|300566,暴露=strong；基本面=good；估值=strong；容量=neutral；映射来源=frozen_theme,CLX-STOCK-RANKING;LOCAL-SINA-BOARD-20260731;TENCENT-VALUATION-20260731,,TH-PV,frozen_theme,resolved
3,2,300757,罗博特科,先进光伏电池修复,BC电池;HIT电池;TOPCon;光伏;光伏概念,,strong,watch,evidence_gap,evidence_gap,evidence_gap,weak,watch,亏损PE;CLX独立性不足,strong,-1013.561,42.845,6965122.660716,7.20819,Sina/Tencent 2026-07-31 valuation snapshot; growth/profit/cashflow not expanded,1,338,3,secondary-line,True,16.06848588107144,49.005395,0|3|6|6|6|4|3|0|-1|338|300757,暴露=strong；基本面=watch；估值=weak；容量=strong；映射来源=frozen_theme,CLX-STOCK-RANKING;LOCAL-SINA-BOARD-20260731;TENCENT-VALUATION-20260731,,TH-PV,frozen_theme,resolved
3,3,600930,华电新能,先进光伏电池修复,,光伏设备/材料,evidence_gap,strong,evidence_gap,evidence_gap,evidence_gap,strong,watch,长期趋势未修复;CLX独立性不足,neutral,27.69,1.62,17728600.0,1.4,Sina/Tencent 2026-07-31 valuation snapshot; growth/profit/cashflow not expanded,1,441,331,technical-reversal-only,False,0.7109004739336511,6.359617,6|0|6|6|6|0|3|2|-1|441|600930,暴露=evidence_gap；基本面=strong；估值=strong；容量=neutral；映射来源=ths_business_keyword,CLX-STOCK-RANKING;LOCAL-SINA-BOARD-20260731;TENCENT-VALUATION-20260731,光伏设备/材料,TH-PV,ths_business_keyword,resolved_theme_unmatched
3,4,301202,朗威股份,先进光伏电池修复,,光伏设备/材料,evidence_gap,neutral,evidence_gap,evidence_gap,evidence_gap,neutral,watch,长期趋势未修复;CLX独立性不足,watch,65.61,3.55,422000.0,2.43,Sina/Tencent 2026-07-31 valuation snapshot; growth/profit/cashflow not expanded,1,364,271,technical-reversal-only,False,4.31557653405259,0.601635,6|2|6|6|6|2|3|3|-1|364|301202,暴露=evidence_gap；基本面=neutral；估值=neutral；容量=watch；映射来源=ths_business_keyword,CLX-STOCK-RANKING;LOCAL-SINA-BOARD-20260731;TENCENT-VALUATION-20260731,光伏设备/材料,TH-PV,ths_business_keyword,resolved_theme_unmatched
3,5,603119,浙江荣泰,先进光伏电池修复,,光伏设备/材料,evidence_gap,neutral,evidence_gap,evidence_gap,evidence_gap,watch,watch,长期趋势未修复;CLX独立性不足,neutral,74.45,10.68,2163800.0,6.94,Sina/Tencent 2026-07-31 valuation snapshot; growth/profit/cashflow not expanded,1,478,358,technical-reversal-only,False,7.417840375586837,8.466381,6|2|6|6|6|3|3|2|-1|478|603119,暴露=evidence_gap；基本面=neutral；估值=watch；容量=neutral；映射来源=ths_business_keyword,CLX-STOCK-RANKING;LOCAL-SINA-BOARD-20260731;TENCENT-VALUATION-20260731,光伏设备/材料,TH-PV,ths_business_keyword,resolved_theme_unmatched
3,6,688783,西安奕材,先进光伏电池修复,,光伏设备/材料,evidence_gap,watch,evidence_gap,evidence_gap,evidence_gap,weak,watch,亏损PE;CLX独立性不足,good,-120.333,8.317,10203520.6,16.39299,Sina/Tencent 2026-07-31 valuation snapshot; growth/profit/cashflow not expanded,1,591,95,unclassified,False,3.1849734585545075,11.659136,6|3|6|6|6|4|3|1|-1|591|688783,暴露=evidence_gap；基本面=watch；估值=weak；容量=good；映射来源=ths_business_keyword,CLX-STOCK-RANKING;LOCAL-SINA-BOARD-20260731;TENCENT-VALUATION-20260731,光伏设备/材料,TH-PV,ths_business_keyword,resolved_theme_unmatched
3,7,301517,陕西华达,先进光伏电池修复,,光伏设备/材料,evidence_gap,weak,evidence_gap,evidence_gap,evidence_gap,weak,watch,亏损PE;长期趋势未修复,watch,-85.8,4.34,552500.0,4.21,Sina/Tencent 2026-07-31 valuation snapshot; growth/profit/cashflow not expanded,2,100,107,technical-reversal-only,False,5.273775216138321,1.50784,6|4|6|6|6|4|3|3|-2|100|301517,暴露=evidence_gap；基本面=weak；估值=weak；容量=watch；映射来源=ths_business_keyword,CLX-STOCK-RANKING;LOCAL-SINA-BOARD-20260731;TENCENT-VALUATION-20260731,光伏设备/材料,TH-PV,ths_business_keyword,resolved_theme_unmatched
4,1,688017,绿的谐波,自动化/机器人修复,,,strong,neutral,evidence_gap,evidence_gap,evidence_gap,watch,neutral,CLX独立性不足,strong,438.547,15.598,5566819.245625,8.22206,Sina/Tencent 2026-07-31 valuation snapshot; growth/profit/cashflow not expanded,1,174,2,secondary-line,True,16.340996168582357,45.2362,0|2|6|6|6|3|2|0|-1|174|688017,暴露=strong；基本面=neutral；估值=watch；容量=strong；映射来源=frozen_theme,CLX-STOCK-RANKING;LOCAL-SINA-BOARD-20260731;TENCENT-VALUATION-20260731,,TH-AUTO,frozen_theme,resolved
4,2,301199,迈赫股份,自动化/机器人修复,,机器人,evidence_gap,good,evidence_gap,evidence_gap,evidence_gap,strong,watch,长期趋势未修复;CLX独立性不足,watch,38.14,1.71,329300.0,1.39,Sina/Tencent 2026-07-31 valuation snapshot; growth/profit/cashflow not expanded,1,363,270,technical-reversal-only,False,4.875148632580273,0.43822,6|1|6|6|6|0|3|3|-1|363|301199,暴露=evidence_gap；基本面=good；估值=strong；容量=watch；映射来源=cninfo_industry,CLX-STOCK-RANKING;LOCAL-SINA-BOARD-20260731;TENCENT-VALUATION-20260731,机器人,TH-AUTO,cninfo_industry,resolved_theme_unmatched
4,3,603350,安乃达,自动化/机器人修复,,自动化设备/机器人,evidence_gap,good,evidence_gap,evidence_gap,evidence_gap,strong,watch,长期趋势未修复;CLX独立性不足,watch,28.39,2.36,314100.0,2.35,Sina/Tencent 2026-07-31 valuation snapshot; growth/profit/cashflow not expanded,1,490,366,technical-reversal-only,False,1.3533834586466176,0.278138,6|1|6|6|6|0|3|3|-1|490|603350,暴露=evidence_gap；基本面=good；估值=strong；容量=watch；映射来源=ths_business_keyword,CLX-STOCK-RANKING;LOCAL-SINA-BOARD-20260731;TENCENT-VALUATION-20260731,自动化设备/机器人,TH-AUTO,ths_business_keyword,resolved_theme_unmatched
4,4,603416,信捷电气,自动化/机器人修复,,机器人,evidence_gap,good,evidence_gap,evidence_gap,evidence_gap,strong,watch,长期趋势未修复;CLX独立性不足,watch,29.8,3.0,782200.0,2.26,Sina/Tencent 2026-07-31 valuation snapshot; growth/profit/cashflow not expanded,1,493,369,technical-reversal-only,False,3.964114333402868,1.563327,6|1|6|6|6|0|3|3|-1|493|603416,暴露=evidence_gap；基本面=good；估值=strong；容量=watch；映射来源=cninfo_industry,CLX-STOCK-RANKING;LOCAL-SINA-BOARD-20260731;TENCENT-VALUATION-20260731,机器人,TH-AUTO,cninfo_industry,resolved_theme_unmatched
4,5,688273,麦澜德,自动化/机器人修复,,其它专用机械,evidence_gap,good,evidence_gap,evidence_gap,evidence_gap,strong,watch,长期趋势未修复;CLX独立性不足,watch,33.84,2.19,290000.0,1.47,Sina/Tencent 2026-07-31 valuation snapshot; growth/profit/cashflow not expanded,1,560,423,technical-reversal-only,False,4.054538930749896,0.429905,6|1|6|6|6|0|3|3|-1|560|688273,暴露=evidence_gap；基本面=good；估值=strong；容量=watch；映射来源=cninfo_industry,CLX-STOCK-RANKING;LOCAL-SINA-BOARD-20260731;TENCENT-VALUATION-20260731,其它专用机械,TH-AUTO,cninfo_industry,resolved_theme_unmatched
4,6,301179,泽宇智能,自动化/机器人修复,,电网自动化设备,evidence_gap,good,evidence_gap,evidence_gap,evidence_gap,good,watch,长期趋势未修复;CLX独立性不足,watch,45.75,3.03,744900.0,1.47,Sina/Tencent 2026-07-31 valuation snapshot; growth/profit/cashflow not expanded,1,136,267,technical-reversal-only,False,4.185520361990958,0.640211,6|1|6|6|6|1|3|3|-1|136|301179,暴露=evidence_gap；基本面=good；估值=good；容量=watch；映射来源=cninfo_industry,CLX-STOCK-RANKING;LOCAL-SINA-BOARD-20260731;TENCENT-VALUATION-20260731,电网自动化设备,TH-AUTO,cninfo_industry,resolved_theme_unmatched
4,7,301596,瑞迪智驱,自动化/机器人修复,,自动化设备/机器人,evidence_gap,good,evidence_gap,evidence_gap,evidence_gap,good,watch,长期趋势未修复;CLX独立性不足,watch,44.12,5.1,448500.0,6.04,Sina/Tencent 2026-07-31 valuation snapshot; growth/profit/cashflow not expanded,1,390,297,technical-reversal-only,False,8.748035620743844,1.093154,6|1|6|6|6|1|3|3|-1|390|301596,暴露=evidence_gap；基本面=good；估值=good；容量=watch；映射来源=ths_business_keyword,CLX-STOCK-RANKING;LOCAL-SINA-BOARD-20260731;TENCENT-VALUATION-20260731,自动化设备/机器人,TH-AUTO,ths_business_keyword,resolved_theme_unmatched
4,8,605186,健麾信息,自动化/机器人修复,,其他自动化设备,evidence_gap,neutral,evidence_gap,evidence_gap,evidence_gap,neutral,neutral,CLX独立性不足,watch,104.97,2.92,323000.0,3.21,Sina/Tencent 2026-07-31 valuation snapshot; growth/profit/cashflow not expanded,1,525,71,unclassified,False,7.466063348416285,1.021691,6|2|6|6|6|2|2|3|-1|525|605186,暴露=evidence_gap；基本面=neutral；估值=neutral；容量=watch；映射来源=cninfo_industry,CLX-STOCK-RANKING;LOCAL-SINA-BOARD-20260731;TENCENT-VALUATION-20260731,其他自动化设备,TH-AUTO,cninfo_industry,resolved_theme_unmatched
4,9,300607,拓斯达,自动化/机器人修复,,机器人,evidence_gap,neutral,evidence_gap,evidence_gap,evidence_gap,neutral,watch,长期趋势未修复;CLX独立性不足,good,120.35,4.9,1421399.9999999998,13.13,Sina/Tencent 2026-07-31 valuation snapshot; growth/profit/cashflow not expanded,1,132,233,technical-reversal-only,False,11.111111111111116,13.164854,6|2|6|6|6|2|3|1|-1|132|300607,暴露=evidence_gap；基本面=neutral；估值=neutral；容量=good；映射来源=cninfo_industry,CLX-STOCK-RANKING;LOCAL-SINA-BOARD-20260731;TENCENT-VALUATION-20260731,机器人,TH-AUTO,cninfo_industry,resolved_theme_unmatched
4,10,301525,儒竞科技,自动化/机器人修复,,自动化设备/机器人,evidence_gap,neutral,evidence_gap,evidence_gap,evidence_gap,neutral,watch,长期趋势未修复;CLX独立性不足,watch,61.08,1.57,507299.99999999994,2.2,Sina/Tencent 2026-07-31 valuation snapshot; growth/profit/cashflow not expanded,1,69,293,technical-reversal-only,False,2.5080042689434423,0.588388,6|2|6|6|6|2|3|3|-1|69|301525,暴露=evidence_gap；基本面=neutral；估值=neutral；容量=watch；映射来源=ths_business_keyword,CLX-STOCK-RANKING;LOCAL-SINA-BOARD-20260731;TENCENT-VALUATION-20260731,自动化设备/机器人,TH-AUTO,ths_business_keyword,resolved_theme_unmatched
4,11,001400,江顺科技,自动化/机器人修复,,其它专用机械,evidence_gap,neutral,evidence_gap,evidence_gap,evidence_gap,neutral,watch,长期趋势未修复;CLX独立性不足,watch,66.35,4.49,565500.0,2.32,Sina/Tencent 2026-07-31 valuation snapshot; growth/profit/cashflow not expanded,1,223,139,technical-reversal-only,False,9.999999999999986,0.708579,6|2|6|6|6|2|3|3|-1|223|001400,暴露=evidence_gap；基本面=neutral；估值=neutral；容量=watch；映射来源=cninfo_industry,CLX-STOCK-RANKING;LOCAL-SINA-BOARD-20260731;TENCENT-VALUATION-20260731,其它专用机械,TH-AUTO,cninfo_industry,resolved_theme_unmatched
4,12,301468,博盈特焊,自动化/机器人修复,,其它专用机械,evidence_gap,neutral,evidence_gap,evidence_gap,evidence_gap,neutral,watch,长期趋势未修复;CLX独立性不足,watch,98.11,2.08,475600.0,6.37,Sina/Tencent 2026-07-31 valuation snapshot; growth/profit/cashflow not expanded,1,383,289,technical-reversal-only,False,5.873493975903621,1.765028,6|2|6|6|6|2|3|3|-1|383|301468,暴露=evidence_gap；基本面=neutral；估值=neutral；容量=watch；映射来源=cninfo_industry,CLX-STOCK-RANKING;LOCAL-SINA-BOARD-20260731;TENCENT-VALUATION-20260731,其它专用机械,TH-AUTO,cninfo_industry,resolved_theme_unmatched
4,13,688215,瑞晟智能,自动化/机器人修复,,其他自动化设备,evidence_gap,neutral,evidence_gap,evidence_gap,evidence_gap,neutral,watch,长期趋势未修复;CLX独立性不足,watch,66.79,5.83,281000.0,1.37,Sina/Tencent 2026-07-31 valuation snapshot; growth/profit/cashflow not expanded,1,551,415,technical-reversal-only,False,3.943850267379667,0.388695,6|2|6|6|6|2|3|3|-1|551|688215,暴露=evidence_gap；基本面=neutral；估值=neutral；容量=watch；映射来源=cninfo_industry,CLX-STOCK-RANKING;LOCAL-SINA-BOARD-20260731;TENCENT-VALUATION-20260731,其他自动化设备,TH-AUTO,cninfo_industry,resolved_theme_unmatched
4,14,688455,科捷智能,自动化/机器人修复,,其它通用机械,evidence_gap,neutral,evidence_gap,evidence_gap,evidence_gap,neutral,watch,长期趋势未修复;CLX独立性不足,watch,77.94,2.54,234100.0,1.09,Sina/Tencent 2026-07-31 valuation snapshot; growth/profit/cashflow not expanded,1,576,438,technical-reversal-only,False,3.4149962880475115,0.255737,6|2|6|6|6|2|3|3|-1|576|688455,暴露=evidence_gap；基本面=neutral；估值=neutral；容量=watch；映射来源=cninfo_industry,CLX-STOCK-RANKING;LOCAL-SINA-BOARD-20260731;TENCENT-VALUATION-20260731,其它通用机械,TH-AUTO,cninfo_industry,resolved_theme_unmatched
4,15,301696,三瑞智能,自动化/机器人修复,,自动化设备/机器人,evidence_gap,neutral,evidence_gap,evidence_gap,evidence_gap,watch,neutral,CLX独立性不足,neutral,87.077,31.518,4075301.88,17.61939,Sina/Tencent 2026-07-31 valuation snapshot; growth/profit/cashflow not expanded,1,143,94,unclassified,False,14.125686120757264,5.241353,6|2|6|6|6|3|2|2|-1|143|301696,暴露=evidence_gap；基本面=neutral；估值=watch；容量=neutral；映射来源=ths_business_keyword,CLX-STOCK-RANKING;LOCAL-SINA-BOARD-20260731;TENCENT-VALUATION-20260731,自动化设备/机器人,TH-AUTO,ths_business_keyword,resolved_theme_unmatched
4,16,688729,屹唐股份,自动化/机器人修复,,其它专用机械,evidence_gap,neutral,evidence_gap,evidence_gap,evidence_gap,watch,watch,长期趋势未修复;CLX独立性不足,good,112.42,7.7,6886500.0,3.2,Sina/Tencent 2026-07-31 valuation snapshot; growth/profit/cashflow not expanded,1,590,453,technical-reversal-only,False,3.280141843971651,13.852202,6|2|6|6|6|3|3|1|-1|590|688729,暴露=evidence_gap；基本面=neutral；估值=watch；容量=good；映射来源=cninfo_industry,CLX-STOCK-RANKING;LOCAL-SINA-BOARD-20260731;TENCENT-VALUATION-20260731,其它专用机械,TH-AUTO,cninfo_industry,resolved_theme_unmatched
4,17,603895,天永智能,自动化/机器人修复,,其它专用机械,evidence_gap,watch,evidence_gap,evidence_gap,evidence_gap,watch,watch,长期趋势未修复;CLX独立性不足,watch,134.882,12.075,247827.44,3.11815,Sina/Tencent 2026-07-31 valuation snapshot; growth/profit/cashflow not expanded,1,517,386,technical-reversal-only,False,4.75102786660575,0.767654,6|3|6|6|6|3|3|3|-1|517|603895,暴露=evidence_gap；基本面=watch；估值=watch；容量=watch；映射来源=cninfo_industry,CLX-STOCK-RANKING;LOCAL-SINA-BOARD-20260731;TENCENT-VALUATION-20260731,其它专用机械,TH-AUTO,cninfo_industry,resolved_theme_unmatched
4,18,688306,均普智能,自动化/机器人修复,,其他自动化设备,evidence_gap,watch,evidence_gap,evidence_gap,evidence_gap,watch,watch,长期趋势未修复;CLX独立性不足,watch,1399.8,6.5,1131200.0,1.2,Sina/Tencent 2026-07-31 valuation snapshot; growth/profit/cashflow not expanded,1,565,429,technical-reversal-only,False,3.716216216216206,1.37417,6|3|6|6|6|3|3|3|-1|565|688306,暴露=evidence_gap；基本面=watch；估值=watch；容量=watch；映射来源=cninfo_industry,CLX-STOCK-RANKING;LOCAL-SINA-BOARD-20260731;TENCENT-VALUATION-20260731,其他自动化设备,TH-AUTO,cninfo_industry,resolved_theme_unmatched
4,19,688583,思看科技,自动化/机器人修复,,自动化设备/机器人,evidence_gap,watch,evidence_gap,evidence_gap,evidence_gap,watch,watch,长期趋势未修复;CLX独立性不足,watch,116.63,7.58,888700.0,3.28,Sina/Tencent 2026-07-31 valuation snapshot; growth/profit/cashflow not expanded,1,584,445,technical-reversal-only,False,1.9593923044157304,1.041578,6|3|6|6|6|3|3|3|-1|584|688583,暴露=evidence_gap；基本面=watch；估值=watch；容量=watch；映射来源=ths_business_keyword,CLX-STOCK-RANKING;LOCAL-SINA-BOARD-20260731;TENCENT-VALUATION-20260731,自动化设备/机器人,TH-AUTO,ths_business_keyword,resolved_theme_unmatched
4,20,688114,华大智造,自动化/机器人修复,,其它专用机械,evidence_gap,watch,evidence_gap,evidence_gap,evidence_gap,weak,watch,亏损PE;长期趋势未修复;CLX独立性不足,neutral,-131.32,2.93,2075100.0,1.52,Sina/Tencent 2026-07-31 valuation snapshot; growth/profit/cashflow not expanded,1,81,403,technical-reversal-only,False,5.127664064148552,3.16057,6|3|6|6|6|4|3|2|-1|81|688114,暴露=evidence_gap；基本面=watch；估值=weak；容量=neutral；映射来源=cninfo_industry,CLX-STOCK-RANKING;LOCAL-SINA-BOARD-20260731;TENCENT-VALUATION-20260731,其它专用机械,TH-AUTO,cninfo_industry,resolved_theme_unmatched
4,21,300992,泰福泵业,自动化/机器人修复,,其它通用机械,evidence_gap,weak,evidence_gap,evidence_gap,evidence_gap,weak,watch,亏损PE;长期趋势未修复,watch,-165.14,2.37,202700.0,1.61,Sina/Tencent 2026-07-31 valuation snapshot; growth/profit/cashflow not expanded,2,98,105,technical-reversal-only,False,4.933399111988157,0.265989,6|4|6|6|6|4|3|3|-2|98|300992,暴露=evidence_gap；基本面=weak；估值=weak；容量=watch；映射来源=cninfo_industry,CLX-STOCK-RANKING;LOCAL-SINA-BOARD-20260731;TENCENT-VALUATION-20260731,其它通用机械,TH-AUTO,cninfo_industry,resolved_theme_unmatched
4,22,301368,丰立智能,自动化/机器人修复,,其它通用机械,evidence_gap,weak,evidence_gap,evidence_gap,evidence_gap,weak,watch,亏损PE;长期趋势未修复;CLX独立性不足,watch,-164.59,5.04,474600.0,3.14,Sina/Tencent 2026-07-31 valuation snapshot; growth/profit/cashflow not expanded,1,376,283,technical-reversal-only,False,5.809906291833999,1.485663,6|4|6|6|6|4|3|3|-1|376|301368,暴露=evidence_gap；基本面=weak；估值=weak；容量=watch；映射来源=cninfo_industry,CLX-STOCK-RANKING;LOCAL-SINA-BOARD-20260731;TENCENT-VALUATION-20260731,其它通用机械,TH-AUTO,cninfo_industry,resolved_theme_unmatched
4,23,688084,晶品特装,自动化/机器人修复,,自动化设备/机器人,evidence_gap,weak,evidence_gap,evidence_gap,evidence_gap,weak,watch,亏损PE;长期趋势未修复;CLX独立性不足,watch,-196.79,1.96,301100.0,2.67,Sina/Tencent 2026-07-31 valuation snapshot; growth/profit/cashflow not expanded,1,534,398,technical-reversal-only,False,5.318867425244767,0.802154,6|4|6|6|6|4|3|3|-1|534|688084,暴露=evidence_gap；基本面=weak；估值=weak；容量=watch；映射来源=ths_business_keyword,CLX-STOCK-RANKING;LOCAL-SINA-BOARD-20260731;TENCENT-VALUATION-20260731,自动化设备/机器人,TH-AUTO,ths_business_keyword,resolved_theme_unmatched
4,24,688165,埃夫特,自动化/机器人修复,,机器人,evidence_gap,weak,evidence_gap,evidence_gap,evidence_gap,weak,watch,亏损PE;长期趋势未修复;CLX独立性不足,watch,-19.62,7.14,862500.0,2.84,Sina/Tencent 2026-07-31 valuation snapshot; growth/profit/cashflow not expanded,1,545,409,technical-reversal-only,False,9.03693931398417,2.423528,6|4|6|6|6|4|3|3|-1|545|688165,暴露=evidence_gap；基本面=weak；估值=weak；容量=watch；映射来源=cninfo_industry,CLX-STOCK-RANKING;LOCAL-SINA-BOARD-20260731;TENCENT-VALUATION-20260731,机器人,TH-AUTO,cninfo_industry,resolved_theme_unmatched
5,1,601778,晶科科技,光伏,光伏,,neutral,good,evidence_gap,evidence_gap,evidence_gap,strong,watch,长期趋势未修复;CLX独立性不足,neutral,40.0,0.853,1340296.01928,3.8784,Sina/Tencent 2026-07-31 valuation snapshot; growth/profit/cashflow not expanded,1,461,345,technical-reversal-only,False,1.6949152542372836,5.231596,2|1|6|6|6|0|3|2|-1|461|601778,暴露=neutral；基本面=good；估值=strong；容量=neutral；映射来源=frozen_theme,CLX-STOCK-RANKING;LOCAL-SINA-BOARD-20260731;TENCENT-VALUATION-20260731,,TH-PV,frozen_theme,resolved
5,2,605011,杭州热电,光伏,光伏,,neutral,good,evidence_gap,evidence_gap,evidence_gap,good,watch,长期趋势未修复;CLX独立性不足,watch,37.511,2.854,705376.3,1.495,Sina/Tencent 2026-07-31 valuation snapshot; growth/profit/cashflow not expanded,1,80,390,technical-reversal-only,False,1.7898383371824478,1.050548,2|1|6|6|6|1|3|3|-1|80|605011,暴露=neutral；基本面=good；估值=good；容量=watch；映射来源=frozen_theme,CLX-STOCK-RANKING;LOCAL-SINA-BOARD-20260731;TENCENT-VALUATION-20260731,,TH-PV,frozen_theme,resolved
5,3,002851,麦格米特,光伏,光伏,,neutral,neutral,evidence_gap,evidence_gap,evidence_gap,watch,neutral,CLX独立性不足,strong,397.647,6.939,6224525.02436,6.3576,Sina/Tencent 2026-07-31 valuation snapshot; growth/profit/cashflow not expanded,1,270,19,unclassified,False,10.00310013433916,31.065088,2|2|6|6|6|3|2|0|-1|270|002851,暴露=neutral；基本面=neutral；估值=watch；容量=strong；映射来源=frozen_theme,CLX-STOCK-RANKING;LOCAL-SINA-BOARD-20260731;TENCENT-VALUATION-20260731,,TH-PV,frozen_theme,resolved
6,1,601619,嘉泽新能,光伏概念,风电;光伏;光伏概念,,neutral,good,evidence_gap,evidence_gap,evidence_gap,strong,watch,长期趋势未修复;CLX独立性不足,watch,16.536,1.693,1348643.78565,1.36155,Sina/Tencent 2026-07-31 valuation snapshot; growth/profit/cashflow not expanded,1,458,342,technical-reversal-only,False,0.6521739130434856,1.536648,2|1|6|6|6|0|3|3|-1|458|601619,暴露=neutral；基本面=good；估值=strong；容量=watch；映射来源=frozen_theme,CLX-STOCK-RANKING;LOCAL-SINA-BOARD-20260731;TENCENT-VALUATION-20260731,,TH-PV,frozen_theme,resolved
7,1,300812,易天股份,半导体设备,,半导体设备,evidence_gap,neutral,evidence_gap,evidence_gap,evidence_gap,neutral,watch,长期趋势未修复;CLX独立性不足,watch,132.923,4.322,338874.34752,6.04046,Sina/Tencent 2026-07-31 valuation snapshot; growth/profit/cashflow not expanded,1,342,253,technical-reversal-only,False,7.93254216114927,1.874045,6|2|6|6|6|2|3|3|-1|342|300812,暴露=evidence_gap；基本面=neutral；估值=neutral；容量=watch；映射来源=cninfo_industry,CLX-STOCK-RANKING;LOCAL-SINA-BOARD-20260731;TENCENT-VALUATION-20260731,半导体设备,,cninfo_industry,resolved_theme_unmatched
7,2,300604,长川科技,半导体设备,,半导体设备,evidence_gap,neutral,evidence_gap,evidence_gap,evidence_gap,watch,neutral,CLX独立性不足,strong,122.472,32.341,16472044.893896,7.14496,Sina/Tencent 2026-07-31 valuation snapshot; growth/profit/cashflow not expanded,1,322,28,unclassified,False,5.759674134419557,95.570818,6|2|6|6|6|3|2|0|-1|322|300604,暴露=evidence_gap；基本面=neutral；估值=watch；容量=strong；映射来源=cninfo_industry,CLX-STOCK-RANKING;LOCAL-SINA-BOARD-20260731;TENCENT-VALUATION-20260731,半导体设备,,cninfo_industry,resolved_theme_unmatched
8,1,688332,中科蓝讯,数字芯片设计,,数字芯片设计,evidence_gap,good,evidence_gap,evidence_gap,evidence_gap,strong,neutral,长期趋势未修复,neutral,10.62,2.88,1449300.0,4.29,Sina/Tencent 2026-07-31 valuation snapshot; growth/profit/cashflow not expanded,2,9,109,technical-reversal-only,False,10.853242320819124,6.304623,6|1|6|6|6|0|2|2|-2|9|688332,暴露=evidence_gap；基本面=good；估值=strong；容量=neutral；映射来源=cninfo_industry,CLX-STOCK-RANKING;LOCAL-SINA-BOARD-20260731;TENCENT-VALUATION-20260731,数字芯片设计,,cninfo_industry,resolved_theme_unmatched
8,2,688259,创耀科技,数字芯片设计,,数字芯片设计,evidence_gap,good,evidence_gap,evidence_gap,evidence_gap,strong,watch,长期趋势未修复;CLX独立性不足,watch,41.74,2.06,323800.0,2.16,Sina/Tencent 2026-07-31 valuation snapshot; growth/profit/cashflow not expanded,1,85,421,technical-reversal-only,False,4.543815362423365,0.701882,6|1|6|6|6|0|3|3|-1|85|688259,暴露=evidence_gap；基本面=good；估值=strong；容量=watch；映射来源=cninfo_industry,CLX-STOCK-RANKING;LOCAL-SINA-BOARD-20260731;TENCENT-VALUATION-20260731,数字芯片设计,,cninfo_industry,resolved_theme_unmatched
8,3,688256,寒武纪,数字芯片设计,,数字芯片设计,evidence_gap,neutral,evidence_gap,evidence_gap,evidence_gap,watch,neutral,CLX独立性不足,strong,255.76,56.78,69489200.0,2.59,Sina/Tencent 2026-07-31 valuation snapshot; growth/profit/cashflow not expanded,1,557,79,unclassified,False,6.098251201519522,185.52277,6|2|6|6|6|3|2|0|-1|557|688256,暴露=evidence_gap；基本面=neutral；估值=watch；容量=strong；映射来源=cninfo_industry,CLX-STOCK-RANKING;LOCAL-SINA-BOARD-20260731;TENCENT-VALUATION-20260731,数字芯片设计,,cninfo_industry,resolved_theme_unmatched
8,4,688385,复旦微电,数字芯片设计,,数字芯片设计,evidence_gap,neutral,evidence_gap,evidence_gap,evidence_gap,watch,watch,长期趋势未修复;CLX独立性不足,neutral,163.92,6.43,4007400.0,3.51,Sina/Tencent 2026-07-31 valuation snapshot; growth/profit/cashflow not expanded,1,571,434,technical-reversal-only,False,5.303030303030298,9.307044,6|2|6|6|6|3|3|2|-1|571|688385,暴露=evidence_gap；基本面=neutral；估值=watch；容量=neutral；映射来源=cninfo_industry,CLX-STOCK-RANKING;LOCAL-SINA-BOARD-20260731;TENCENT-VALUATION-20260731,数字芯片设计,,cninfo_industry,resolved_theme_unmatched
9,1,002203,海亮股份,有色金属,参股金融;钒电池;海水淡化;空气治理;涉矿概念;特斯拉,有色金属,neutral,strong,evidence_gap,evidence_gap,evidence_gap,strong,strong,,neutral,39.085,2.468,4209954.438338,1.85988,Sina/Tencent 2026-07-31 valuation snapshot; growth/profit/cashflow not expanded,2,3,4,unclassified,False,6.492753623188419,7.580648,2|0|6|6|6|0|0|2|-2|3|002203,暴露=neutral；基本面=strong；估值=strong；容量=neutral；映射来源=sina_industry,CLX-STOCK-RANKING;LOCAL-SINA-BOARD-20260731;TENCENT-VALUATION-20260731,,,sina_industry,resolved_theme_unmatched
9,2,600362,江西铜业,有色金属,含H股;稀缺资源;业绩预降;资产注入;整体上市,有色金属,neutral,strong,evidence_gap,evidence_gap,evidence_gap,strong,neutral,CLX独立性不足,good,20.908,1.782,14986692.86484,2.65825,Sina/Tencent 2026-07-31 valuation snapshot; growth/profit/cashflow not expanded,1,413,47,unclassified,False,2.705268153773144,23.93761,2|0|6|6|6|0|2|1|-1|413|600362,暴露=neutral；基本面=strong；估值=strong；容量=good；映射来源=sina_industry,CLX-STOCK-RANKING;LOCAL-SINA-BOARD-20260731;TENCENT-VALUATION-20260731,,,sina_industry,resolved_theme_unmatched
9,3,002617,露笑科技,有色金属,本月解禁;光伏;光伏概念;锂电池;重组概念,电器行业;有色金属,neutral,good,evidence_gap,evidence_gap,evidence_gap,strong,watch,长期趋势未修复;CLX独立性不足,neutral,55.294,1.811,1166505.285283,6.18458,Sina/Tencent 2026-07-31 valuation snapshot; growth/profit/cashflow not expanded,1,254,166,technical-reversal-only,False,2.345058626465679,7.162202,2|1|6|6|6|0|3|2|-1|254|002617,暴露=neutral；基本面=good；估值=strong；容量=neutral；映射来源=sina_industry,CLX-STOCK-RANKING;LOCAL-SINA-BOARD-20260731;TENCENT-VALUATION-20260731,,,sina_industry,resolved_theme_unmatched
9,4,600531,豫光金铅,有色金属,出口退税;固废处理;黄金概念;循环经济,有色金属,neutral,good,evidence_gap,evidence_gap,evidence_gap,strong,watch,长期趋势未修复;CLX独立性不足,neutral,14.772,1.987,1411209.568566,3.8296,Sina/Tencent 2026-07-31 valuation snapshot; growth/profit/cashflow not expanded,1,421,315,technical-reversal-only,False,2.010489510489521,5.453097,2|1|6|6|6|0|3|2|-1|421|600531,暴露=neutral；基本面=good；估值=strong；容量=neutral；映射来源=sina_industry,CLX-STOCK-RANKING;LOCAL-SINA-BOARD-20260731;TENCENT-VALUATION-20260731,,,sina_industry,resolved_theme_unmatched
9,5,600497,驰宏锌锗,有色金属,稀缺资源;资产注入,有色金属,neutral,good,evidence_gap,evidence_gap,evidence_gap,good,neutral,CLX独立性不足,good,44.809,2.683,4611948.141945,2.77982,Sina/Tencent 2026-07-31 valuation snapshot; growth/profit/cashflow not expanded,1,419,48,unclassified,False,2.578475336322872,12.913592,2|1|6|6|6|1|2|1|-1|419|600497,暴露=neutral；基本面=good；估值=good；容量=good；映射来源=sina_industry,CLX-STOCK-RANKING;LOCAL-SINA-BOARD-20260731;TENCENT-VALUATION-20260731,,,sina_industry,resolved_theme_unmatched
9,6,000426,兴业银锡,有色金属,参股金融;信托重仓,有色金属,neutral,good,evidence_gap,evidence_gap,evidence_gap,good,watch,长期趋势未修复;CLX独立性不足,good,33.132,5.216,5646521.65002,4.12869,Sina/Tencent 2026-07-31 valuation snapshot; growth/profit/cashflow not expanded,1,102,114,technical-reversal-only,False,0.952380952380949,23.488501,2|1|6|6|6|1|3|1|-1|102|000426,暴露=neutral；基本面=good；估值=good；容量=good；映射来源=sina_industry,CLX-STOCK-RANKING;LOCAL-SINA-BOARD-20260731;TENCENT-VALUATION-20260731,,,sina_industry,resolved_theme_unmatched
9,7,600673,东阳光,有色金属,光伏概念;资产注入,有色金属,neutral,neutral,evidence_gap,evidence_gap,evidence_gap,watch,neutral,CLX独立性不足,good,315.111,8.596,8535098.147324,1.65008,Sina/Tencent 2026-07-31 valuation snapshot; growth/profit/cashflow not expanded,1,428,50,unclassified,False,10.007757951900697,13.998647,2|2|6|6|6|3|2|1|-1|428|600673,暴露=neutral；基本面=neutral；估值=watch；容量=good；映射来源=sina_industry,CLX-STOCK-RANKING;LOCAL-SINA-BOARD-20260731;TENCENT-VALUATION-20260731,,,sina_industry,resolved_theme_unmatched
9,8,600259,中稀有色,有色金属,海南自贸;券商重仓;稀缺资源,有色金属,neutral,neutral,evidence_gap,evidence_gap,evidence_gap,watch,watch,长期趋势未修复;CLX独立性不足,neutral,190.316,6.644,2433104.50112,3.74195,Sina/Tencent 2026-07-31 valuation snapshot; growth/profit/cashflow not expanded,1,404,308,technical-reversal-only,False,4.735698769007968,9.173094,2|2|6|6|6|3|3|2|-1|404|600259,暴露=neutral；基本面=neutral；估值=watch；容量=neutral；映射来源=sina_industry,CLX-STOCK-RANKING;LOCAL-SINA-BOARD-20260731;TENCENT-VALUATION-20260731,,,sina_industry,resolved_theme_unmatched
10,1,300916,朗特智能,消费电子零部件及组装,,消费电子零部件及组装,evidence_gap,good,evidence_gap,evidence_gap,evidence_gap,strong,watch,长期趋势未修复;CLX独立性不足,watch,37.7,2.09,277300.0,3.7,Sina/Tencent 2026-07-31 valuation snapshot; growth/profit/cashflow not expanded,1,348,257,technical-reversal-only,False,3.846153846153855,0.665865,6|1|6|6|6|0|3|3|-1|348|300916,暴露=evidence_gap；基本面=good；估值=strong；容量=watch；映射来源=cninfo_industry,CLX-STOCK-RANKING;LOCAL-SINA-BOARD-20260731;TENCENT-VALUATION-20260731,消费电子零部件及组装,,cninfo_industry,resolved_theme_unmatched
10,2,300857,协创数据,消费电子零部件及组装,,消费电子零部件及组装,evidence_gap,neutral,evidence_gap,evidence_gap,evidence_gap,watch,neutral,CLX独立性不足,strong,60.51,20.63,10562900.0,6.67,Sina/Tencent 2026-07-31 valuation snapshot; growth/profit/cashflow not expanded,1,345,33,unclassified,False,15.12614006080324,70.144122,6|2|6|6|6|3|2|0|-1|345|300857,暴露=evidence_gap；基本面=neutral；估值=watch；容量=strong；映射来源=cninfo_industry,CLX-STOCK-RANKING;LOCAL-SINA-BOARD-20260731;TENCENT-VALUATION-20260731,消费电子零部件及组装,,cninfo_industry,resolved_theme_unmatched
10,3,603629,利通电子,消费电子零部件及组装,,消费电子零部件及组装,evidence_gap,neutral,evidence_gap,evidence_gap,evidence_gap,watch,neutral,CLX独立性不足,good,65.88,16.39,3521000.0,5.24,Sina/Tencent 2026-07-31 valuation snapshot; growth/profit/cashflow not expanded,1,168,67,unclassified,False,10.002291475710368,18.124707,6|2|6|6|6|3|2|1|-1|168|603629,暴露=evidence_gap；基本面=neutral；估值=watch；容量=good；映射来源=cninfo_industry,CLX-STOCK-RANKING;LOCAL-SINA-BOARD-20260731;TENCENT-VALUATION-20260731,消费电子零部件及组装,,cninfo_industry,resolved_theme_unmatched
11,1,601636,旗滨集团,玻璃行业,长株潭;光伏;光伏概念;股权激励,玻璃行业,neutral,good,evidence_gap,evidence_gap,evidence_gap,strong,watch,长期趋势未修复;CLX独立性不足,neutral,24.749,1.121,1674598.010048,3.66948,Sina/Tencent 2026-07-31 valuation snapshot; growth/profit/cashflow not expanded,1,459,343,technical-reversal-only,False,4.428044280442811,6.157602,2|1|6|6|6|0|3|2|-1|459|601636,暴露=neutral；基本面=good；估值=strong；容量=neutral；映射来源=sina_industry,CLX-STOCK-RANKING;LOCAL-SINA-BOARD-20260731;TENCENT-VALUATION-20260731,,,sina_industry,resolved_theme_unmatched
11,2,600176,中国巨石,玻璃行业,出口退税,玻璃行业,neutral,good,evidence_gap,evidence_gap,evidence_gap,good,neutral,CLX独立性不足,strong,46.073,4.692,15147869.378752,10.14541,Sina/Tencent 2026-07-31 valuation snapshot; growth/profit/cashflow not expanded,1,146,40,unclassified,False,3.3033033033033066,158.03478700000002,2|1|6|6|6|1|2|0|-1|146|600176,暴露=neutral；基本面=good；估值=good；容量=strong；映射来源=sina_industry,CLX-STOCK-RANKING;LOCAL-SINA-BOARD-20260731;TENCENT-VALUATION-20260731,,,sina_industry,resolved_theme_unmatched
12,1,002603,以岭药业,生物制药,创新药;股权激励;基因概念,生物制药,neutral,strong,evidence_gap,evidence_gap,evidence_gap,strong,neutral,CLX独立性不足,neutral,21.935,2.476,2821821.380064,1.97466,Sina/Tencent 2026-07-31 valuation snapshot; growth/profit/cashflow not expanded,1,17,13,unclassified,False,1.56343956704752,4.539277,2|0|6|6|6|0|2|2|-1|17|002603,暴露=neutral；基本面=strong；估值=strong；容量=neutral；映射来源=sina_industry,CLX-STOCK-RANKING;LOCAL-SINA-BOARD-20260731;TENCENT-VALUATION-20260731,,,sina_industry,resolved_theme_unmatched
12,2,600566,济川药业,生物制药,节能环保,生物制药,neutral,strong,evidence_gap,evidence_gap,evidence_gap,strong,neutral,CLX独立性不足,watch,13.907,1.651,2473926.70184,0.71092,Sina/Tencent 2026-07-31 valuation snapshot; growth/profit/cashflow not expanded,1,423,49,unclassified,False,-0.3341997772001503,1.734413,2|0|6|6|6|0|2|3|-1|423|600566,暴露=neutral；基本面=strong；估值=strong；容量=watch；映射来源=sina_industry,CLX-STOCK-RANKING;LOCAL-SINA-BOARD-20260731;TENCENT-VALUATION-20260731,,,sina_industry,resolved_theme_unmatched
12,3,000963,华东医药,生物制药,保险重仓;参股金融;创新药;仿制药;基金重仓,生物制药,neutral,strong,evidence_gap,evidence_gap,evidence_gap,strong,watch,长期趋势未修复;CLX独立性不足,neutral,14.94,1.984,5105127.964528,1.24905,Sina/Tencent 2026-07-31 valuation snapshot; growth/profit/cashflow not expanded,1,105,130,technical-reversal-only,False,-1.2885723974228491,6.376226,2|0|6|6|6|0|3|2|-1|105|000963,暴露=neutral；基本面=strong；估值=strong；容量=neutral；映射来源=sina_industry,CLX-STOCK-RANKING;LOCAL-SINA-BOARD-20260731;TENCENT-VALUATION-20260731,,,sina_industry,resolved_theme_unmatched
12,4,600196,复星医药,生物制药,保险重仓;创新药;分拆上市;仿制药;含H股;金融参股;抗癌;民营银行;民营医院;免疫治疗;上海本地;氢燃料,生物制药,neutral,strong,evidence_gap,evidence_gap,evidence_gap,strong,watch,长期趋势未修复;CLX独立性不足,neutral,18.291,1.262,6203407.321975,0.83614,Sina/Tencent 2026-07-31 valuation snapshot; growth/profit/cashflow not expanded,1,399,304,technical-reversal-only,False,0.2589555459646009,4.096827,2|0|6|6|6|0|3|2|-1|399|600196,暴露=neutral；基本面=strong；估值=strong；容量=neutral；映射来源=sina_industry,CLX-STOCK-RANKING;LOCAL-SINA-BOARD-20260731;TENCENT-VALUATION-20260731,,,sina_industry,resolved_theme_unmatched
12,5,000623,吉林敖东,生物制药,参股金融;创新药;金融参股;券商重仓,生物制药,neutral,strong,evidence_gap,evidence_gap,evidence_gap,strong,watch,长期趋势未修复;CLX独立性不足,watch,8.998,0.698,2196859.825919,1.19145,Sina/Tencent 2026-07-31 valuation snapshot; growth/profit/cashflow not expanded,1,198,119,technical-reversal-only,False,0.3825136612021884,2.602723,2|0|6|6|6|0|3|3|-1|198|000623,暴露=neutral；基本面=strong；估值=strong；容量=watch；映射来源=sina_industry,CLX-STOCK-RANKING;LOCAL-SINA-BOARD-20260731;TENCENT-VALUATION-20260731,,,sina_industry,resolved_theme_unmatched
12,6,600267,海正药业,生物制药,保险重仓;超级细菌;出口退税;创新药;仿制药;基金重仓;抗癌;免疫治疗;生物疫苗,生物制药,neutral,good,evidence_gap,evidence_gap,evidence_gap,strong,neutral,CLX独立性不足,neutral,25.174,1.527,1366755.087168,2.24692,Sina/Tencent 2026-07-31 valuation snapshot; growth/profit/cashflow not expanded,1,71,43,unclassified,False,0.5208333333333481,3.082272,2|1|6|6|6|0|2|2|-1|71|600267,暴露=neutral；基本面=good；估值=strong；容量=neutral；映射来源=sina_industry,CLX-STOCK-RANKING;LOCAL-SINA-BOARD-20260731;TENCENT-VALUATION-20260731,,,sina_industry,resolved_theme_unmatched
12,7,600351,亚宝药业,生物制药,创新药;民营银行;生物疫苗;婴童概念,生物制药,neutral,good,evidence_gap,evidence_gap,evidence_gap,strong,neutral,CLX独立性不足,watch,14.139,1.57,447724.029762,2.42365,Sina/Tencent 2026-07-31 valuation snapshot; growth/profit/cashflow not expanded,1,33,46,unclassified,False,0.9360374414976612,1.074525,2|1|6|6|6|0|2|3|-1|33|600351,暴露=neutral；基本面=good；估值=strong；容量=watch；映射来源=sina_industry,CLX-STOCK-RANKING;LOCAL-SINA-BOARD-20260731;TENCENT-VALUATION-20260731,,,sina_industry,resolved_theme_unmatched
12,8,600976,健民集团,生物制药,股权激励;武汉规划;婴童概念,生物制药,neutral,good,evidence_gap,evidence_gap,evidence_gap,strong,watch,长期趋势未修复;CLX独立性不足,watch,11.899,1.576,432584.052,1.71797,Sina/Tencent 2026-07-31 valuation snapshot; growth/profit/cashflow not expanded,1,35,333,technical-reversal-only,False,-0.1062699256110577,0.738688,2|1|6|6|6|0|3|3|-1|35|600976,暴露=neutral；基本面=good；估值=strong；容量=watch；映射来源=sina_industry,CLX-STOCK-RANKING;LOCAL-SINA-BOARD-20260731;TENCENT-VALUATION-20260731,,,sina_industry,resolved_theme_unmatched
12,9,600062,华润双鹤,生物制药,仿制药;基金重仓;甲型流感;生物疫苗;重组概念,生物制药,neutral,good,evidence_gap,evidence_gap,evidence_gap,strong,watch,长期趋势未修复;CLX独立性不足,watch,10.201,1.394,1689773.745397,1.28776,Sina/Tencent 2026-07-31 valuation snapshot; growth/profit/cashflow not expanded,1,145,302,technical-reversal-only,False,0.2464571780653068,2.158663,2|1|6|6|6|0|3|3|-1|145|600062,暴露=neutral；基本面=good；估值=strong；容量=watch；映射来源=sina_industry,CLX-STOCK-RANKING;LOCAL-SINA-BOARD-20260731;TENCENT-VALUATION-20260731,,,sina_industry,resolved_theme_unmatched
12,10,000597,东北制药,生物制药,出口退税;甲型流感;生物疫苗;维生素;准ST股;振兴沈阳,生物制药,neutral,good,evidence_gap,evidence_gap,evidence_gap,strong,watch,长期趋势未修复;CLX独立性不足,watch,25.444,1.176,653533.14537,0.7087,Sina/Tencent 2026-07-31 valuation snapshot; growth/profit/cashflow not expanded,1,197,118,technical-reversal-only,False,0.4385964912280826,0.455582,2|1|6|6|6|0|3|3|-1|197|000597,暴露=neutral；基本面=good；估值=strong；容量=watch；映射来源=sina_industry,CLX-STOCK-RANKING;LOCAL-SINA-BOARD-20260731;TENCENT-VALUATION-20260731,,,sina_industry,resolved_theme_unmatched
12,11,002020,京新药业,生物制药,仿制药,生物制药,neutral,good,evidence_gap,evidence_gap,evidence_gap,strong,watch,长期趋势未修复;CLX独立性不足,watch,14.826,1.927,1174443.74696,1.47669,Sina/Tencent 2026-07-31 valuation snapshot; growth/profit/cashflow not expanded,1,225,141,technical-reversal-only,False,0.2941176470588225,1.461266,2|1|6|6|6|0|3|3|-1|225|002020,暴露=neutral；基本面=good；估值=strong；容量=watch；映射来源=sina_industry,CLX-STOCK-RANKING;LOCAL-SINA-BOARD-20260731;TENCENT-VALUATION-20260731,,,sina_industry,resolved_theme_unmatched
12,12,600380,健康元,生物制药,参股金融;创新药;金融参股;深圳本地,生物制药,neutral,good,evidence_gap,evidence_gap,evidence_gap,strong,watch,长期趋势未修复;CLX独立性不足,watch,14.041,1.201,1875189.72065,0.87125,Sina/Tencent 2026-07-31 valuation snapshot; growth/profit/cashflow not expanded,1,414,312,technical-reversal-only,False,0.09765625,1.625242,2|1|6|6|6|0|3|3|-1|414|600380,暴露=neutral；基本面=good；估值=strong；容量=watch；映射来源=sina_industry,CLX-STOCK-RANKING;LOCAL-SINA-BOARD-20260731;TENCENT-VALUATION-20260731,,,sina_industry,resolved_theme_unmatched
12,13,600557,康缘药业,生物制药,基金重仓;甲型流感;沿海发展,生物制药,neutral,good,evidence_gap,evidence_gap,evidence_gap,strong,watch,长期趋势未修复;CLX独立性不足,watch,23.852,1.489,729212.542128,1.33261,Sina/Tencent 2026-07-31 valuation snapshot; growth/profit/cashflow not expanded,1,422,316,technical-reversal-only,False,1.4173228346456843,0.964957,2|1|6|6|6|0|3|3|-1|422|600557,暴露=neutral；基本面=good；估值=strong；容量=watch；映射来源=sina_industry,CLX-STOCK-RANKING;LOCAL-SINA-BOARD-20260731;TENCENT-VALUATION-20260731,,,sina_industry,resolved_theme_unmatched
12,14,603456,九洲药业,生物制药,CXO概念;创新药,生物制药,neutral,good,evidence_gap,evidence_gap,evidence_gap,strong,watch,长期趋势未修复;CLX独立性不足,watch,17.756,1.444,1283769.800768,1.76033,Sina/Tencent 2026-07-31 valuation snapshot; growth/profit/cashflow not expanded,1,494,370,technical-reversal-only,False,1.2517385257301727,2.264604,2|1|6|6|6|0|3|3|-1|494|603456,暴露=neutral；基本面=good；估值=strong；容量=watch；映射来源=sina_industry,CLX-STOCK-RANKING;LOCAL-SINA-BOARD-20260731;TENCENT-VALUATION-20260731,,,sina_industry,resolved_theme_unmatched
12,15,600276,恒瑞医药,生物制药,保险重仓;创新药;股权激励;基金重仓;抗癌;沿海发展,生物制药,neutral,good,evidence_gap,evidence_gap,evidence_gap,good,watch,长期趋势未修复;CLX独立性不足,strong,45.445,5.641,35893976.918592,0.90623,Sina/Tencent 2026-07-31 valuation snapshot; growth/profit/cashflow not expanded,1,405,309,technical-reversal-only,False,-1.0430009149130837,31.245976,2|1|6|6|6|1|3|0|-1|405|600276,暴露=neutral；基本面=good；估值=good；容量=strong；映射来源=sina_industry,CLX-STOCK-RANKING;LOCAL-SINA-BOARD-20260731;TENCENT-VALUATION-20260731,,,sina_industry,resolved_theme_unmatched
12,16,002294,信立泰,生物制药,保险重仓;创新药;仿制药;前海概念,生物制药,neutral,good,evidence_gap,evidence_gap,evidence_gap,good,watch,长期趋势未修复;CLX独立性不足,neutral,57.379,4.056,3710109.42848,1.77318,Sina/Tencent 2026-07-31 valuation snapshot; growth/profit/cashflow not expanded,1,236,147,technical-reversal-only,False,0.3921568627450966,6.56943,2|1|6|6|6|1|3|2|-1|236|002294,暴露=neutral；基本面=good；估值=good；容量=neutral；映射来源=sina_industry,CLX-STOCK-RANKING;LOCAL-SINA-BOARD-20260731;TENCENT-VALUATION-20260731,,,sina_industry,resolved_theme_unmatched
12,17,002370,亚太药业,生物制药,CRO概念;CXO概念;创新药,生物制药,neutral,good,evidence_gap,evidence_gap,evidence_gap,good,watch,长期趋势未修复;CLX独立性不足,watch,37.308,3.236,361648.75205,2.71796,Sina/Tencent 2026-07-31 valuation snapshot; growth/profit/cashflow not expanded,1,111,151,technical-reversal-only,False,1.6771488469601747,0.977978,2|1|6|6|6|1|3|3|-1|111|002370,暴露=neutral；基本面=good；估值=good；容量=watch；映射来源=sina_industry,CLX-STOCK-RANKING;LOCAL-SINA-BOARD-20260731;TENCENT-VALUATION-20260731,,,sina_industry,resolved_theme_unmatched
12,18,300357,我武生物,生物制药,,生物制药,neutral,good,evidence_gap,evidence_gap,evidence_gap,good,watch,长期趋势未修复;CLX独立性不足,watch,32.518,4.523,1238799.744,1.47257,Sina/Tencent 2026-07-31 valuation snapshot; growth/profit/cashflow not expanded,1,128,219,technical-reversal-only,False,0.126957257723248,1.70116,2|1|6|6|6|1|3|3|-1|128|300357,暴露=neutral；基本面=good；估值=good；容量=watch；映射来源=sina_industry,CLX-STOCK-RANKING;LOCAL-SINA-BOARD-20260731;TENCENT-VALUATION-20260731,,,sina_industry,resolved_theme_unmatched
12,19,600521,华海药业,生物制药,创新药;仿制药;股权激励;基金重仓,生物制药,neutral,good,evidence_gap,evidence_gap,evidence_gap,neutral,watch,长期趋势未修复;CLX独立性不足,neutral,92.889,2.606,2503405.671712,2.47037,Sina/Tencent 2026-07-31 valuation snapshot; growth/profit/cashflow not expanded,1,149,314,technical-reversal-only,False,2.450980392156854,6.156846,2|1|6|6|6|2|3|2|-1|149|600521,暴露=neutral；基本面=good；估值=neutral；容量=neutral；映射来源=sina_industry,CLX-STOCK-RANKING;LOCAL-SINA-BOARD-20260731;TENCENT-VALUATION-20260731,,,sina_industry,resolved_theme_unmatched
12,20,300142,沃森生物,生物制药,创新药;股权激励;生物疫苗;婴童概念,生物制药,neutral,neutral,evidence_gap,evidence_gap,evidence_gap,neutral,neutral,CLX独立性不足,neutral,110.891,2.66,1970397.402512,2.98283,Sina/Tencent 2026-07-31 valuation snapshot; growth/profit/cashflow not expanded,1,291,21,unclassified,False,1.1494252873563315,5.806027,2|2|6|6|6|2|2|2|-1|291|300142,暴露=neutral；基本面=neutral；估值=neutral；容量=neutral；映射来源=sina_industry,CLX-STOCK-RANKING;LOCAL-SINA-BOARD-20260731;TENCENT-VALUATION-20260731,,,sina_industry,resolved_theme_unmatched
12,21,600201,生物股份,生物制药,甲型流感;生物疫苗,生物制药,neutral,neutral,evidence_gap,evidence_gap,evidence_gap,neutral,neutral,CLX独立性不足,neutral,140.444,2.565,1401076.029664,2.90585,Sina/Tencent 2026-07-31 valuation snapshot; growth/profit/cashflow not expanded,1,400,42,unclassified,False,7.849829351535842,3.977504,2|2|6|6|6|2|2|2|-1|400|600201,暴露=neutral；基本面=neutral；估值=neutral；容量=neutral；映射来源=sina_industry,CLX-STOCK-RANKING;LOCAL-SINA-BOARD-20260731;TENCENT-VALUATION-20260731,,,sina_industry,resolved_theme_unmatched
12,22,600222,太龙药业,生物制药,CXO概念;参股金融;创新药;金融参股,生物制药,neutral,neutral,evidence_gap,evidence_gap,evidence_gap,neutral,watch,长期趋势未修复;CLX独立性不足,watch,63.871,2.413,387638.685819,2.43563,Sina/Tencent 2026-07-31 valuation snapshot; growth/profit/cashflow not expanded,1,147,306,technical-reversal-only,False,3.7425149700598848,0.940999,2|2|6|6|6|2|3|3|-1|147|600222,暴露=neutral；基本面=neutral；估值=neutral；容量=watch；映射来源=sina_industry,CLX-STOCK-RANKING;LOCAL-SINA-BOARD-20260731;TENCENT-VALUATION-20260731,,,sina_industry,resolved_theme_unmatched
12,23,300233,金城医药,生物制药,创新药;黄河三角;石墨烯;重组概念,生物制药,neutral,neutral,evidence_gap,evidence_gap,evidence_gap,neutral,watch,长期趋势未修复;CLX独立性不足,watch,107.333,1.328,494430.468056,2.13762,Sina/Tencent 2026-07-31 valuation snapshot; growth/profit/cashflow not expanded,1,300,207,technical-reversal-only,False,1.81818181818183,1.014436,2|2|6|6|6|2|3|3|-1|300|300233,暴露=neutral；基本面=neutral；估值=neutral；容量=watch；映射来源=sina_industry,CLX-STOCK-RANKING;LOCAL-SINA-BOARD-20260731;TENCENT-VALUATION-20260731,,,sina_industry,resolved_theme_unmatched
12,24,002693,双成药业,生物制药,仿制药;海南自贸,生物制药,neutral,watch,evidence_gap,evidence_gap,evidence_gap,watch,neutral,CLX独立性不足,watch,171.8,8.565,356218.49525,3.56937,Sina/Tencent 2026-07-31 valuation snapshot; growth/profit/cashflow not expanded,1,260,16,unclassified,False,1.7772511848341166,1.252776,2|3|6|6|6|3|2|3|-1|260|002693,暴露=neutral；基本面=watch；估值=watch；容量=watch；映射来源=sina_industry,CLX-STOCK-RANKING;LOCAL-SINA-BOARD-20260731;TENCENT-VALUATION-20260731,,,sina_industry,resolved_theme_unmatched
12,25,300436,广生堂,生物制药,创新药;基因概念,生物制药,neutral,weak,evidence_gap,evidence_gap,evidence_gap,weak,watch,亏损PE;长期趋势未修复;CLX独立性不足,neutral,-64.834,56.137,1412379.756,3.93863,Sina/Tencent 2026-07-31 valuation snapshot; growth/profit/cashflow not expanded,1,130,224,technical-reversal-only,False,3.41690962099126,4.753336,2|4|6|6|6|4|3|2|-1|130|300436,暴露=neutral；基本面=weak；估值=weak；容量=neutral；映射来源=sina_industry,CLX-STOCK-RANKING;LOCAL-SINA-BOARD-20260731;TENCENT-VALUATION-20260731,,,sina_industry,resolved_theme_unmatched
13,1,600288,大恒科技,电子信息,3D打印;参股金融;分拆上市;股期概念;金融参股;食品安全,电子信息,neutral,good,evidence_gap,evidence_gap,evidence_gap,strong,watch,长期趋势未修复;CLX独立性不足,neutral,41.929,2.195,436800.0,11.06704,Sina/Tencent 2026-07-31 valuation snapshot; growth/profit/cashflow not expanded,1,407,310,technical-reversal-only,False,5.263157894736836,4.837616000000001,2|1|6|6|6|0|3|2|-1|407|600288,暴露=neutral；基本面=good；估值=strong；容量=neutral；映射来源=sina_industry,CLX-STOCK-RANKING;LOCAL-SINA-BOARD-20260731;TENCENT-VALUATION-20260731,,,sina_industry,resolved_theme_unmatched
13,2,000977,浪潮信息,电子信息,国产软件;国防军工;军工航天,电子信息,neutral,good,evidence_gap,evidence_gap,evidence_gap,good,neutral,CLX独立性不足,strong,43.813,4.728,10545130.859555,6.14715,Sina/Tencent 2026-07-31 valuation snapshot; growth/profit/cashflow not expanded,1,213,8,unclassified,False,3.951939779965264,66.088691,2|1|6|6|6|1|2|0|-1|213|000977,暴露=neutral；基本面=good；估值=good；容量=strong；映射来源=sina_industry,CLX-STOCK-RANKING;LOCAL-SINA-BOARD-20260731;TENCENT-VALUATION-20260731,,,sina_industry,resolved_theme_unmatched
13,3,300017,网宿科技,电子信息,电商概念;股权激励;信息安全,电子信息,neutral,good,evidence_gap,evidence_gap,evidence_gap,good,neutral,CLX独立性不足,strong,42.515,3.317,3501445.742131,11.87582,Sina/Tencent 2026-07-31 valuation snapshot; growth/profit/cashflow not expanded,1,283,20,unclassified,False,17.504187604690124,38.083127,2|1|6|6|6|1|2|0|-1|283|300017,暴露=neutral；基本面=good；估值=good；容量=strong；映射来源=sina_industry,CLX-STOCK-RANKING;LOCAL-SINA-BOARD-20260731;TENCENT-VALUATION-20260731,,,sina_industry,resolved_theme_unmatched
13,4,002230,科大讯飞,电子信息,安防服务;股权激励;基金重仓;皖江区域;智能穿戴,电子信息,neutral,good,evidence_gap,evidence_gap,evidence_gap,neutral,neutral,长期趋势未修复,strong,117.278,5.379,10141581.088702,4.36325,Sina/Tencent 2026-07-31 valuation snapshot; growth/profit/cashflow not expanded,2,43,99,technical-reversal-only,False,5.894156007022833,40.148261,2|1|6|6|6|2|2|0|-2|43|002230,暴露=neutral；基本面=good；估值=neutral；容量=strong；映射来源=sina_industry,CLX-STOCK-RANKING;LOCAL-SINA-BOARD-20260731;TENCENT-VALUATION-20260731,,,sina_industry,resolved_theme_unmatched
13,5,300390,天华新能,电子信息,锂矿,电子信息,neutral,good,evidence_gap,evidence_gap,evidence_gap,neutral,neutral,CLX独立性不足,good,112.979,3.65,4505161.523324,4.99259,Sina/Tencent 2026-07-31 valuation snapshot; growth/profit/cashflow not expanded,1,312,25,unclassified,False,-0.0921149594694248,19.783305,2|1|6|6|6|2|2|1|-1|312|300390,暴露=neutral；基本面=good；估值=neutral；容量=good；映射来源=sina_industry,CLX-STOCK-RANKING;LOCAL-SINA-BOARD-20260731;TENCENT-VALUATION-20260731,,,sina_industry,resolved_theme_unmatched
13,6,300353,东土科技,电子信息,本月解禁;国防军工;股权激励;军工航天;军民融合;重组概念,电子信息,neutral,neutral,evidence_gap,evidence_gap,evidence_gap,neutral,watch,长期趋势未修复;CLX独立性不足,neutral,135.615,4.915,1084056.149203,3.69041,Sina/Tencent 2026-07-31 valuation snapshot; growth/profit/cashflow not expanded,1,307,217,technical-reversal-only,False,6.140878988561105,3.5153160000000008,2|2|6|6|6|2|3|2|-1|307|300353,暴露=neutral；基本面=neutral；估值=neutral；容量=neutral；映射来源=sina_industry,CLX-STOCK-RANKING;LOCAL-SINA-BOARD-20260731;TENCENT-VALUATION-20260731,,,sina_industry,resolved_theme_unmatched
13,7,002268,电科网安,电子信息,电子支付;国防军工;互联金融;军工航天;军民融合;信息安全;整体上市,电子信息,neutral,neutral,evidence_gap,evidence_gap,evidence_gap,neutral,watch,长期趋势未修复;CLX独立性不足,watch,213.636,2.241,1232091.772931,1.99991,Sina/Tencent 2026-07-31 valuation snapshot; growth/profit/cashflow not expanded,1,50,146,technical-reversal-only,False,3.333333333333344,2.466517,2|2|6|6|6|2|3|3|-1|50|002268,暴露=neutral；基本面=neutral；估值=neutral；容量=watch；映射来源=sina_industry,CLX-STOCK-RANKING;LOCAL-SINA-BOARD-20260731;TENCENT-VALUATION-20260731,,,sina_industry,resolved_theme_unmatched
13,8,300085,银之杰,电子信息,股权激励;碳中和;业绩预降,电子信息,neutral,watch,evidence_gap,evidence_gap,evidence_gap,weak,watch,亏损PE;长期趋势未修复;CLX独立性不足,good,-157.788,49.975,2097309.10788,9.18965,Sina/Tencent 2026-07-31 valuation snapshot; growth/profit/cashflow not expanded,1,125,198,technical-reversal-only,False,1.853122855181888,17.947394,2|3|6|6|6|4|3|1|-1|125|300085,暴露=neutral；基本面=watch；估值=weak；容量=good；映射来源=sina_industry,CLX-STOCK-RANKING;LOCAL-SINA-BOARD-20260731;TENCENT-VALUATION-20260731,,,sina_industry,resolved_theme_unmatched
13,9,000547,航天发展,电子信息,国防军工;海峡西岸;军工航天;军民融合;金融参股;涉矿概念,电子信息,neutral,watch,evidence_gap,evidence_gap,evidence_gap,weak,watch,亏损PE;长期趋势未修复;CLX独立性不足,neutral,-17.28,6.004,2265029.537173,4.39087,Sina/Tencent 2026-07-31 valuation snapshot; growth/profit/cashflow not expanded,1,195,116,technical-reversal-only,False,3.054545454545443,9.92565,2|3|6|6|6|4|3|2|-1|195|000547,暴露=neutral；基本面=watch；估值=weak；容量=neutral；映射来源=sina_industry,CLX-STOCK-RANKING;LOCAL-SINA-BOARD-20260731;TENCENT-VALUATION-20260731,,,sina_industry,resolved_theme_unmatched
13,10,300166,东方国信,电子信息,股权激励;碳中和,电子信息,neutral,weak,evidence_gap,evidence_gap,evidence_gap,weak,watch,亏损PE;CLX独立性不足,good,-69.632,2.642,1506560.624604,10.06081,Sina/Tencent 2026-07-31 valuation snapshot; growth/profit/cashflow not expanded,1,294,22,unclassified,False,10.15820149875104,12.034927,2|4|6|6|6|4|3|1|-1|294|300166,暴露=neutral；基本面=weak；估值=weak；容量=good；映射来源=sina_industry,CLX-STOCK-RANKING;LOCAL-SINA-BOARD-20260731;TENCENT-VALUATION-20260731,,,sina_industry,resolved_theme_unmatched
13,11,000892,欢瑞世纪,电子信息,成渝特区;业绩预降;重组概念,电子信息,neutral,weak,evidence_gap,evidence_gap,evidence_gap,weak,watch,亏损PE;长期趋势未修复;CLX独立性不足,neutral,-14.198,5.991,361981.794537,14.37641,Sina/Tencent 2026-07-31 valuation snapshot; growth/profit/cashflow not expanded,1,211,128,technical-reversal-only,False,10.149253731343276,3.6434480000000007,2|4|6|6|6|4|3|2|-1|211|000892,暴露=neutral；基本面=weak；估值=weak；容量=neutral；映射来源=sina_industry,CLX-STOCK-RANKING;LOCAL-SINA-BOARD-20260731;TENCENT-VALUATION-20260731,,,sina_industry,resolved_theme_unmatched
13,12,300045,华力创通,电子信息,大飞机;国防军工;股权激励;军工航天;军民融合;卫星导航;业绩预降,电子信息,neutral,weak,evidence_gap,evidence_gap,evidence_gap,weak,watch,亏损PE;长期趋势未修复;CLX独立性不足,neutral,-124.5,5.439,825030.66882,4.66632,Sina/Tencent 2026-07-31 valuation snapshot; growth/profit/cashflow not expanded,1,285,196,technical-reversal-only,False,2.216748768472909,3.069939,2|4|6|6|6|4|3|2|-1|285|300045,暴露=neutral；基本面=weak；估值=weak；容量=neutral；映射来源=sina_industry,CLX-STOCK-RANKING;LOCAL-SINA-BOARD-20260731;TENCENT-VALUATION-20260731,,,sina_industry,resolved_theme_unmatched
13,13,300377,赢时胜,电子信息,,电子信息,neutral,weak,evidence_gap,evidence_gap,evidence_gap,weak,watch,亏损PE;长期趋势未修复;CLX独立性不足,neutral,-2020.0,4.414,1061918.35512,6.70009,Sina/Tencent 2026-07-31 valuation snapshot; growth/profit/cashflow not expanded,1,310,221,technical-reversal-only,False,3.438185808339433,6.638687,2|4|6|6|6|4|3|2|-1|310|300377,暴露=neutral；基本面=weak；估值=weak；容量=neutral；映射来源=sina_industry,CLX-STOCK-RANKING;LOCAL-SINA-BOARD-20260731;TENCENT-VALUATION-20260731,,,sina_industry,resolved_theme_unmatched
13,14,300264,佳创视讯,电子信息,华为海思;业绩预降,电子信息,neutral,weak,evidence_gap,evidence_gap,evidence_gap,weak,watch,亏损PE;长期趋势未修复;CLX独立性不足,watch,-77.916,310.891,270578.521304,6.86234,Sina/Tencent 2026-07-31 valuation snapshot; growth/profit/cashflow not expanded,1,302,210,technical-reversal-only,False,7.167235494880542,1.568768,2|4|6|6|6|4|3|3|-1|302|300264,暴露=neutral；基本面=weak；估值=weak；容量=watch；映射来源=sina_industry,CLX-STOCK-RANKING;LOCAL-SINA-BOARD-20260731;TENCENT-VALUATION-20260731,,,sina_industry,resolved_theme_unmatched
14,1,688981,中芯国际,集成电路制造,,集成电路制造,evidence_gap,good,evidence_gap,evidence_gap,evidence_gap,neutral,neutral,CLX独立性不足,strong,210.37,5.57,106145400.00000001,3.87,Sina/Tencent 2026-07-31 valuation snapshot; growth/profit/cashflow not expanded,1,595,91,unclassified,False,0.8130742336775354,100.609905,6|1|6|6|6|2|2|0|-1|595|688981,暴露=evidence_gap；基本面=good；估值=neutral；容量=strong；映射来源=cninfo_industry,CLX-STOCK-RANKING;LOCAL-SINA-BOARD-20260731;TENCENT-VALUATION-20260731,集成电路制造,,cninfo_industry,resolved_theme_unmatched
14,2,688396,华润微,集成电路制造,,集成电路制造,evidence_gap,good,evidence_gap,evidence_gap,evidence_gap,neutral,watch,长期趋势未修复;CLX独立性不足,good,79.49,3.12,7212200.0,2.15,Sina/Tencent 2026-07-31 valuation snapshot; growth/profit/cashflow not expanded,1,574,436,technical-reversal-only,False,0.9481316229782432,16.052231,6|1|6|6|6|2|3|1|-1|574|688396,暴露=evidence_gap；基本面=good；估值=neutral；容量=good；映射来源=cninfo_industry,CLX-STOCK-RANKING;LOCAL-SINA-BOARD-20260731;TENCENT-VALUATION-20260731,集成电路制造,,cninfo_industry,resolved_theme_unmatched
15,1,002432,九安医疗,医疗器械,苹果概念;小米概念;智能穿戴,医疗器械,neutral,strong,evidence_gap,evidence_gap,evidence_gap,strong,neutral,CLX独立性不足,strong,13.092,1.475,3189509.509326,10.25485,Sina/Tencent 2026-07-31 valuation snapshot; growth/profit/cashflow not expanded,1,113,11,unclassified,False,9.993573264781476,32.169738,2|0|6|6|6|0|2|0|-1|113|002432,暴露=neutral；基本面=strong；估值=strong；容量=strong；映射来源=sina_industry,CLX-STOCK-RANKING;LOCAL-SINA-BOARD-20260731;TENCENT-VALUATION-20260731,,,sina_industry,resolved_theme_unmatched
15,2,300244,迪安诊断,医疗器械,股权激励;基因测序;基因概念,医疗器械,neutral,neutral,evidence_gap,evidence_gap,evidence_gap,neutral,neutral,CLX独立性不足,good,253.121,1.748,1140587.4707,12.11833,Sina/Tencent 2026-07-31 valuation snapshot; growth/profit/cashflow not expanded,1,301,24,unclassified,False,11.963190184049076,10.907438,2|2|6|6|6|2|2|1|-1|301|300244,暴露=neutral；基本面=neutral；估值=neutral；容量=good；映射来源=sina_industry,CLX-STOCK-RANKING;LOCAL-SINA-BOARD-20260731;TENCENT-VALUATION-20260731,,,sina_industry,resolved_theme_unmatched
15,3,300238,冠昊生物,医疗器械,创新药;免疫治疗,医疗器械,neutral,neutral,evidence_gap,evidence_gap,evidence_gap,neutral,watch,长期趋势未修复;CLX独立性不足,watch,120.333,4.95,287163.624183,2.14075,Sina/Tencent 2026-07-31 valuation snapshot; growth/profit/cashflow not expanded,1,126,208,technical-reversal-only,False,3.142857142857136,0.612433,2|2|6|6|6|2|3|3|-1|126|300238,暴露=neutral；基本面=neutral；估值=neutral；容量=watch；映射来源=sina_industry,CLX-STOCK-RANKING;LOCAL-SINA-BOARD-20260731;TENCENT-VALUATION-20260731,,,sina_industry,resolved_theme_unmatched
15,4,300412,迦南科技,医疗器械,,医疗器械,neutral,watch,evidence_gap,evidence_gap,evidence_gap,neutral,watch,长期趋势未修复;CLX独立性不足,watch,66.333,1.9,198107.141526,2.57481,Sina/Tencent 2026-07-31 valuation snapshot; growth/profit/cashflow not expanded,1,129,223,technical-reversal-only,False,3.1088082901554515,0.477787,2|3|6|6|6|2|3|3|-1|129|300412,暴露=neutral；基本面=watch；估值=neutral；容量=watch；映射来源=sina_industry,CLX-STOCK-RANKING;LOCAL-SINA-BOARD-20260731;TENCENT-VALUATION-20260731,,,sina_industry,resolved_theme_unmatched
15,5,301363,美好医疗,医疗器械,,医疗器械,evidence_gap,good,evidence_gap,evidence_gap,evidence_gap,good,watch,长期趋势未修复;CLX独立性不足,watch,43.52,3.41,1252900.0,3.08,Sina/Tencent 2026-07-31 valuation snapshot; growth/profit/cashflow not expanded,1,375,282,technical-reversal-only,False,3.41655716162943,2.537255,6|1|6|6|6|1|3|3|-1|375|301363,暴露=evidence_gap；基本面=good；估值=good；容量=watch；映射来源=cninfo_industry,CLX-STOCK-RANKING;LOCAL-SINA-BOARD-20260731;TENCENT-VALUATION-20260731,医疗器械,,cninfo_industry,resolved_theme_unmatched
16,1,688392,骄成超声,半导体,,半导体,evidence_gap,watch,evidence_gap,evidence_gap,evidence_gap,watch,neutral,CLX独立性不足,neutral,101.63,7.99,1465600.0,4.27,Sina/Tencent 2026-07-31 valuation snapshot; growth/profit/cashflow not expanded,1,573,82,unclassified,False,5.542128510709232,6.534296,6|3|6|6|6|3|2|2|-1|573|688392,暴露=evidence_gap；基本面=watch；估值=watch；容量=neutral；映射来源=ths_business_keyword,CLX-STOCK-RANKING;LOCAL-SINA-BOARD-20260731;TENCENT-VALUATION-20260731,半导体,,ths_business_keyword,resolved_theme_unmatched
16,2,688605,先锋精科,半导体,,半导体,evidence_gap,watch,evidence_gap,evidence_gap,evidence_gap,watch,watch,长期趋势未修复;CLX独立性不足,neutral,79.23,8.25,1360200.0,8.14,Sina/Tencent 2026-07-31 valuation snapshot; growth/profit/cashflow not expanded,1,585,446,technical-reversal-only,False,9.820261437908483,6.050052,6|3|6|6|6|3|3|2|-1|585|688605,暴露=evidence_gap；基本面=watch；估值=watch；容量=neutral；映射来源=ths_business_keyword,CLX-STOCK-RANKING;LOCAL-SINA-BOARD-20260731;TENCENT-VALUATION-20260731,半导体,,ths_business_keyword,resolved_theme_unmatched
16,3,688795,摩尔线程,半导体,,半导体,evidence_gap,watch,evidence_gap,evidence_gap,evidence_gap,weak,watch,亏损PE;CLX独立性不足,good,-230.964,23.277,26814169.723416,6.3905,Sina/Tencent 2026-07-31 valuation snapshot; growth/profit/cashflow not expanded,1,593,97,unclassified,False,5.642488102072196,11.178433,6|3|6|6|6|4|3|1|-1|593|688795,暴露=evidence_gap；基本面=watch；估值=weak；容量=good；映射来源=ths_business_keyword,CLX-STOCK-RANKING;LOCAL-SINA-BOARD-20260731;TENCENT-VALUATION-20260731,半导体,,ths_business_keyword,resolved_theme_unmatched
16,4,688172,燕东微,半导体,,半导体,evidence_gap,watch,evidence_gap,evidence_gap,evidence_gap,weak,watch,亏损PE;CLX独立性不足,neutral,-156.68,3.93,7148099.999999999,1.4,Sina/Tencent 2026-07-31 valuation snapshot; growth/profit/cashflow not expanded,1,546,76,unclassified,False,4.443053817271592,8.787202,6|3|6|6|6|4|3|2|-1|546|688172,暴露=evidence_gap；基本面=watch；估值=weak；容量=neutral；映射来源=ths_business_keyword,CLX-STOCK-RANKING;LOCAL-SINA-BOARD-20260731;TENCENT-VALUATION-20260731,半导体,,ths_business_keyword,resolved_theme_unmatched
16,5,688489,三未信安,半导体,,半导体,evidence_gap,weak,evidence_gap,evidence_gap,evidence_gap,weak,watch,亏损PE;长期趋势未修复;CLX独立性不足,watch,-116.73,2.08,376500.0,0.89,Sina/Tencent 2026-07-31 valuation snapshot; growth/profit/cashflow not expanded,1,581,439,technical-reversal-only,False,5.714285714285716,0.334563,6|4|6|6|6|4|3|3|-1|581|688489,暴露=evidence_gap；基本面=weak；估值=weak；容量=watch；映射来源=ths_business_keyword,CLX-STOCK-RANKING;LOCAL-SINA-BOARD-20260731;TENCENT-VALUATION-20260731,半导体,,ths_business_keyword,resolved_theme_unmatched
16,6,688790,昂瑞微,半导体,,半导体,evidence_gap,weak,evidence_gap,evidence_gap,evidence_gap,weak,watch,亏损PE;CLX独立性不足,watch,-57.419,3.26,885832.0232,3.77571,Sina/Tencent 2026-07-31 valuation snapshot; growth/profit/cashflow not expanded,1,592,96,unclassified,False,2.8307336799537897,0.432711,6|4|6|6|6|4|3|3|-1|592|688790,暴露=evidence_gap；基本面=weak；估值=weak；容量=watch；映射来源=ths_business_keyword,CLX-STOCK-RANKING;LOCAL-SINA-BOARD-20260731;TENCENT-VALUATION-20260731,半导体,,ths_business_keyword,resolved_theme_unmatched
17,1,688183,生益电子,印制电路板,,印制电路板,evidence_gap,good,evidence_gap,evidence_gap,evidence_gap,neutral,neutral,CLX独立性不足,good,46.08,14.04,7915200.0,3.43,Sina/Tencent 2026-07-31 valuation snapshot; growth/profit/cashflow not expanded,1,179,77,unclassified,False,14.684466019417464,27.81774,6|1|6|6|6|2|2|1|-1|179|688183,暴露=evidence_gap；基本面=good；估值=neutral；容量=good；映射来源=cninfo_industry,CLX-STOCK-RANKING;LOCAL-SINA-BOARD-20260731;TENCENT-VALUATION-20260731,印制电路板,,cninfo_industry,resolved_theme_unmatched
17,2,300936,中英科技,印制电路板,,印制电路板,evidence_gap,neutral,evidence_gap,evidence_gap,evidence_gap,neutral,neutral,CLX独立性不足,watch,2037.809,4.302,433678.4,7.78148,Sina/Tencent 2026-07-31 valuation snapshot; growth/profit/cashflow not expanded,1,349,34,unclassified,False,9.82669967625216,2.161289,6|2|6|6|6|2|2|3|-1|349|300936,暴露=evidence_gap；基本面=neutral；估值=neutral；容量=watch；映射来源=cninfo_industry,CLX-STOCK-RANKING;LOCAL-SINA-BOARD-20260731;TENCENT-VALUATION-20260731,印制电路板,,cninfo_industry,resolved_theme_unmatched
17,3,300657,弘信电子,印制电路板,,印制电路板,evidence_gap,watch,evidence_gap,evidence_gap,evidence_gap,watch,watch,长期趋势未修复;CLX独立性不足,good,86.37,10.84,1540400.0,7.55,Sina/Tencent 2026-07-31 valuation snapshot; growth/profit/cashflow not expanded,1,328,239,technical-reversal-only,False,7.684529828109188,11.393326,6|3|6|6|6|3|3|1|-1|328|300657,暴露=evidence_gap；基本面=watch；估值=watch；容量=good；映射来源=cninfo_industry,CLX-STOCK-RANKING;LOCAL-SINA-BOARD-20260731;TENCENT-VALUATION-20260731,印制电路板,,cninfo_industry,resolved_theme_unmatched
18,1,600312,平高电气,发电设备,智能电网,发电设备,neutral,strong,evidence_gap,evidence_gap,evidence_gap,strong,neutral,CLX独立性不足,neutral,23.894,2.293,2675848.821348,2.00768,Sina/Tencent 2026-07-31 valuation snapshot; growth/profit/cashflow not expanded,1,410,44,unclassified,False,0.8179959100204526,5.354565,2|0|6|6|6|0|2|2|-1|410|600312,暴露=neutral；基本面=strong；估值=strong；容量=neutral；映射来源=sina_industry,CLX-STOCK-RANKING;LOCAL-SINA-BOARD-20260731;TENCENT-VALUATION-20260731,,,sina_industry,resolved_theme_unmatched
18,2,000682,东方电子,发电设备,充电桩;参股金融;分拆上市;黄河三角;节能环保;三板精选;物联网;智能电网,发电设备,neutral,good,evidence_gap,evidence_gap,evidence_gap,strong,watch,长期趋势未修复;CLX独立性不足,watch,17.612,2.611,1606190.954386,1.45739,Sina/Tencent 2026-07-31 valuation snapshot; growth/profit/cashflow not expanded,1,202,122,technical-reversal-only,False,0.8417508417508435,2.344786,2|1|6|6|6|0|3|3|-1|202|000682,暴露=neutral；基本面=good；估值=strong；容量=watch；映射来源=sina_industry,CLX-STOCK-RANKING;LOCAL-SINA-BOARD-20260731;TENCENT-VALUATION-20260731,,,sina_industry,resolved_theme_unmatched
18,3,600580,卧龙电驱,发电设备,参股金融;风电;金融参股;锂电池;券商重仓;新能源,发电设备,neutral,good,evidence_gap,evidence_gap,evidence_gap,good,watch,长期趋势未修复;CLX独立性不足,good,43.813,4.435,4950350.392359,4.50894,Sina/Tencent 2026-07-31 valuation snapshot; growth/profit/cashflow not expanded,1,424,318,technical-reversal-only,False,9.996528982992036,21.919361,2|1|6|6|6|1|3|1|-1|424|600580,暴露=neutral；基本面=good；估值=good；容量=good；映射来源=sina_industry,CLX-STOCK-RANKING;LOCAL-SINA-BOARD-20260731;TENCENT-VALUATION-20260731,,,sina_industry,resolved_theme_unmatched
18,4,300040,九洲集团,发电设备,充电桩;风电;光伏;光伏概念;碳中和,发电设备,neutral,neutral,evidence_gap,evidence_gap,evidence_gap,neutral,watch,长期趋势未修复;CLX独立性不足,neutral,90.143,1.553,405991.985116,13.67762,Sina/Tencent 2026-07-31 valuation snapshot; growth/profit/cashflow not expanded,1,124,195,technical-reversal-only,False,6.050420168067228,4.455621,2|2|6|6|6|2|3|2|-1|124|300040,暴露=neutral；基本面=neutral；估值=neutral；容量=neutral；映射来源=sina_industry,CLX-STOCK-RANKING;LOCAL-SINA-BOARD-20260731;TENCENT-VALUATION-20260731,,,sina_industry,resolved_theme_unmatched
18,5,300120,经纬辉开,发电设备,本月解禁;风电;股权激励,发电设备,neutral,weak,evidence_gap,evidence_gap,evidence_gap,weak,watch,亏损PE;长期趋势未修复;CLX独立性不足,watch,-7.472,1.443,361868.17527,6.51221,Sina/Tencent 2026-07-31 valuation snapshot; growth/profit/cashflow not expanded,1,288,200,technical-reversal-only,False,3.4482758620689724,2.172437,2|4|6|6|6|4|3|3|-1|288|300120,暴露=neutral；基本面=weak；估值=weak；容量=watch；映射来源=sina_industry,CLX-STOCK-RANKING;LOCAL-SINA-BOARD-20260731;TENCENT-VALUATION-20260731,,,sina_industry,resolved_theme_unmatched
19,1,603283,赛腾股份,无线耳机,无线耳机,,neutral,good,evidence_gap,evidence_gap,evidence_gap,strong,watch,长期趋势未修复;CLX独立性不足,good,22.0,3.81,1357226.03555,7.67881,Sina/Tencent 2026-07-31 valuation snapshot; growth/profit/cashflow not expanded,1,485,363,technical-reversal-only,False,3.244837758112107,10.785464,2|1|6|6|6|0|3|1|-1|485|603283,暴露=neutral；基本面=good；估值=strong；容量=good；映射来源=sina_concept,CLX-STOCK-RANKING;LOCAL-SINA-BOARD-20260731;TENCENT-VALUATION-20260731,,,sina_concept,resolved_theme_unmatched
19,2,300661,圣邦股份,无线耳机,无线耳机,,neutral,neutral,evidence_gap,evidence_gap,evidence_gap,watch,neutral,CLX独立性不足,good,108.035,12.0,6562034.340501,3.33496,Sina/Tencent 2026-07-31 valuation snapshot; growth/profit/cashflow not expanded,1,329,29,unclassified,False,6.865371734762227,19.781675,2|2|6|6|6|3|2|1|-1|329|300661,暴露=neutral；基本面=neutral；估值=watch；容量=good；映射来源=sina_concept,CLX-STOCK-RANKING;LOCAL-SINA-BOARD-20260731;TENCENT-VALUATION-20260731,,,sina_concept,resolved_theme_unmatched
19,3,603626,科森科技,无线耳机,无线耳机,,neutral,weak,evidence_gap,evidence_gap,evidence_gap,weak,watch,亏损PE;长期趋势未修复;CLX独立性不足,neutral,-20.547,3.167,721343.597,9.83433,Sina/Tencent 2026-07-31 valuation snapshot; growth/profit/cashflow not expanded,1,501,374,technical-reversal-only,False,7.526881720430101,7.165956,2|4|6|6|6|4|3|2|-1|501|603626,暴露=neutral；基本面=weak；估值=weak；容量=neutral；映射来源=sina_concept,CLX-STOCK-RANKING;LOCAL-SINA-BOARD-20260731;TENCENT-VALUATION-20260731,,,sina_concept,resolved_theme_unmatched
20,1,002472,双环传动,机械行业,本月解禁,机械行业,neutral,strong,evidence_gap,evidence_gap,evidence_gap,strong,watch,长期趋势未修复;CLX独立性不足,good,25.613,3.169,3265691.132664,5.40871,Sina/Tencent 2026-07-31 valuation snapshot; growth/profit/cashflow not expanded,1,114,158,technical-reversal-only,False,7.649201456990773,15.356799,2|0|6|6|6|0|3|1|-1|114|002472,暴露=neutral；基本面=strong；估值=strong；容量=good；映射来源=sina_industry,CLX-STOCK-RANKING;LOCAL-SINA-BOARD-20260731;TENCENT-VALUATION-20260731,,,sina_industry,resolved_theme_unmatched
20,2,300193,佳士科技,机械行业,机器人概念;智能机器,机械行业,neutral,good,evidence_gap,evidence_gap,evidence_gap,strong,watch,长期趋势未修复;CLX独立性不足,watch,17.81,1.491,356234.85414,0.91492,Sina/Tencent 2026-07-31 valuation snapshot; growth/profit/cashflow not expanded,1,295,204,technical-reversal-only,False,2.1857923497267784,0.286337,2|1|6|6|6|0|3|3|-1|295|300193,暴露=neutral；基本面=good；估值=strong；容量=watch；映射来源=sina_industry,CLX-STOCK-RANKING;LOCAL-SINA-BOARD-20260731;TENCENT-VALUATION-20260731,,,sina_industry,resolved_theme_unmatched
20,3,002559,亚威股份,机械行业,机器人概念;智能机器,机械行业,neutral,good,evidence_gap,evidence_gap,evidence_gap,good,watch,长期趋势未修复;CLX独立性不足,neutral,45.267,3.181,564839.98296,6.92082,Sina/Tencent 2026-07-31 valuation snapshot; growth/profit/cashflow not expanded,1,251,163,technical-reversal-only,False,3.4077555816686367,3.116823,2|1|6|6|6|1|3|2|-1|251|002559,暴露=neutral；基本面=good；估值=good；容量=neutral；映射来源=sina_industry,CLX-STOCK-RANKING;LOCAL-SINA-BOARD-20260731;TENCENT-VALUATION-20260731,,,sina_industry,resolved_theme_unmatched
20,4,300145,南方泵业,机械行业,股权激励;海水淡化;节能环保;水利建设;污水处理,机械行业,neutral,good,evidence_gap,evidence_gap,evidence_gap,good,watch,长期趋势未修复;CLX独立性不足,neutral,34.39,2.73,812262.381228,4.68361,Sina/Tencent 2026-07-31 valuation snapshot; growth/profit/cashflow not expanded,1,292,202,technical-reversal-only,False,3.9312039312039415,3.780712,2|1|6|6|6|1|3|2|-1|292|300145,暴露=neutral；基本面=good；估值=good；容量=neutral；映射来源=sina_industry,CLX-STOCK-RANKING;LOCAL-SINA-BOARD-20260731;TENCENT-VALUATION-20260731,,,sina_industry,resolved_theme_unmatched
20,5,600114,东睦股份,机械行业,股权激励;特斯拉;外资背景,机械行业,neutral,good,evidence_gap,evidence_gap,evidence_gap,good,watch,长期趋势未修复;CLX独立性不足,neutral,30.767,4.687,1670640.680142,4.35816,Sina/Tencent 2026-07-31 valuation snapshot; growth/profit/cashflow not expanded,1,397,303,technical-reversal-only,False,5.967160592711251,7.117861,2|1|6|6|6|1|3|2|-1|397|600114,暴露=neutral；基本面=good；估值=good；容量=neutral；映射来源=sina_industry,CLX-STOCK-RANKING;LOCAL-SINA-BOARD-20260731;TENCENT-VALUATION-20260731,,,sina_industry,resolved_theme_unmatched
20,6,603698,航天工程,机械行业,碳中和,机械行业,neutral,good,evidence_gap,evidence_gap,evidence_gap,good,watch,长期趋势未修复;CLX独立性不足,neutral,53.65,3.268,1150234.54,5.28684,Sina/Tencent 2026-07-31 valuation snapshot; growth/profit/cashflow not expanded,1,506,379,technical-reversal-only,False,4.073714839961196,6.159,2|1|6|6|6|1|3|2|-1|506|603698,暴露=neutral；基本面=good；估值=good；容量=neutral；映射来源=sina_industry,CLX-STOCK-RANKING;LOCAL-SINA-BOARD-20260731;TENCENT-VALUATION-20260731,,,sina_industry,resolved_theme_unmatched
20,7,601100,恒立液压,机械行业,,机械行业,neutral,good,evidence_gap,evidence_gap,evidence_gap,neutral,neutral,CLX独立性不足,good,53.162,8.13,14541203.65824,0.74881,Sina/Tencent 2026-07-31 valuation snapshot; growth/profit/cashflow not expanded,1,156,56,unclassified,False,5.2912621359223255,10.715501,2|1|6|6|6|2|2|1|-1|156|601100,暴露=neutral；基本面=good；估值=neutral；容量=good；映射来源=sina_industry,CLX-STOCK-RANKING;LOCAL-SINA-BOARD-20260731;TENCENT-VALUATION-20260731,,,sina_industry,resolved_theme_unmatched
20,8,002009,天奇股份,机械行业,低碳经济;风电;风能;风能概念;光伏;垃圾分类;循环经济;新能源;机器人概念;智能机器,机械行业,neutral,neutral,evidence_gap,evidence_gap,evidence_gap,neutral,watch,长期趋势未修复;CLX独立性不足,watch,118.143,3.24,665293.724378,4.21107,Sina/Tencent 2026-07-31 valuation snapshot; growth/profit/cashflow not expanded,1,224,140,technical-reversal-only,False,3.569192235441454,2.472269,2|2|6|6|6|2|3|3|-1|224|002009,暴露=neutral；基本面=neutral；估值=neutral；容量=watch；映射来源=sina_industry,CLX-STOCK-RANKING;LOCAL-SINA-BOARD-20260731;TENCENT-VALUATION-20260731,,,sina_industry,resolved_theme_unmatched
20,9,002445,中南文化,机械行业,海工装备,机械行业,neutral,neutral,evidence_gap,evidence_gap,evidence_gap,neutral,watch,长期趋势未修复;CLX独立性不足,watch,95.667,2.986,682086.361397,1.43288,Sina/Tencent 2026-07-31 valuation snapshot; growth/profit/cashflow not expanded,1,243,156,technical-reversal-only,False,1.77304964539009,0.974179,2|2|6|6|6|2|3|3|-1|243|002445,暴露=neutral；基本面=neutral；估值=neutral；容量=watch；映射来源=sina_industry,CLX-STOCK-RANKING;LOCAL-SINA-BOARD-20260731;TENCENT-VALUATION-20260731,,,sina_industry,resolved_theme_unmatched
20,10,002552,宝鼎科技,机械行业,风电;军民融合;金融改革;业绩预降,机械行业,neutral,watch,evidence_gap,evidence_gap,evidence_gap,watch,neutral,CLX独立性不足,neutral,113.065,8.684,1359888.585155,2.68975,Sina/Tencent 2026-07-31 valuation snapshot; growth/profit/cashflow not expanded,1,249,12,unclassified,False,10.012554927809148,3.4401839999999995,2|3|6|6|6|3|2|2|-1|249|002552,暴露=neutral；基本面=watch；估值=watch；容量=neutral；映射来源=sina_industry,CLX-STOCK-RANKING;LOCAL-SINA-BOARD-20260731;TENCENT-VALUATION-20260731,,,sina_industry,resolved_theme_unmatched
20,11,300368,汇金股份,机械行业,,机械行业,neutral,weak,evidence_gap,evidence_gap,evidence_gap,weak,watch,亏损PE;长期趋势未修复;CLX独立性不足,neutral,-28.415,100.0,481867.505725,8.86516,Sina/Tencent 2026-07-31 valuation snapshot; growth/profit/cashflow not expanded,1,309,220,technical-reversal-only,False,0.9977827050997812,4.301257,2|4|6|6|6|4|3|2|-1|309|300368,暴露=neutral；基本面=weak；估值=weak；容量=neutral；映射来源=sina_industry,CLX-STOCK-RANKING;LOCAL-SINA-BOARD-20260731;TENCENT-VALUATION-20260731,,,sina_industry,resolved_theme_unmatched
20,12,002535,林州重机,机械行业,安防服务;大飞机;光伏;股权激励;页岩气,机械行业,neutral,weak,evidence_gap,evidence_gap,evidence_gap,weak,watch,亏损PE;长期趋势未修复;CLX独立性不足,watch,-38.851,3.098,184387.10702,1.92031,Sina/Tencent 2026-07-31 valuation snapshot; growth/profit/cashflow not expanded,1,247,161,technical-reversal-only,False,1.7699115044247815,0.327944,2|4|6|6|6|4|3|3|-1|247|002535,暴露=neutral；基本面=weak；估值=weak；容量=watch；映射来源=sina_industry,CLX-STOCK-RANKING;LOCAL-SINA-BOARD-20260731;TENCENT-VALUATION-20260731,,,sina_industry,resolved_theme_unmatched
20,13,300334,津膜科技,机械行业,高校背景;海水淡化;节能环保;污水处理;盐湖提锂;重组概念,机械行业,neutral,weak,evidence_gap,evidence_gap,evidence_gap,weak,watch,亏损PE;长期趋势未修复;CLX独立性不足,watch,-68.727,4.17,228361.409136,2.96997,Sina/Tencent 2026-07-31 valuation snapshot; growth/profit/cashflow not expanded,1,306,215,technical-reversal-only,False,2.4390243902439046,0.684436,2|4|6|6|6|4|3|3|-1|306|300334,暴露=neutral；基本面=weak；估值=weak；容量=watch；映射来源=sina_industry,CLX-STOCK-RANKING;LOCAL-SINA-BOARD-20260731;TENCENT-VALUATION-20260731,,,sina_industry,resolved_theme_unmatched
21,1,600999,招商证券,金融行业,含H股;前海概念;央企50,金融行业,neutral,strong,evidence_gap,evidence_gap,evidence_gap,strong,neutral,CLX独立性不足,good,13.03,1.23,15297190.651754,1.16091,Sina/Tencent 2026-07-31 valuation snapshot; growth/profit/cashflow not expanded,1,445,55,unclassified,False,0.1708428246013804,15.311407999999998,2|0|6|6|6|0|2|1|-1|445|600999,暴露=neutral；基本面=strong；估值=strong；容量=good；映射来源=sina_industry,CLX-STOCK-RANKING;LOCAL-SINA-BOARD-20260731;TENCENT-VALUATION-20260731,,,sina_industry,resolved_theme_unmatched
21,2,601336,新华保险,金融行业,含H股;券商重仓,金融行业,neutral,strong,evidence_gap,evidence_gap,evidence_gap,strong,watch,长期趋势未修复;CLX独立性不足,good,5.429,1.594,19696817.2324,1.08652,Sina/Tencent 2026-07-31 valuation snapshot; growth/profit/cashflow not expanded,1,455,340,technical-reversal-only,False,0.6856960612342533,14.281205,2|0|6|6|6|0|3|1|-1|455|601336,暴露=neutral；基本面=strong；估值=strong；容量=good；映射来源=sina_industry,CLX-STOCK-RANKING;LOCAL-SINA-BOARD-20260731;TENCENT-VALUATION-20260731,,,sina_industry,resolved_theme_unmatched
21,3,601377,XD兴业证,金融行业,海峡西岸,金融行业,neutral,strong,evidence_gap,evidence_gap,evidence_gap,strong,watch,长期趋势未修复;CLX独立性不足,neutral,19.108,0.921,5216136.325576,0.84722,Sina/Tencent 2026-07-31 valuation snapshot; growth/profit/cashflow not expanded,1,158,341,technical-reversal-only,False,-1.1456628477905073,4.410324,2|0|6|6|6|0|3|2|-1|158|601377,暴露=neutral；基本面=strong；估值=strong；容量=neutral；映射来源=sina_industry,CLX-STOCK-RANKING;LOCAL-SINA-BOARD-20260731;TENCENT-VALUATION-20260731,,,sina_industry,resolved_theme_unmatched
21,4,000728,国元证券,金融行业,股期概念;皖江区域;信托重仓,金融行业,neutral,strong,evidence_gap,evidence_gap,evidence_gap,strong,watch,长期趋势未修复;CLX独立性不足,watch,13.107,0.824,3203012.971994,0.59695,Sina/Tencent 2026-07-31 valuation snapshot; growth/profit/cashflow not expanded,1,204,124,technical-reversal-only,False,0.4103967168262779,1.914944,2|0|6|6|6|0|3|3|-1|204|000728,暴露=neutral；基本面=strong；估值=strong；容量=watch；映射来源=sina_industry,CLX-STOCK-RANKING;LOCAL-SINA-BOARD-20260731;TENCENT-VALUATION-20260731,,,sina_industry,resolved_theme_unmatched
21,5,601788,光大证券,金融行业,保险重仓;含H股;央企50,金融行业,neutral,strong,evidence_gap,evidence_gap,evidence_gap,strong,watch,长期趋势未修复;CLX独立性不足,watch,20.274,1.097,6823965.70572,0.51217,Sina/Tencent 2026-07-31 valuation snapshot; growth/profit/cashflow not expanded,1,462,346,technical-reversal-only,False,0.4752206381534396,2.959164,2|0|6|6|6|0|3|3|-1|462|601788,暴露=neutral；基本面=strong；估值=strong；容量=watch；映射来源=sina_industry,CLX-STOCK-RANKING;LOCAL-SINA-BOARD-20260731;TENCENT-VALUATION-20260731,,,sina_industry,resolved_theme_unmatched
22,1,003015,日久光电,光学元件,,光学元件,evidence_gap,good,evidence_gap,evidence_gap,evidence_gap,good,watch,长期趋势未修复;CLX独立性不足,watch,33.75,2.66,293200.0,2.89,Sina/Tencent 2026-07-31 valuation snapshot; growth/profit/cashflow not expanded,1,281,191,technical-reversal-only,False,2.556538839724687,0.744175,6|1|6|6|6|1|3|3|-1|281|003015,暴露=evidence_gap；基本面=good；估值=good；容量=watch；映射来源=cninfo_industry,CLX-STOCK-RANKING;LOCAL-SINA-BOARD-20260731;TENCENT-VALUATION-20260731,光学元件,,cninfo_industry,resolved_theme_unmatched
22,2,688322,奥比中光,光学元件,,光学元件,evidence_gap,neutral,evidence_gap,evidence_gap,evidence_gap,watch,neutral,CLX独立性不足,good,287.9,9.71,3874900.0,7.42,Sina/Tencent 2026-07-31 valuation snapshot; growth/profit/cashflow not expanded,1,568,81,unclassified,False,17.354338584646143,22.082004,6|2|6|6|6|3|2|1|-1|568|688322,暴露=evidence_gap；基本面=neutral；估值=watch；容量=good；映射来源=cninfo_industry,CLX-STOCK-RANKING;LOCAL-SINA-BOARD-20260731;TENCENT-VALUATION-20260731,光学元件,,cninfo_industry,resolved_theme_unmatched
23,1,603989,艾华集团,其它行业,,其它行业,neutral,good,evidence_gap,evidence_gap,evidence_gap,strong,neutral,CLX独立性不足,neutral,36.654,2.458,971427.73896,8.20288,Sina/Tencent 2026-07-31 valuation snapshot; growth/profit/cashflow not expanded,1,522,70,unclassified,False,0.9113504556752304,8.355685,2|1|6|6|6|0|2|2|-1|522|603989,暴露=neutral；基本面=good；估值=strong；容量=neutral；映射来源=sina_industry,CLX-STOCK-RANKING;LOCAL-SINA-BOARD-20260731;TENCENT-VALUATION-20260731,,,sina_industry,resolved_theme_unmatched
23,2,002755,奥赛康,其它行业,创新药,其它行业,neutral,good,evidence_gap,evidence_gap,evidence_gap,good,watch,长期趋势未修复;CLX独立性不足,watch,52.16,3.667,1210321.097704,0.99853,Sina/Tencent 2026-07-31 valuation snapshot; growth/profit/cashflow not expanded,1,53,172,technical-reversal-only,False,2.354788069073765,1.199484,2|1|6|6|6|1|3|3|-1|53|002755,暴露=neutral；基本面=good；估值=good；容量=watch；映射来源=sina_industry,CLX-STOCK-RANKING;LOCAL-SINA-BOARD-20260731;TENCENT-VALUATION-20260731,,,sina_industry,resolved_theme_unmatched
23,3,603669,灵康药业,其它行业,,其它行业,neutral,weak,evidence_gap,evidence_gap,evidence_gap,weak,watch,亏损PE;CLX独立性不足,watch,-19.963,6.823,383946.497935,4.48059,Sina/Tencent 2026-07-31 valuation snapshot; growth/profit/cashflow not expanded,1,2,68,unclassified,False,6.944444444444442,1.69532,2|4|6|6|6|4|3|3|-1|2|603669,暴露=neutral；基本面=weak；估值=weak；容量=watch；映射来源=sina_industry,CLX-STOCK-RANKING;LOCAL-SINA-BOARD-20260731;TENCENT-VALUATION-20260731,,,sina_industry,resolved_theme_unmatched
24,1,000048,京基智农,农林牧渔,鸡肉;深圳本地;土地流转;猪肉,农林牧渔,neutral,neutral,evidence_gap,evidence_gap,evidence_gap,neutral,neutral,CLX独立性不足,neutral,63.44,2.655,997311.37275,3.33603,Sina/Tencent 2026-07-31 valuation snapshot; growth/profit/cashflow not expanded,1,10,6,unclassified,False,9.999999999999986,3.297868,2|2|6|6|6|2|2|2|-1|10|000048,暴露=neutral；基本面=neutral；估值=neutral；容量=neutral；映射来源=sina_industry,CLX-STOCK-RANKING;LOCAL-SINA-BOARD-20260731;TENCENT-VALUATION-20260731,,,sina_industry,resolved_theme_unmatched
24,2,603609,禾丰股份,农林牧渔,鸡肉,农林牧渔,neutral,neutral,evidence_gap,evidence_gap,evidence_gap,neutral,watch,长期趋势未修复;CLX独立性不足,watch,104.5,0.888,566818.491591,0.29079,Sina/Tencent 2026-07-31 valuation snapshot; growth/profit/cashflow not expanded,1,78,372,technical-reversal-only,False,0.9661835748792312,0.16326,2|2|6|6|6|2|3|3|-1|78|603609,暴露=neutral；基本面=neutral；估值=neutral；容量=watch；映射来源=sina_industry,CLX-STOCK-RANKING;LOCAL-SINA-BOARD-20260731;TENCENT-VALUATION-20260731,,,sina_industry,resolved_theme_unmatched
24,3,000592,平潭发展,农林牧渔,参股金融;海峡西岸;金融改革;赛马概念,农林牧渔,neutral,weak,evidence_gap,evidence_gap,evidence_gap,weak,watch,亏损PE;长期趋势未修复;CLX独立性不足,neutral,-97.655,6.356,1126228.260036,7.95984,Sina/Tencent 2026-07-31 valuation snapshot; growth/profit/cashflow not expanded,1,196,117,technical-reversal-only,False,4.667863554757634,8.805976,2|4|6|6|6|4|3|2|-1|196|000592,暴露=neutral；基本面=weak；估值=weak；容量=neutral；映射来源=sina_industry,CLX-STOCK-RANKING;LOCAL-SINA-BOARD-20260731;TENCENT-VALUATION-20260731,,,sina_industry,resolved_theme_unmatched
24,4,002124,天邦食品,农林牧渔,股权激励;生物燃料;循环经济;猪肉,农林牧渔,neutral,weak,evidence_gap,evidence_gap,evidence_gap,weak,watch,亏损PE;长期趋势未修复;CLX独立性不足,watch,-3.763,2.974,493269.310704,2.51567,Sina/Tencent 2026-07-31 valuation snapshot; growth/profit/cashflow not expanded,1,228,143,technical-reversal-only,False,1.3698630136986356,1.093118,2|4|6|6|6|4|3|3|-1|228|002124,暴露=neutral；基本面=weak；估值=weak；容量=watch；映射来源=sina_industry,CLX-STOCK-RANKING;LOCAL-SINA-BOARD-20260731;TENCENT-VALUATION-20260731,,,sina_industry,resolved_theme_unmatched
24,5,002385,大北农,农林牧渔,股权激励;基金重仓;三板精选;生态农业;生物育种;乡村振兴;猪肉,农林牧渔,neutral,weak,evidence_gap,evidence_gap,evidence_gap,weak,watch,亏损PE;长期趋势未修复;CLX独立性不足,watch,-20.333,1.768,1311523.962325,1.48836,Sina/Tencent 2026-07-31 valuation snapshot; growth/profit/cashflow not expanded,1,240,153,technical-reversal-only,False,0.9933774834437026,1.55863,2|4|6|6|6|4|3|3|-1|240|002385,暴露=neutral；基本面=weak；估值=weak；容量=watch；映射来源=sina_industry,CLX-STOCK-RANKING;LOCAL-SINA-BOARD-20260731;TENCENT-VALUATION-20260731,,,sina_industry,resolved_theme_unmatched
24,6,002567,唐人神,农林牧渔,参股金融;长株潭;股权激励;鸡肉;民营银行;猪肉,农林牧渔,neutral,weak,evidence_gap,evidence_gap,evidence_gap,weak,watch,亏损PE;长期趋势未修复;CLX独立性不足,watch,-4.332,1.241,515898.50148,0.94111,Sina/Tencent 2026-07-31 valuation snapshot; growth/profit/cashflow not expanded,1,252,164,technical-reversal-only,False,0.5586592178770999,0.482086,2|4|6|6|6|4|3|3|-1|252|002567,暴露=neutral；基本面=weak；估值=weak；容量=watch；映射来源=sina_industry,CLX-STOCK-RANKING;LOCAL-SINA-BOARD-20260731;TENCENT-VALUATION-20260731,,,sina_industry,resolved_theme_unmatched
24,7,300313,天山生物,农林牧渔,生物疫苗,农林牧渔,neutral,weak,evidence_gap,evidence_gap,evidence_gap,weak,watch,亏损PE;长期趋势未修复;CLX独立性不足,watch,-88.701,51.24,188226.51029,2.35715,Sina/Tencent 2026-07-31 valuation snapshot; growth/profit/cashflow not expanded,1,304,212,technical-reversal-only,False,3.562005277044844,0.360851,2|4|6|6|6|4|3|3|-1|304|300313,暴露=neutral；基本面=weak；估值=weak；容量=watch；映射来源=sina_industry,CLX-STOCK-RANKING;LOCAL-SINA-BOARD-20260731;TENCENT-VALUATION-20260731,,,sina_industry,resolved_theme_unmatched
24,8,300381,溢多利,农林牧渔,,农林牧渔,neutral,weak,evidence_gap,evidence_gap,evidence_gap,weak,watch,亏损PE;长期趋势未修复;CLX独立性不足,watch,-142.184,1.072,275139.622353,1.40201,Sina/Tencent 2026-07-31 valuation snapshot; growth/profit/cashflow not expanded,1,311,222,technical-reversal-only,False,1.7761989342806483,0.381374,2|4|6|6|6|4|3|3|-1|311|300381,暴露=neutral；基本面=weak；估值=weak；容量=watch；映射来源=sina_industry,CLX-STOCK-RANKING;LOCAL-SINA-BOARD-20260731;TENCENT-VALUATION-20260731,,,sina_industry,resolved_theme_unmatched
24,9,600975,新五丰,农林牧渔,长株潭;猪肉,农林牧渔,neutral,weak,evidence_gap,evidence_gap,evidence_gap,weak,watch,亏损PE;长期趋势未修复;CLX独立性不足,watch,-7.014,3.435,613583.91434,0.66774,Sina/Tencent 2026-07-31 valuation snapshot; growth/profit/cashflow not expanded,1,443,332,technical-reversal-only,False,1.0288065843621297,0.406224,2|4|6|6|6|4|3|3|-1|443|600975,暴露=neutral；基本面=weak；估值=weak；容量=watch；映射来源=sina_industry,CLX-STOCK-RANKING;LOCAL-SINA-BOARD-20260731;TENCENT-VALUATION-20260731,,,sina_industry,resolved_theme_unmatched
25,1,688126,沪硅产业,半导体材料,,半导体材料,evidence_gap,watch,evidence_gap,evidence_gap,evidence_gap,weak,watch,亏损PE;CLX独立性不足,good,-43.55,4.61,7760200.0,3.74,Sina/Tencent 2026-07-31 valuation snapshot; growth/profit/cashflow not expanded,1,539,73,unclassified,False,3.664459161147904,25.898413,6|3|6|6|6|4|3|1|-1|539|688126,暴露=evidence_gap；基本面=watch；估值=weak；容量=good；映射来源=cninfo_industry,CLX-STOCK-RANKING;LOCAL-SINA-BOARD-20260731;TENCENT-VALUATION-20260731,半导体材料,,cninfo_industry,resolved_theme_unmatched
26,1,600998,九州通,商业百货,民营银行;民营医院;武汉规划,商业百货,neutral,strong,evidence_gap,evidence_gap,evidence_gap,strong,neutral,CLX独立性不足,watch,11.705,0.944,2596872.17051,0.78284,Sina/Tencent 2026-07-31 valuation snapshot; growth/profit/cashflow not expanded,1,444,54,unclassified,False,0.0,2.014659,2|0|6|6|6|0|2|3|-1|444|600998,暴露=neutral；基本面=strong；估值=strong；容量=watch；映射来源=sina_industry,CLX-STOCK-RANKING;LOCAL-SINA-BOARD-20260731;TENCENT-VALUATION-20260731,,,sina_industry,resolved_theme_unmatched
26,2,000062,深圳华强,商业百货,分拆上市;互联金融;华为海思;深圳本地,商业百货,neutral,good,evidence_gap,evidence_gap,evidence_gap,good,watch,长期趋势未修复;CLX独立性不足,neutral,49.209,3.317,2277990.503316,2.87765,Sina/Tencent 2026-07-31 valuation snapshot; growth/profit/cashflow not expanded,1,190,111,technical-reversal-only,False,4.9132947976878505,6.570416,2|1|6|6|6|1|3|2|-1|190|000062,暴露=neutral；基本面=good；估值=good；容量=neutral；映射来源=sina_industry,CLX-STOCK-RANKING;LOCAL-SINA-BOARD-20260731;TENCENT-VALUATION-20260731,,,sina_industry,resolved_theme_unmatched
26,3,600821,金开新能,商业百货,风电;光伏;天津自贸,商业百货,neutral,neutral,evidence_gap,evidence_gap,evidence_gap,neutral,watch,长期趋势未修复;CLX独立性不足,neutral,128.8,1.405,1266957.269732,4.93943,Sina/Tencent 2026-07-31 valuation snapshot; growth/profit/cashflow not expanded,1,432,324,technical-reversal-only,False,5.400981996726673,6.20686,2|2|6|6|6|2|3|2|-1|432|600821,暴露=neutral；基本面=neutral；估值=neutral；容量=neutral；映射来源=sina_industry,CLX-STOCK-RANKING;LOCAL-SINA-BOARD-20260731;TENCENT-VALUATION-20260731,,,sina_industry,resolved_theme_unmatched
26,4,000889,中嘉博创,商业百货,小米概念,商业百货,neutral,weak,evidence_gap,evidence_gap,evidence_gap,weak,watch,亏损PE;长期趋势未修复;CLX独立性不足,watch,-130.035,49.596,344555.130688,8.95463,Sina/Tencent 2026-07-31 valuation snapshot; growth/profit/cashflow not expanded,1,210,127,technical-reversal-only,False,6.666666666666665,2.872422,2|4|6|6|6|4|3|3|-1|210|000889,暴露=neutral；基本面=weak；估值=weak；容量=watch；映射来源=sina_industry,CLX-STOCK-RANKING;LOCAL-SINA-BOARD-20260731;TENCENT-VALUATION-20260731,,,sina_industry,resolved_theme_unmatched
27,1,300821,东岳硅材,有机硅,,有机硅,evidence_gap,neutral,evidence_gap,evidence_gap,evidence_gap,neutral,neutral,CLX独立性不足,good,124.17,3.36,1712400.0,6.43,Sina/Tencent 2026-07-31 valuation snapshot; growth/profit/cashflow not expanded,1,343,32,unclassified,False,1.928571428571435,11.4344,6|2|6|6|6|2|2|1|-1|343|300821,暴露=evidence_gap；基本面=neutral；估值=neutral；容量=good；映射来源=cninfo_industry,CLX-STOCK-RANKING;LOCAL-SINA-BOARD-20260731;TENCENT-VALUATION-20260731,有机硅,,cninfo_industry,resolved_theme_unmatched
28,1,300489,光智科技,核电核能,国防军工;核电核能,,neutral,weak,evidence_gap,evidence_gap,evidence_gap,weak,watch,亏损PE;CLX独立性不足,good,-582.746,27.092,1955167.58175,9.87981,Sina/Tencent 2026-07-31 valuation snapshot; growth/profit/cashflow not expanded,1,315,26,unclassified,False,11.854151739511188,20.032661,2|4|6|6|6|4|3|1|-1|315|300489,暴露=neutral；基本面=weak；估值=weak；容量=good；映射来源=sina_concept,CLX-STOCK-RANKING;LOCAL-SINA-BOARD-20260731;TENCENT-VALUATION-20260731,,,sina_concept,resolved_theme_unmatched
29,1,301626,苏州天脉,汽车零部件/整车,,汽车零部件/整车,evidence_gap,neutral,evidence_gap,evidence_gap,evidence_gap,watch,neutral,CLX独立性不足,neutral,230.83,16.35,2602799.9999999995,6.97,Sina/Tencent 2026-07-31 valuation snapshot; growth/profit/cashflow not expanded,1,392,38,unclassified,False,6.4836725035494425,8.308953999999998,6|2|6|6|6|3|2|2|-1|392|301626,暴露=evidence_gap；基本面=neutral；估值=watch；容量=neutral；映射来源=ths_business_keyword,CLX-STOCK-RANKING;LOCAL-SINA-BOARD-20260731;TENCENT-VALUATION-20260731,汽车零部件/整车,,ths_business_keyword,resolved_theme_unmatched
29,2,301550,斯菱智驱,汽车零部件/整车,,汽车零部件/整车,evidence_gap,neutral,evidence_gap,evidence_gap,evidence_gap,watch,watch,长期趋势未修复;CLX独立性不足,neutral,146.89,13.51,2429300.0,4.08,Sina/Tencent 2026-07-31 valuation snapshot; growth/profit/cashflow not expanded,1,387,295,technical-reversal-only,False,14.042821158690176,5.953065,6|2|6|6|6|3|3|2|-1|387|301550,暴露=evidence_gap；基本面=neutral；估值=watch；容量=neutral；映射来源=ths_business_keyword,CLX-STOCK-RANKING;LOCAL-SINA-BOARD-20260731;TENCENT-VALUATION-20260731,汽车零部件/整车,,ths_business_keyword,resolved_theme_unmatched
29,3,301529,福赛科技,汽车零部件/整车,,汽车零部件/整车,evidence_gap,watch,evidence_gap,evidence_gap,evidence_gap,watch,watch,长期趋势未修复;CLX独立性不足,watch,66.28,6.42,898400.0,5.92,Sina/Tencent 2026-07-31 valuation snapshot; growth/profit/cashflow not expanded,1,141,294,technical-reversal-only,False,10.24560383665165,2.871815,6|3|6|6|6|3|3|3|-1|141|301529,暴露=evidence_gap；基本面=watch；估值=watch；容量=watch；映射来源=ths_business_keyword,CLX-STOCK-RANKING;LOCAL-SINA-BOARD-20260731;TENCENT-VALUATION-20260731,汽车零部件/整车,,ths_business_keyword,resolved_theme_unmatched
30,1,601225,陕西煤业,煤炭行业,,煤炭行业,neutral,strong,evidence_gap,evidence_gap,evidence_gap,strong,neutral,CLX独立性不足,good,14.335,2.355,24043600.0,0.48821,Sina/Tencent 2026-07-31 valuation snapshot; growth/profit/cashflow not expanded,1,453,58,unclassified,False,0.2425222312045338,11.513427,2|0|6|6|6|0|2|1|-1|453|601225,暴露=neutral；基本面=strong；估值=strong；容量=good；映射来源=sina_industry,CLX-STOCK-RANKING;LOCAL-SINA-BOARD-20260731;TENCENT-VALUATION-20260731,,,sina_industry,resolved_theme_unmatched
30,2,600179,安通控股,煤炭行业,海南自贸;摘帽概念,煤炭行业,neutral,good,evidence_gap,evidence_gap,evidence_gap,strong,neutral,CLX独立性不足,watch,17.03,1.527,1849177.289823,0.73454,Sina/Tencent 2026-07-31 valuation snapshot; growth/profit/cashflow not expanded,1,398,41,unclassified,False,0.2293577981651307,1.244356,2|1|6|6|6|0|2|3|-1|398|600179,暴露=neutral；基本面=good；估值=strong；容量=watch；映射来源=sina_industry,CLX-STOCK-RANKING;LOCAL-SINA-BOARD-20260731;TENCENT-VALUATION-20260731,,,sina_industry,resolved_theme_unmatched
30,3,000723,美锦能源,煤炭行业,氢能源;整体上市,煤炭行业,neutral,weak,evidence_gap,evidence_gap,evidence_gap,weak,watch,亏损PE;长期趋势未修复;CLX独立性不足,watch,-14.44,1.287,1589664.316582,1.08249,Sina/Tencent 2026-07-31 valuation snapshot; growth/profit/cashflow not expanded,1,203,123,technical-reversal-only,False,0.8379888268156277,1.709589,2|4|6|6|6|4|3|3|-1|203|000723,暴露=neutral；基本面=weak；估值=weak；容量=watch；映射来源=sina_industry,CLX-STOCK-RANKING;LOCAL-SINA-BOARD-20260731;TENCENT-VALUATION-20260731,,,sina_industry,resolved_theme_unmatched
31,1,002266,浙富控股,电器行业,股权激励;核电核能,电器行业,neutral,strong,evidence_gap,evidence_gap,evidence_gap,strong,neutral,CLX独立性不足,neutral,20.955,1.902,2406084.116322,1.70072,Sina/Tencent 2026-07-31 valuation snapshot; growth/profit/cashflow not expanded,1,234,10,unclassified,False,0.875273522975939,3.803456,2|0|6|6|6|0|2|2|-1|234|002266,暴露=neutral；基本面=strong；估值=strong；容量=neutral；映射来源=sina_industry,CLX-STOCK-RANKING;LOCAL-SINA-BOARD-20260731;TENCENT-VALUATION-20260731,,,sina_industry,resolved_theme_unmatched
31,2,002380,科远智慧,电器行业,节能环保;碳中和;机器人概念;智能机器,电器行业,neutral,good,evidence_gap,evidence_gap,evidence_gap,good,watch,长期趋势未修复;CLX独立性不足,neutral,47.897,2.74,666696.800922,7.72946,Sina/Tencent 2026-07-31 valuation snapshot; growth/profit/cashflow not expanded,1,239,152,technical-reversal-only,False,7.799767171129224,3.037711,2|1|6|6|6|1|3|2|-1|239|002380,暴露=neutral；基本面=good；估值=good；容量=neutral；映射来源=sina_industry,CLX-STOCK-RANKING;LOCAL-SINA-BOARD-20260731;TENCENT-VALUATION-20260731,,,sina_industry,resolved_theme_unmatched
31,3,002647,仁东控股,电器行业,,电器行业,neutral,neutral,evidence_gap,evidence_gap,evidence_gap,neutral,neutral,CLX独立性不足,neutral,27.743,17.635,1097513.198947,4.06393,Sina/Tencent 2026-07-31 valuation snapshot; growth/profit/cashflow not expanded,1,116,15,unclassified,False,7.530454042081969,3.98661,2|2|6|6|6|2|2|2|-1|116|002647,暴露=neutral；基本面=neutral；估值=neutral；容量=neutral；映射来源=sina_industry,CLX-STOCK-RANKING;LOCAL-SINA-BOARD-20260731;TENCENT-VALUATION-20260731,,,sina_industry,resolved_theme_unmatched
32,1,002402,和而泰,电子器件,国防军工;绿色照明;物联网;智能家居,电子器件,neutral,good,evidence_gap,evidence_gap,evidence_gap,strong,watch,长期趋势未修复;CLX独立性不足,neutral,27.801,2.691,1856012.86485,4.81938,Sina/Tencent 2026-07-31 valuation snapshot; growth/profit/cashflow not expanded,1,241,154,technical-reversal-only,False,3.288797533401855,7.961688,2|1|6|6|6|0|3|2|-1|241|002402,暴露=neutral；基本面=good；估值=strong；容量=neutral；映射来源=sina_industry,CLX-STOCK-RANKING;LOCAL-SINA-BOARD-20260731;TENCENT-VALUATION-20260731,,,sina_industry,resolved_theme_unmatched
32,2,300154,瑞凌股份,电子器件,机器人概念;智能机器,电子器件,neutral,good,evidence_gap,evidence_gap,evidence_gap,strong,watch,长期趋势未修复;CLX独立性不足,watch,32.957,1.893,340762.842358,3.55187,Sina/Tencent 2026-07-31 valuation snapshot; growth/profit/cashflow not expanded,1,293,203,technical-reversal-only,False,5.424200278164104,0.843486,2|1|6|6|6|0|3|3|-1|293|300154,暴露=neutral；基本面=good；估值=strong；容量=watch；映射来源=sina_industry,CLX-STOCK-RANKING;LOCAL-SINA-BOARD-20260731;TENCENT-VALUATION-20260731,,,sina_industry,resolved_theme_unmatched
32,3,300224,正海磁材,电子器件,黄河三角;业绩预降,电子器件,neutral,good,evidence_gap,evidence_gap,evidence_gap,strong,watch,长期趋势未修复;CLX独立性不足,watch,30.944,1.997,1036800.264538,1.65752,Sina/Tencent 2026-07-31 valuation snapshot; growth/profit/cashflow not expanded,1,299,206,technical-reversal-only,False,0.997280145058932,1.7273330000000002,2|1|6|6|6|0|3|3|-1|299|300224,暴露=neutral；基本面=good；估值=strong；容量=watch；映射来源=sina_industry,CLX-STOCK-RANKING;LOCAL-SINA-BOARD-20260731;TENCENT-VALUATION-20260731,,,sina_industry,resolved_theme_unmatched
32,4,600602,云赛智联,电子器件,国防军工;含B股;军工航天;上海本地;食品安全;物联网,电子器件,neutral,good,evidence_gap,evidence_gap,evidence_gap,neutral,watch,长期趋势未修复;CLX独立性不足,neutral,124.085,4.897,2409840.62771,4.01452,Sina/Tencent 2026-07-31 valuation snapshot; growth/profit/cashflow not expanded,1,34,320,technical-reversal-only,False,9.987515605493137,7.459802,2|1|6|6|6|2|3|2|-1|34|600602,暴露=neutral；基本面=good；估值=neutral；容量=neutral；映射来源=sina_industry,CLX-STOCK-RANKING;LOCAL-SINA-BOARD-20260731;TENCENT-VALUATION-20260731,,,sina_industry,resolved_theme_unmatched
32,5,300269,联建光电,电子器件,绿色照明,电子器件,neutral,watch,evidence_gap,evidence_gap,evidence_gap,watch,watch,长期趋势未修复;CLX独立性不足,watch,287.742,29.361,243951.219734,5.18665,Sina/Tencent 2026-07-31 valuation snapshot; growth/profit/cashflow not expanded,1,303,211,technical-reversal-only,False,4.449648711943799,1.218776,2|3|6|6|6|3|3|3|-1|303|300269,暴露=neutral；基本面=watch；估值=watch；容量=watch；映射来源=sina_industry,CLX-STOCK-RANKING;LOCAL-SINA-BOARD-20260731;TENCENT-VALUATION-20260731,,,sina_industry,resolved_theme_unmatched
32,6,300323,华灿光电,电子器件,绿色照明;武汉规划;业绩预降,电子器件,neutral,weak,evidence_gap,evidence_gap,evidence_gap,weak,watch,亏损PE;长期趋势未修复;CLX独立性不足,neutral,-38.481,2.542,1686295.750083,6.95312,Sina/Tencent 2026-07-31 valuation snapshot; growth/profit/cashflow not expanded,1,305,213,technical-reversal-only,False,4.004004004004003,8.861366,2|4|6|6|6|4|3|2|-1|305|300323,暴露=neutral；基本面=weak；估值=weak；容量=neutral；映射来源=sina_industry,CLX-STOCK-RANKING;LOCAL-SINA-BOARD-20260731;TENCENT-VALUATION-20260731,,,sina_industry,resolved_theme_unmatched
32,7,002638,勤上股份,电子器件,绿色照明,电子器件,neutral,weak,evidence_gap,evidence_gap,evidence_gap,weak,watch,亏损PE;CLX独立性不足,watch,-15.261,2.668,504244.616499,2.11939,Sina/Tencent 2026-07-31 valuation snapshot; growth/profit/cashflow not expanded,1,258,14,unclassified,False,3.539823008849541,1.008154,2|4|6|6|6|4|3|3|-1|258|002638,暴露=neutral；基本面=weak；估值=weak；容量=watch；映射来源=sina_industry,CLX-STOCK-RANKING;LOCAL-SINA-BOARD-20260731;TENCENT-VALUATION-20260731,,,sina_industry,resolved_theme_unmatched
33,1,600909,华安证券,证券,,证券,evidence_gap,strong,evidence_gap,evidence_gap,evidence_gap,strong,neutral,CLX独立性不足,good,19.03,1.49,3838500.0,4.1,Sina/Tencent 2026-07-31 valuation snapshot; growth/profit/cashflow not expanded,1,439,53,unclassified,False,0.79155672823219,16.136876,6|0|6|6|6|0|2|1|-1|439|600909,暴露=evidence_gap；基本面=strong；估值=strong；容量=good；映射来源=cninfo_industry,CLX-STOCK-RANKING;LOCAL-SINA-BOARD-20260731;TENCENT-VALUATION-20260731,证券,,cninfo_industry,resolved_theme_unmatched
33,2,601108,财通证券,证券,,证券,evidence_gap,strong,evidence_gap,evidence_gap,evidence_gap,strong,neutral,CLX独立性不足,neutral,13.15,1.03,3891500.0,1.3,Sina/Tencent 2026-07-31 valuation snapshot; growth/profit/cashflow not expanded,1,36,57,unclassified,False,2.0706455542021995,5.077828,6|0|6|6|6|0|2|2|-1|36|601108,暴露=evidence_gap；基本面=strong；估值=strong；容量=neutral；映射来源=cninfo_industry,CLX-STOCK-RANKING;LOCAL-SINA-BOARD-20260731;TENCENT-VALUATION-20260731,证券,,cninfo_industry,resolved_theme_unmatched
33,3,601881,中国银河,证券,,证券,evidence_gap,strong,evidence_gap,evidence_gap,evidence_gap,strong,watch,长期趋势未修复;CLX独立性不足,neutral,10.77,1.16,13810200.0,0.4,Sina/Tencent 2026-07-31 valuation snapshot; growth/profit/cashflow not expanded,1,465,348,technical-reversal-only,False,0.4773269689737569,3.620603,6|0|6|6|6|0|3|2|-1|465|601881,暴露=evidence_gap；基本面=strong；估值=strong；容量=neutral；映射来源=cninfo_industry,CLX-STOCK-RANKING;LOCAL-SINA-BOARD-20260731;TENCENT-VALUATION-20260731,证券,,cninfo_industry,resolved_theme_unmatched
33,4,601878,浙商证券,证券,,证券,evidence_gap,strong,evidence_gap,evidence_gap,evidence_gap,strong,watch,长期趋势未修复;CLX独立性不足,watch,16.75,1.17,4368000.0,0.53,Sina/Tencent 2026-07-31 valuation snapshot; growth/profit/cashflow not expanded,1,160,347,technical-reversal-only,False,0.4206098843323014,2.320136,6|0|6|6|6|0|3|3|-1|160|601878,暴露=evidence_gap；基本面=strong；估值=strong；容量=watch；映射来源=cninfo_industry,CLX-STOCK-RANKING;LOCAL-SINA-BOARD-20260731;TENCENT-VALUATION-20260731,证券,,cninfo_industry,resolved_theme_unmatched
33,5,601059,信达证券,证券,,证券,evidence_gap,strong,evidence_gap,evidence_gap,evidence_gap,strong,watch,长期趋势未修复;CLX独立性不足,watch,27.32,2.5,5373700.0,0.25,Sina/Tencent 2026-07-31 valuation snapshot; growth/profit/cashflow not expanded,1,448,335,technical-reversal-only,False,0.2419842710223774,1.326012,6|0|6|6|6|0|3|3|-1|448|601059,暴露=evidence_gap；基本面=strong；估值=strong；容量=watch；映射来源=cninfo_industry,CLX-STOCK-RANKING;LOCAL-SINA-BOARD-20260731;TENCENT-VALUATION-20260731,证券,,cninfo_industry,resolved_theme_unmatched
34,1,688668,鼎通科技,通信网络设备及器件,,通信网络设备及器件,evidence_gap,neutral,evidence_gap,evidence_gap,evidence_gap,watch,neutral,CLX独立性不足,good,98.9,13.24,2650000.0,4.37,Sina/Tencent 2026-07-31 valuation snapshot; growth/profit/cashflow not expanded,1,588,89,unclassified,False,9.67779122716006,12.009638,6|2|6|6|6|3|2|1|-1|588|688668,暴露=evidence_gap；基本面=neutral；估值=watch；容量=good；映射来源=cninfo_industry,CLX-STOCK-RANKING;LOCAL-SINA-BOARD-20260731;TENCENT-VALUATION-20260731,通信网络设备及器件,,cninfo_industry,resolved_theme_unmatched
35,1,002850,科达利,锂电池,,锂电池,evidence_gap,strong,evidence_gap,evidence_gap,evidence_gap,strong,neutral,CLX独立性不足,good,28.4,3.6,5220100.0,3.23,Sina/Tencent 2026-07-31 valuation snapshot; growth/profit/cashflow not expanded,1,118,18,unclassified,False,6.864009378663538,12.164356,6|0|6|6|6|0|2|1|-1|118|002850,暴露=evidence_gap；基本面=strong；估值=strong；容量=good；映射来源=cninfo_industry,CLX-STOCK-RANKING;LOCAL-SINA-BOARD-20260731;TENCENT-VALUATION-20260731,锂电池,,cninfo_industry,resolved_theme_unmatched
36,1,603268,松发股份,陶瓷行业,,陶瓷行业,neutral,good,evidence_gap,evidence_gap,evidence_gap,neutral,neutral,CLX独立性不足,good,51.554,14.048,14814076.90378,3.58468,Sina/Tencent 2026-07-31 valuation snapshot; growth/profit/cashflow not expanded,1,484,62,unclassified,False,3.809523809523796,12.7737,2|1|6|6|6|2|2|1|-1|484|603268,暴露=neutral；基本面=good；估值=neutral；容量=good；映射来源=sina_industry,CLX-STOCK-RANKING;LOCAL-SINA-BOARD-20260731;TENCENT-VALUATION-20260731,,,sina_industry,resolved_theme_unmatched
37,1,600350,山东高速,公路桥梁,参股金融;东亚自贸;金融参股;污水处理;自贸区,公路桥梁,neutral,strong,evidence_gap,evidence_gap,evidence_gap,strong,neutral,CLX独立性不足,watch,20.826,1.789,5487237.886375,0.48086,Sina/Tencent 2026-07-31 valuation snapshot; growth/profit/cashflow not expanded,1,412,45,unclassified,False,4.224058769513306,2.588195,2|0|6|6|6|0|2|3|-1|412|600350,暴露=neutral；基本面=strong；估值=strong；容量=watch；映射来源=sina_industry,CLX-STOCK-RANKING;LOCAL-SINA-BOARD-20260731;TENCENT-VALUATION-20260731,,,sina_industry,resolved_theme_unmatched
38,1,603223,恒通股份,公路货运,,公路货运,evidence_gap,good,evidence_gap,evidence_gap,evidence_gap,strong,strong,,watch,23.1,1.81,731900.0,2.45,Sina/Tencent 2026-07-31 valuation snapshot; growth/profit/cashflow not expanded,2,46,5,unclassified,False,6.468172484599588,1.790547,6|1|6|6|6|0|0|3|-2|46|603223,暴露=evidence_gap；基本面=good；估值=strong；容量=watch；映射来源=cninfo_industry,CLX-STOCK-RANKING;LOCAL-SINA-BOARD-20260731;TENCENT-VALUATION-20260731,公路货运,,cninfo_industry,resolved_theme_unmatched
39,1,301345,涛涛车业,其他交运设备,,其他交运设备,evidence_gap,good,evidence_gap,evidence_gap,evidence_gap,neutral,neutral,CLX独立性不足,neutral,30.44,7.63,2758900.0,8.03,Sina/Tencent 2026-07-31 valuation snapshot; growth/profit/cashflow not expanded,1,373,36,unclassified,False,11.798497569597878,7.050516,6|1|6|6|6|2|2|2|-1|373|301345,暴露=evidence_gap；基本面=good；估值=neutral；容量=neutral；映射来源=cninfo_industry,CLX-STOCK-RANKING;LOCAL-SINA-BOARD-20260731;TENCENT-VALUATION-20260731,其他交运设备,,cninfo_industry,resolved_theme_unmatched
40,1,301373,凌玮科技,其他化学制品,,其他化学制品,evidence_gap,good,evidence_gap,evidence_gap,evidence_gap,good,neutral,CLX独立性不足,neutral,55.37,4.79,797800.0,14.0,Sina/Tencent 2026-07-31 valuation snapshot; growth/profit/cashflow not expanded,1,377,37,unclassified,False,4.119479048697627,4.393951,6|1|6|6|6|1|2|2|-1|377|301373,暴露=evidence_gap；基本面=good；估值=good；容量=neutral；映射来源=cninfo_industry,CLX-STOCK-RANKING;LOCAL-SINA-BOARD-20260731;TENCENT-VALUATION-20260731,其他化学制品,,cninfo_industry,resolved_theme_unmatched
40,2,301395,仁信新材,其他化学制品,,其他化学制品,evidence_gap,weak,evidence_gap,evidence_gap,evidence_gap,weak,watch,亏损PE;长期趋势未修复;CLX独立性不足,watch,-26.75,1.64,237000.0,5.09,Sina/Tencent 2026-07-31 valuation snapshot; growth/profit/cashflow not expanded,1,380,286,technical-reversal-only,False,11.798396334478811,0.619199,6|4|6|6|6|4|3|3|-1|380|301395,暴露=evidence_gap；基本面=weak；估值=weak；容量=watch；映射来源=cninfo_industry,CLX-STOCK-RANKING;LOCAL-SINA-BOARD-20260731;TENCENT-VALUATION-20260731,其他化学制品,,cninfo_industry,resolved_theme_unmatched
41,1,603466,风语筑,其他数字媒体,,其他数字媒体,evidence_gap,weak,evidence_gap,evidence_gap,evidence_gap,weak,watch,亏损PE;CLX独立性不足,neutral,-378.59,2.94,607300.0,13.96,Sina/Tencent 2026-07-31 valuation snapshot; growth/profit/cashflow not expanded,1,166,65,unclassified,False,10.021551724137945,8.257128999999999,6|4|6|6|6|4|3|2|-1|166|603466,暴露=evidence_gap；基本面=weak；估值=weak；容量=neutral；映射来源=cninfo_industry,CLX-STOCK-RANKING;LOCAL-SINA-BOARD-20260731;TENCENT-VALUATION-20260731,其他数字媒体,,cninfo_industry,resolved_theme_unmatched
42,1,002848,高斯贝尔,其它视听器材,,其它视听器材,evidence_gap,weak,evidence_gap,evidence_gap,evidence_gap,weak,watch,亏损PE;CLX独立性不足,watch,-37.84,29.06,204100.0,3.17,Sina/Tencent 2026-07-31 valuation snapshot; growth/profit/cashflow not expanded,1,117,17,unclassified,False,3.826530612244916,0.6396,6|4|6|6|6|4|3|3|-1|117|002848,暴露=evidence_gap；基本面=weak；估值=weak；容量=watch；映射来源=cninfo_industry,CLX-STOCK-RANKING;LOCAL-SINA-BOARD-20260731;TENCENT-VALUATION-20260731,其它视听器材,,cninfo_industry,resolved_theme_unmatched
43,1,301301,川宁生物,化学原料药,,化学原料药,evidence_gap,good,evidence_gap,evidence_gap,evidence_gap,strong,watch,长期趋势未修复;CLX独立性不足,watch,32.91,2.49,1946600.0,2.05,Sina/Tencent 2026-07-31 valuation snapshot; growth/profit/cashflow not expanded,1,371,279,technical-reversal-only,False,0.6928406466512715,1.106425,6|1|6|6|6|0|3|3|-1|371|301301,暴露=evidence_gap；基本面=good；估值=strong；容量=watch；映射来源=cninfo_industry,CLX-STOCK-RANKING;LOCAL-SINA-BOARD-20260731;TENCENT-VALUATION-20260731,化学原料药,,cninfo_industry,resolved_theme_unmatched
43,2,301277,新天地,化学原料药,,化学原料药,evidence_gap,good,evidence_gap,evidence_gap,evidence_gap,good,watch,长期趋势未修复;CLX独立性不足,watch,37.82,2.53,381100.0,0.85,Sina/Tencent 2026-07-31 valuation snapshot; growth/profit/cashflow not expanded,1,138,278,technical-reversal-only,False,2.3157894736842266,0.323742,6|1|6|6|6|1|3|3|-1|138|301277,暴露=evidence_gap；基本面=good；估值=good；容量=watch；映射来源=cninfo_industry,CLX-STOCK-RANKING;LOCAL-SINA-BOARD-20260731;TENCENT-VALUATION-20260731,化学原料药,,cninfo_industry,resolved_theme_unmatched
43,3,603229,奥翔药业,化学原料药,,化学原料药,evidence_gap,good,evidence_gap,evidence_gap,evidence_gap,good,watch,长期趋势未修复;CLX独立性不足,watch,57.03,2.66,616100.0,0.94,Sina/Tencent 2026-07-31 valuation snapshot; growth/profit/cashflow not expanded,1,483,362,technical-reversal-only,False,1.5047879616963078,0.580615,6|1|6|6|6|1|3|3|-1|483|603229,暴露=evidence_gap；基本面=good；估值=good；容量=watch；映射来源=cninfo_industry,CLX-STOCK-RANKING;LOCAL-SINA-BOARD-20260731;TENCENT-VALUATION-20260731,化学原料药,,cninfo_industry,resolved_theme_unmatched
43,4,300765,石药创新,化学原料药,,化学原料药,evidence_gap,watch,evidence_gap,evidence_gap,evidence_gap,weak,watch,亏损PE;CLX独立性不足,neutral,-173.34,20.72,5340300.0,1.35,Sina/Tencent 2026-07-31 valuation snapshot; growth/profit/cashflow not expanded,1,26,31,unclassified,False,5.611111111111122,7.118698,6|3|6|6|6|4|3|2|-1|26|300765,暴露=evidence_gap；基本面=watch；估值=weak；容量=neutral；映射来源=cninfo_industry,CLX-STOCK-RANKING;LOCAL-SINA-BOARD-20260731;TENCENT-VALUATION-20260731,化学原料药,,cninfo_industry,resolved_theme_unmatched
44,1,001395,亚联机械,化工材料,,化工材料,evidence_gap,good,evidence_gap,evidence_gap,evidence_gap,strong,watch,长期趋势未修复;CLX独立性不足,watch,13.07,2.53,321599.99999999994,6.04,Sina/Tencent 2026-07-31 valuation snapshot; growth/profit/cashflow not expanded,1,109,138,technical-reversal-only,False,2.753623188405796,0.8947959999999998,6|1|6|6|6|0|3|3|-1|109|001395,暴露=evidence_gap；基本面=good；估值=strong；容量=watch；映射来源=ths_business_keyword,CLX-STOCK-RANKING;LOCAL-SINA-BOARD-20260731;TENCENT-VALUATION-20260731,化工材料,,ths_business_keyword,resolved_theme_unmatched
44,2,603004,鼎龙科技,化工材料,,化工材料,evidence_gap,good,evidence_gap,evidence_gap,evidence_gap,strong,watch,长期趋势未修复;CLX独立性不足,watch,29.99,2.05,425600.0,7.4,Sina/Tencent 2026-07-31 valuation snapshot; growth/profit/cashflow not expanded,1,469,349,technical-reversal-only,False,4.69293163383544,0.784716,6|1|6|6|6|0|3|3|-1|469|603004,暴露=evidence_gap；基本面=good；估值=strong；容量=watch；映射来源=ths_business_keyword,CLX-STOCK-RANKING;LOCAL-SINA-BOARD-20260731;TENCENT-VALUATION-20260731,化工材料,,ths_business_keyword,resolved_theme_unmatched
44,3,688716,中研股份,化工材料,,化工材料,evidence_gap,neutral,evidence_gap,evidence_gap,evidence_gap,neutral,watch,长期趋势未修复;CLX独立性不足,watch,2279.14,2.75,317500.0,4.33,Sina/Tencent 2026-07-31 valuation snapshot; growth/profit/cashflow not expanded,1,92,452,technical-reversal-only,False,7.49896992171406,0.787325,6|2|6|6|6|2|3|3|-1|92|688716,暴露=evidence_gap；基本面=neutral；估值=neutral；容量=watch；映射来源=ths_business_keyword,CLX-STOCK-RANKING;LOCAL-SINA-BOARD-20260731;TENCENT-VALUATION-20260731,化工材料,,ths_business_keyword,resolved_theme_unmatched
44,4,001356,富岭股份,化工材料,,化工材料,evidence_gap,neutral,evidence_gap,evidence_gap,evidence_gap,neutral,watch,长期趋势未修复;CLX独立性不足,watch,71.0,2.51,506200.0,3.59,Sina/Tencent 2026-07-31 valuation snapshot; growth/profit/cashflow not expanded,1,108,136,technical-reversal-only,False,2.7511961722488154,0.646728,6|2|6|6|6|2|3|3|-1|108|001356,暴露=evidence_gap；基本面=neutral；估值=neutral；容量=watch；映射来源=ths_business_keyword,CLX-STOCK-RANKING;LOCAL-SINA-BOARD-20260731;TENCENT-VALUATION-20260731,化工材料,,ths_business_keyword,resolved_theme_unmatched
44,5,301618,长联科技,化工材料,,化工材料,evidence_gap,neutral,evidence_gap,evidence_gap,evidence_gap,neutral,watch,长期趋势未修复;CLX独立性不足,watch,129.8,4.24,398000.0,4.96,Sina/Tencent 2026-07-31 valuation snapshot; growth/profit/cashflow not expanded,1,391,298,technical-reversal-only,False,4.78882607249751,0.756169,6|2|6|6|6|2|3|3|-1|391|301618,暴露=evidence_gap；基本面=neutral；估值=neutral；容量=watch；映射来源=ths_business_keyword,CLX-STOCK-RANKING;LOCAL-SINA-BOARD-20260731;TENCENT-VALUATION-20260731,化工材料,,ths_business_keyword,resolved_theme_unmatched
44,6,001359,平安电工,化工材料,,化工材料,evidence_gap,watch,evidence_gap,evidence_gap,evidence_gap,watch,neutral,CLX独立性不足,neutral,80.01,8.96,1848899.9999999998,8.67,Sina/Tencent 2026-07-31 valuation snapshot; growth/profit/cashflow not expanded,1,48,9,unclassified,False,10.000000000000009,3.999318,6|3|6|6|6|3|2|2|-1|48|001359,暴露=evidence_gap；基本面=watch；估值=watch；容量=neutral；映射来源=ths_business_keyword,CLX-STOCK-RANKING;LOCAL-SINA-BOARD-20260731;TENCENT-VALUATION-20260731,化工材料,,ths_business_keyword,resolved_theme_unmatched
45,1,688580,伟思医疗,医疗设备,,医疗设备,evidence_gap,good,evidence_gap,evidence_gap,evidence_gap,strong,watch,长期趋势未修复;CLX独立性不足,watch,27.1,2.73,451100.0,1.54,Sina/Tencent 2026-07-31 valuation snapshot; growth/profit/cashflow not expanded,1,583,444,technical-reversal-only,False,4.019434628975271,0.692528,6|1|6|6|6|0|3|3|-1|583|688580,暴露=evidence_gap；基本面=good；估值=strong；容量=watch；映射来源=cninfo_industry,CLX-STOCK-RANKING;LOCAL-SINA-BOARD-20260731;TENCENT-VALUATION-20260731,医疗设备,,cninfo_industry,resolved_theme_unmatched
45,2,688677,海泰新光,医疗设备,,医疗设备,evidence_gap,neutral,evidence_gap,evidence_gap,evidence_gap,neutral,neutral,CLX独立性不足,neutral,47.91,6.25,820600.0,7.06,Sina/Tencent 2026-07-31 valuation snapshot; growth/profit/cashflow not expanded,1,91,90,unclassified,False,16.11535199321459,5.819414,6|2|6|6|6|2|2|2|-1|91|688677,暴露=evidence_gap；基本面=neutral；估值=neutral；容量=neutral；映射来源=cninfo_industry,CLX-STOCK-RANKING;LOCAL-SINA-BOARD-20260731;TENCENT-VALUATION-20260731,医疗设备,,cninfo_industry,resolved_theme_unmatched
45,3,688626,翔宇医疗,医疗设备,,医疗设备,evidence_gap,neutral,evidence_gap,evidence_gap,evidence_gap,neutral,watch,长期趋势未修复;CLX独立性不足,watch,85.04,3.3,684800.0,2.01,Sina/Tencent 2026-07-31 valuation snapshot; growth/profit/cashflow not expanded,1,586,447,technical-reversal-only,False,5.522682445759353,1.362267,6|2|6|6|6|2|3|3|-1|586|688626,暴露=evidence_gap；基本面=neutral；估值=neutral；容量=watch；映射来源=cninfo_industry,CLX-STOCK-RANKING;LOCAL-SINA-BOARD-20260731;TENCENT-VALUATION-20260731,医疗设备,,cninfo_industry,resolved_theme_unmatched
46,1,603738,泰晶科技,华为海思,华为海思,,neutral,watch,evidence_gap,evidence_gap,evidence_gap,watch,neutral,CLX独立性不足,neutral,213.714,6.349,1154575.376064,7.72701,Sina/Tencent 2026-07-31 valuation snapshot; growth/profit/cashflow not expanded,1,510,69,unclassified,False,10.000000000000009,8.892295,2|3|6|6|6|3|2|2|-1|510|603738,暴露=neutral；基本面=watch；估值=watch；容量=neutral；映射来源=sina_concept,CLX-STOCK-RANKING;LOCAL-SINA-BOARD-20260731;TENCENT-VALUATION-20260731,,,sina_concept,resolved_theme_unmatched
46,2,300609,汇纳科技,华为海思,华为海思,,neutral,weak,evidence_gap,evidence_gap,evidence_gap,weak,watch,亏损PE;长期趋势未修复;CLX独立性不足,watch,-35.377,3.217,295241.163246,3.50087,Sina/Tencent 2026-07-31 valuation snapshot; growth/profit/cashflow not expanded,1,323,234,technical-reversal-only,False,7.3831367409348925,1.028584,2|4|6|6|6|4|3|3|-1|323|300609,暴露=neutral；基本面=weak；估值=weak；容量=watch；映射来源=sina_concept,CLX-STOCK-RANKING;LOCAL-SINA-BOARD-20260731;TENCENT-VALUATION-20260731,,,sina_concept,resolved_theme_unmatched
47,1,300218,安利股份,塑料制品,股权激励;皖江区域,塑料制品,neutral,good,evidence_gap,evidence_gap,evidence_gap,strong,watch,长期趋势未修复;CLX独立性不足,watch,19.379,1.638,257346.582,0.7878,Sina/Tencent 2026-07-31 valuation snapshot; growth/profit/cashflow not expanded,1,297,205,technical-reversal-only,False,1.8025751072961336,0.201795,2|1|6|6|6|0|3|3|-1|297|300218,暴露=neutral；基本面=good；估值=strong；容量=watch；映射来源=sina_industry,CLX-STOCK-RANKING;LOCAL-SINA-BOARD-20260731;TENCENT-VALUATION-20260731,,,sina_industry,resolved_theme_unmatched
47,2,300221,银禧科技,塑料制品,3D打印;小米概念;业绩预降,塑料制品,neutral,good,evidence_gap,evidence_gap,evidence_gap,good,neutral,CLX独立性不足,neutral,45.342,3.445,518761.380075,6.62591,Sina/Tencent 2026-07-31 valuation snapshot; growth/profit/cashflow not expanded,1,298,23,unclassified,False,5.491329479768781,3.4158769999999996,2|1|6|6|6|1|2|2|-1|298|300221,暴露=neutral；基本面=good；估值=good；容量=neutral；映射来源=sina_industry,CLX-STOCK-RANKING;LOCAL-SINA-BOARD-20260731;TENCENT-VALUATION-20260731,,,sina_industry,resolved_theme_unmatched
48,1,688160,步科股份,工控设备,,工控设备,evidence_gap,watch,evidence_gap,evidence_gap,evidence_gap,watch,neutral,CLX独立性不足,neutral,133.64,7.61,997900.0000000001,3.2,Sina/Tencent 2026-07-31 valuation snapshot; growth/profit/cashflow not expanded,1,543,74,unclassified,False,9.257964645960271,3.179317,6|3|6|6|6|3|2|2|-1|543|688160,暴露=evidence_gap；基本面=watch；估值=watch；容量=neutral；映射来源=cninfo_industry,CLX-STOCK-RANKING;LOCAL-SINA-BOARD-20260731;TENCENT-VALUATION-20260731,工控设备,,cninfo_industry,resolved_theme_unmatched
49,1,603909,建发合诚,工程咨询服务,,工程咨询服务,evidence_gap,good,evidence_gap,evidence_gap,evidence_gap,strong,watch,长期趋势未修复;CLX独立性不足,watch,20.08,2.0,229400.0,1.04,Sina/Tencent 2026-07-31 valuation snapshot; growth/profit/cashflow not expanded,1,518,387,technical-reversal-only,False,1.85185185185186,0.23617600000000002,6|1|6|6|6|0|3|3|-1|518|603909,暴露=evidence_gap；基本面=good；估值=strong；容量=watch；映射来源=cninfo_industry,CLX-STOCK-RANKING;LOCAL-SINA-BOARD-20260731;TENCENT-VALUATION-20260731,工程咨询服务,,cninfo_industry,resolved_theme_unmatched
49,2,300668,杰恩股份,工程咨询服务,,工程咨询服务,evidence_gap,neutral,evidence_gap,evidence_gap,evidence_gap,neutral,neutral,CLX独立性不足,watch,455.54,5.83,454700.0,7.2,Sina/Tencent 2026-07-31 valuation snapshot; growth/profit/cashflow not expanded,1,332,30,unclassified,False,16.32275947028028,2.67346,6|2|6|6|6|2|2|3|-1|332|300668,暴露=evidence_gap；基本面=neutral；估值=neutral；容量=watch；映射来源=cninfo_industry,CLX-STOCK-RANKING;LOCAL-SINA-BOARD-20260731;TENCENT-VALUATION-20260731,工程咨询服务,,cninfo_industry,resolved_theme_unmatched
49,3,301024,霍普股份,工程咨询服务,,工程咨询服务,evidence_gap,weak,evidence_gap,evidence_gap,evidence_gap,weak,watch,亏损PE;长期趋势未修复;CLX独立性不足,watch,-19.75,5.48,185100.00000000003,2.17,Sina/Tencent 2026-07-31 valuation snapshot; growth/profit/cashflow not expanded,1,356,261,technical-reversal-only,False,5.854545454545446,0.389854,6|4|6|6|6|4|3|3|-1|356|301024,暴露=evidence_gap；基本面=weak；估值=weak；容量=watch；映射来源=cninfo_industry,CLX-STOCK-RANKING;LOCAL-SINA-BOARD-20260731;TENCENT-VALUATION-20260731,工程咨询服务,,cninfo_industry,resolved_theme_unmatched
50,1,001257,盛龙股份,有色金属/战略资源,,有色金属/战略资源,evidence_gap,good,evidence_gap,evidence_gap,evidence_gap,good,neutral,CLX独立性不足,neutral,43.764,5.781,4419133.616519,11.83056,Sina/Tencent 2026-07-31 valuation snapshot; growth/profit/cashflow not expanded,1,218,92,unclassified,False,2.381965121225016,3.9163910000000004,6|1|6|6|6|1|2|2|-1|218|001257,暴露=evidence_gap；基本面=good；估值=good；容量=neutral；映射来源=ths_business_keyword,CLX-STOCK-RANKING;LOCAL-SINA-BOARD-20260731;TENCENT-VALUATION-20260731,有色金属/战略资源,,ths_business_keyword,resolved_theme_unmatched
50,2,688480,赛恩斯,有色金属/战略资源,,有色金属/战略资源,evidence_gap,good,evidence_gap,evidence_gap,evidence_gap,good,neutral,CLX独立性不足,watch,57.03,5.89,687500.0,1.78,Sina/Tencent 2026-07-31 valuation snapshot; growth/profit/cashflow not expanded,1,579,85,unclassified,False,6.027638929726553,1.239456,6|1|6|6|6|1|2|3|-1|579|688480,暴露=evidence_gap；基本面=good；估值=good；容量=watch；映射来源=ths_business_keyword,CLX-STOCK-RANKING;LOCAL-SINA-BOARD-20260731;TENCENT-VALUATION-20260731,有色金属/战略资源,,ths_business_keyword,resolved_theme_unmatched
50,3,688530,欧莱新材,有色金属/战略资源,,有色金属/战略资源,evidence_gap,watch,evidence_gap,evidence_gap,evidence_gap,watch,neutral,CLX独立性不足,neutral,3503.46,7.8,661100.0,15.22,Sina/Tencent 2026-07-31 valuation snapshot; growth/profit/cashflow not expanded,1,582,88,unclassified,False,5.248407643312114,4.619486,6|3|6|6|6|3|2|2|-1|582|688530,暴露=evidence_gap；基本面=watch；估值=watch；容量=neutral；映射来源=ths_business_keyword,CLX-STOCK-RANKING;LOCAL-SINA-BOARD-20260731;TENCENT-VALUATION-20260731,有色金属/战略资源,,ths_business_keyword,resolved_theme_unmatched
51,1,603379,三美股份,氟化工及制冷剂,,氟化工及制冷剂,evidence_gap,strong,evidence_gap,evidence_gap,evidence_gap,strong,neutral,CLX独立性不足,neutral,16.99,4.67,3681200.0,2.26,Sina/Tencent 2026-07-31 valuation snapshot; growth/profit/cashflow not expanded,1,492,64,unclassified,False,2.2207153754873588,8.300955,6|0|6|6|6|0|2|2|-1|492|603379,暴露=evidence_gap；基本面=strong；估值=strong；容量=neutral；映射来源=cninfo_industry,CLX-STOCK-RANKING;LOCAL-SINA-BOARD-20260731;TENCENT-VALUATION-20260731,氟化工及制冷剂,,cninfo_industry,resolved_theme_unmatched
52,1,600025,华能水电,水电,,水电,evidence_gap,strong,evidence_gap,evidence_gap,evidence_gap,strong,neutral,CLX独立性不足,neutral,22.08,2.81,18854700.0,0.16,Sina/Tencent 2026-07-31 valuation snapshot; growth/profit/cashflow not expanded,1,144,39,unclassified,False,-0.1972386587771324,3.064613,6|0|6|6|6|0|2|2|-1|144|600025,暴露=evidence_gap；基本面=strong；估值=strong；容量=neutral；映射来源=cninfo_industry,CLX-STOCK-RANKING;LOCAL-SINA-BOARD-20260731;TENCENT-VALUATION-20260731,水电,,cninfo_industry,resolved_theme_unmatched
53,1,603303,得邦照明,照明设备,,照明设备,evidence_gap,good,evidence_gap,evidence_gap,evidence_gap,good,neutral,CLX独立性不足,watch,36.73,2.95,906200.0,1.11,Sina/Tencent 2026-07-31 valuation snapshot; growth/profit/cashflow not expanded,1,487,63,unclassified,False,4.223806911684025,1.018127,6|1|6|6|6|1|2|3|-1|487|603303,暴露=evidence_gap；基本面=good；估值=good；容量=watch；映射来源=cninfo_industry,CLX-STOCK-RANKING;LOCAL-SINA-BOARD-20260731;TENCENT-VALUATION-20260731,照明设备,,cninfo_industry,resolved_theme_unmatched
54,1,301203,国泰环保,环保工程及服务,,环保工程及服务,evidence_gap,good,evidence_gap,evidence_gap,evidence_gap,strong,watch,长期趋势未修复;CLX独立性不足,watch,23.26,1.76,246300.0,1.34,Sina/Tencent 2026-07-31 valuation snapshot; growth/profit/cashflow not expanded,1,365,272,technical-reversal-only,False,2.224435590969453,0.182408,6|1|6|6|6|0|3|3|-1|365|301203,暴露=evidence_gap；基本面=good；估值=strong；容量=watch；映射来源=cninfo_industry,CLX-STOCK-RANKING;LOCAL-SINA-BOARD-20260731;TENCENT-VALUATION-20260731,环保工程及服务,,cninfo_industry,resolved_theme_unmatched
54,2,688485,九州一轨,环保工程及服务,,环保工程及服务,evidence_gap,weak,evidence_gap,evidence_gap,evidence_gap,weak,watch,亏损PE;CLX独立性不足,watch,-599.79,6.13,766500.0,3.68,Sina/Tencent 2026-07-31 valuation snapshot; growth/profit/cashflow not expanded,1,580,86,unclassified,False,4.081632653061229,2.980666,6|4|6|6|6|4|3|3|-1|580|688485,暴露=evidence_gap；基本面=weak；估值=weak；容量=watch；映射来源=cninfo_industry,CLX-STOCK-RANKING;LOCAL-SINA-BOARD-20260731;TENCENT-VALUATION-20260731,环保工程及服务,,cninfo_industry,resolved_theme_unmatched
55,1,603226,菲林格尔,瓷砖地板,,瓷砖地板,evidence_gap,weak,evidence_gap,evidence_gap,evidence_gap,weak,watch,亏损PE;CLX独立性不足,watch,-204.6,18.79,1599700.0,1.12,Sina/Tencent 2026-07-31 valuation snapshot; growth/profit/cashflow not expanded,1,482,61,unclassified,False,4.67550593161199,1.814087,6|4|6|6|6|4|3|3|-1|482|603226,暴露=evidence_gap；基本面=weak；估值=weak；容量=watch；映射来源=cninfo_industry,CLX-STOCK-RANKING;LOCAL-SINA-BOARD-20260731;TENCENT-VALUATION-20260731,瓷砖地板,,cninfo_industry,resolved_theme_unmatched
56,1,688163,赛伦生物,生物制品,,生物制品,evidence_gap,neutral,evidence_gap,evidence_gap,evidence_gap,neutral,neutral,CLX独立性不足,watch,64.18,2.87,311900.0,2.17,Sina/Tencent 2026-07-31 valuation snapshot; growth/profit/cashflow not expanded,1,544,75,unclassified,False,11.446249033255995,0.670362,6|2|6|6|6|2|2|3|-1|544|688163,暴露=evidence_gap；基本面=neutral；估值=neutral；容量=watch；映射来源=cninfo_industry,CLX-STOCK-RANKING;LOCAL-SINA-BOARD-20260731;TENCENT-VALUATION-20260731,生物制品,,cninfo_industry,resolved_theme_unmatched
57,1,001239,永达股份,电力/公用事业,,电力/公用事业,evidence_gap,neutral,evidence_gap,evidence_gap,evidence_gap,neutral,watch,长期趋势未修复;CLX独立性不足,watch,83.79,1.97,266900.0,3.3,Sina/Tencent 2026-07-31 valuation snapshot; growth/profit/cashflow not expanded,1,217,134,technical-reversal-only,False,2.299908003679852,0.415767,6|2|6|6|6|2|3|3|-1|217|001239,暴露=evidence_gap；基本面=neutral；估值=neutral；容量=watch；映射来源=ths_business_keyword,CLX-STOCK-RANKING;LOCAL-SINA-BOARD-20260731;TENCENT-VALUATION-20260731,电力/公用事业,,ths_business_keyword,resolved_theme_unmatched
57,2,301638,南网数字,电力/公用事业,,电力/公用事业,evidence_gap,neutral,evidence_gap,evidence_gap,evidence_gap,watch,neutral,CLX独立性不足,neutral,104.913,6.838,7672496.00499,7.5553,Sina/Tencent 2026-07-31 valuation snapshot; growth/profit/cashflow not expanded,1,393,93,unclassified,False,4.368512110726641,4.552728,6|2|6|6|6|3|2|2|-1|393|301638,暴露=evidence_gap；基本面=neutral；估值=watch；容量=neutral；映射来源=ths_business_keyword,CLX-STOCK-RANKING;LOCAL-SINA-BOARD-20260731;TENCENT-VALUATION-20260731,电力/公用事业,,ths_business_keyword,resolved_theme_unmatched
58,1,600901,江苏金租,租赁,,租赁,evidence_gap,strong,evidence_gap,evidence_gap,evidence_gap,strong,neutral,CLX独立性不足,watch,11.51,1.52,3787900.0,0.79,Sina/Tencent 2026-07-31 valuation snapshot; growth/profit/cashflow not expanded,1,153,52,unclassified,False,-0.1526717557251866,2.921969,6|0|6|6|6|0|2|3|-1|153|600901,暴露=evidence_gap；基本面=strong；估值=strong；容量=watch；映射来源=cninfo_industry,CLX-STOCK-RANKING;LOCAL-SINA-BOARD-20260731;TENCENT-VALUATION-20260731,租赁,,cninfo_industry,resolved_theme_unmatched
59,1,600851,海欣股份,纺织行业,参股金融;创新药;含B股;金融参股;金融改革;抗癌;免疫治疗;上海本地;生物疫苗,纺织行业,neutral,good,evidence_gap,evidence_gap,evidence_gap,strong,neutral,CLX独立性不足,watch,53.978,2.09,949953.616604,1.40069,Sina/Tencent 2026-07-31 valuation snapshot; growth/profit/cashflow not expanded,1,436,51,unclassified,False,2.875816993464042,0.806792,2|1|6|6|6|0|2|3|-1|436|600851,暴露=neutral；基本面=good；估值=strong；容量=watch；映射来源=sina_industry,CLX-STOCK-RANKING;LOCAL-SINA-BOARD-20260731;TENCENT-VALUATION-20260731,,,sina_industry,resolved_theme_unmatched
59,2,000955,欣龙控股,纺织行业,创新药;国防军工;海南自贸;军民融合,纺织行业,neutral,neutral,evidence_gap,evidence_gap,evidence_gap,neutral,watch,长期趋势未修复;CLX独立性不足,watch,2992.308,3.232,209435.655,2.05328,Sina/Tencent 2026-07-31 valuation snapshot; growth/profit/cashflow not expanded,1,104,129,technical-reversal-only,False,2.638522427440626,0.429474,2|2|6|6|6|2|3|3|-1|104|000955,暴露=neutral；基本面=neutral；估值=neutral；容量=watch；映射来源=sina_industry,CLX-STOCK-RANKING;LOCAL-SINA-BOARD-20260731;TENCENT-VALUATION-20260731,,,sina_industry,resolved_theme_unmatched
60,1,605287,德才股份,装修装饰,,装修装饰,evidence_gap,neutral,evidence_gap,evidence_gap,evidence_gap,neutral,neutral,CLX独立性不足,watch,81.08,3.09,486100.0,2.58,Sina/Tencent 2026-07-31 valuation snapshot; growth/profit/cashflow not expanded,1,527,72,unclassified,False,10.012674271229404,1.228936,6|2|6|6|6|2|2|3|-1|527|605287,暴露=evidence_gap；基本面=neutral；估值=neutral；容量=watch；映射来源=cninfo_industry,CLX-STOCK-RANKING;LOCAL-SINA-BOARD-20260731;TENCENT-VALUATION-20260731,装修装饰,,cninfo_industry,resolved_theme_unmatched
61,1,603031,安孚科技,超市,,超市,evidence_gap,good,evidence_gap,evidence_gap,evidence_gap,good,neutral,CLX独立性不足,neutral,48.56,4.97,1400800.0000000002,6.01,Sina/Tencent 2026-07-31 valuation snapshot; growth/profit/cashflow not expanded,1,161,59,unclassified,False,10.011743981209609,7.050816,6|1|6|6|6|1|2|2|-1|161|603031,暴露=evidence_gap；基本面=good；估值=good；容量=neutral；映射来源=cninfo_industry,CLX-STOCK-RANKING;LOCAL-SINA-BOARD-20260731;TENCENT-VALUATION-20260731,超市,,cninfo_industry,resolved_theme_unmatched
62,1,603067,振华股份,钒电池,电解液;钒电池,,neutral,good,evidence_gap,evidence_gap,evidence_gap,neutral,neutral,CLX独立性不足,neutral,33.484,6.108,2352706.108056,2.79571,Sina/Tencent 2026-07-31 valuation snapshot; growth/profit/cashflow not expanded,1,162,60,unclassified,False,9.996467679265276,6.521907,2|1|6|6|6|2|2|2|-1|162|603067,暴露=neutral；基本面=good；估值=neutral；容量=neutral；映射来源=sina_concept,CLX-STOCK-RANKING;LOCAL-SINA-BOARD-20260731;TENCENT-VALUATION-20260731,,,sina_concept,resolved_theme_unmatched
63,1,688456,有研粉材,铜,,铜,evidence_gap,neutral,evidence_gap,evidence_gap,evidence_gap,neutral,neutral,CLX独立性不足,neutral,76.18,5.42,684800.0,6.62,Sina/Tencent 2026-07-31 valuation snapshot; growth/profit/cashflow not expanded,1,577,83,unclassified,False,3.5260930888575404,4.766237,6|2|6|6|6|2|2|2|-1|577|688456,暴露=evidence_gap；基本面=neutral；估值=neutral；容量=neutral；映射来源=cninfo_industry,CLX-STOCK-RANKING;LOCAL-SINA-BOARD-20260731;TENCENT-VALUATION-20260731,铜,,cninfo_industry,resolved_theme_unmatched
64,1,603608,天创时尚,鞋帽,,鞋帽,evidence_gap,watch,evidence_gap,evidence_gap,evidence_gap,watch,neutral,CLX独立性不足,neutral,253.22,6.59,721300.0,5.13,Sina/Tencent 2026-07-31 valuation snapshot; growth/profit/cashflow not expanded,1,499,66,unclassified,False,9.98055735580039,3.636119,6|3|6|6|6|3|2|2|-1|499|603608,暴露=evidence_gap；基本面=watch；估值=watch；容量=neutral；映射来源=cninfo_industry,CLX-STOCK-RANKING;LOCAL-SINA-BOARD-20260731;TENCENT-VALUATION-20260731,鞋帽,,cninfo_industry,resolved_theme_unmatched
64,2,603958,哈森股份,鞋帽,,鞋帽,evidence_gap,weak,evidence_gap,evidence_gap,evidence_gap,weak,watch,亏损PE;长期趋势未修复;CLX独立性不足,watch,-76.0,4.52,294400.0,2.94,Sina/Tencent 2026-07-31 valuation snapshot; growth/profit/cashflow not expanded,1,520,388,technical-reversal-only,False,4.843749999999991,0.872141,6|4|6|6|6|4|3|3|-1|520|603958,暴露=evidence_gap；基本面=weak；估值=weak；容量=watch；映射来源=cninfo_industry,CLX-STOCK-RANKING;LOCAL-SINA-BOARD-20260731;TENCENT-VALUATION-20260731,鞋帽,,cninfo_industry,resolved_theme_unmatched
65,1,600873,梅花生物,食品行业,参股金融,食品行业,neutral,strong,evidence_gap,evidence_gap,evidence_gap,strong,watch,长期趋势未修复;CLX独立性不足,neutral,6.949,1.389,2279848.46145,1.48332,Sina/Tencent 2026-07-31 valuation snapshot; growth/profit/cashflow not expanded,1,438,330,technical-reversal-only,False,0.4944375772558906,3.3309089999999992,2|0|6|6|6|0|3|2|-1|438|600873,暴露=neutral；基本面=strong；估值=strong；容量=neutral；映射来源=sina_industry,CLX-STOCK-RANKING;LOCAL-SINA-BOARD-20260731;TENCENT-VALUATION-20260731,,,sina_industry,resolved_theme_unmatched
65,2,000848,承德露露,食品行业,京津冀,食品行业,neutral,good,evidence_gap,evidence_gap,evidence_gap,strong,neutral,CLX独立性不足,watch,15.0,2.474,918000.0666,2.69313,Sina/Tencent 2026-07-31 valuation snapshot; growth/profit/cashflow not expanded,1,209,7,unclassified,False,-1.098901098901095,2.466323,2|1|6|6|6|0|2|3|-1|209|000848,暴露=neutral；基本面=good；估值=strong；容量=watch；映射来源=sina_industry,CLX-STOCK-RANKING;LOCAL-SINA-BOARD-20260731;TENCENT-VALUATION-20260731,,,sina_industry,resolved_theme_unmatched
65,3,600866,星湖科技,食品行业,金融参股,食品行业,neutral,good,evidence_gap,evidence_gap,evidence_gap,strong,watch,长期趋势未修复;CLX独立性不足,watch,7.756,0.929,759292.985512,1.77985,Sina/Tencent 2026-07-31 valuation snapshot; growth/profit/cashflow not expanded,1,152,329,technical-reversal-only,False,-0.2183406113537067,1.015487,2|1|6|6|6|0|3|3|-1|152|600866,暴露=neutral；基本面=good；估值=strong；容量=watch；映射来源=sina_industry,CLX-STOCK-RANKING;LOCAL-SINA-BOARD-20260731;TENCENT-VALUATION-20260731,,,sina_industry,resolved_theme_unmatched
65,4,603020,爱普股份,食品行业,,食品行业,neutral,good,evidence_gap,evidence_gap,evidence_gap,strong,watch,长期趋势未修复;CLX独立性不足,watch,40.191,1.052,348591.854272,2.12671,Sina/Tencent 2026-07-31 valuation snapshot; growth/profit/cashflow not expanded,1,471,351,technical-reversal-only,False,2.541436464088376,0.743653,2|1|6|6|6|0|3|3|-1|471|603020,暴露=neutral；基本面=good；估值=strong；容量=watch；映射来源=sina_industry,CLX-STOCK-RANKING;LOCAL-SINA-BOARD-20260731;TENCENT-VALUATION-20260731,,,sina_industry,resolved_theme_unmatched
66,1,300496,中科创达,华为鸿蒙,鸿蒙概念;华为概念;华为鸿蒙;华为海思;华为汽车;汽车电子,,neutral,good,evidence_gap,evidence_gap,evidence_gap,neutral,watch,长期趋势未修复;CLX独立性不足,good,61.663,2.678,2787847.572052,6.65096,Sina/Tencent 2026-07-31 valuation snapshot; growth/profit/cashflow not expanded,1,316,227,technical-reversal-only,False,6.471521777464284,14.841513,2|1|6|6|6|2|3|1|-1|316|300496,暴露=neutral；基本面=good；估值=neutral；容量=good；映射来源=sina_concept,CLX-STOCK-RANKING;LOCAL-SINA-BOARD-20260731;TENCENT-VALUATION-20260731,,,sina_concept,resolved_theme_unmatched
66,2,300663,科蓝软件,华为鸿蒙,鸿蒙概念;华为鸿蒙,,neutral,weak,evidence_gap,evidence_gap,evidence_gap,weak,watch,亏损PE;长期趋势未修复;CLX独立性不足,good,-12.865,15.855,508116.348972,26.74764,Sina/Tencent 2026-07-31 valuation snapshot; growth/profit/cashflow not expanded,1,330,240,technical-reversal-only,False,13.948497854077235,12.458509,2|4|6|6|6|4|3|1|-1|330|300663,暴露=neutral；基本面=weak；估值=weak；容量=good；映射来源=sina_concept,CLX-STOCK-RANKING;LOCAL-SINA-BOARD-20260731;TENCENT-VALUATION-20260731,,,sina_concept,resolved_theme_unmatched
66,3,300766,每日互动,华为鸿蒙,华为鸿蒙,,neutral,weak,evidence_gap,evidence_gap,evidence_gap,weak,watch,亏损PE;长期趋势未修复;CLX独立性不足,good,-262.667,5.959,933188.425548,20.48064,Sina/Tencent 2026-07-31 valuation snapshot; growth/profit/cashflow not expanded,1,339,249,technical-reversal-only,False,17.087667161961374,16.694255,2|4|6|6|6|4|3|1|-1|339|300766,暴露=neutral；基本面=weak；估值=weak；容量=good；映射来源=sina_concept,CLX-STOCK-RANKING;LOCAL-SINA-BOARD-20260731;TENCENT-VALUATION-20260731,,,sina_concept,resolved_theme_unmatched
67,1,600848,上海临港,仪器仪表,低碳经济;含B股;核电核能;上海本地;重组概念,仪器仪表,neutral,strong,evidence_gap,evidence_gap,evidence_gap,strong,watch,长期趋势未修复;CLX独立性不足,watch,23.579,1.347,2260148.355584,1.05772,Sina/Tencent 2026-07-31 valuation snapshot; growth/profit/cashflow not expanded,1,435,328,technical-reversal-only,False,2.752293577981657,2.224516,2|0|6|6|6|0|3|3|-1|435|600848,暴露=neutral；基本面=strong；估值=strong；容量=watch；映射来源=sina_industry,CLX-STOCK-RANKING;LOCAL-SINA-BOARD-20260731;TENCENT-VALUATION-20260731,,,sina_industry,resolved_theme_unmatched
67,2,300354,东华测试,仪器仪表,本月解禁;国防军工;军工航天;军民融合,仪器仪表,neutral,good,evidence_gap,evidence_gap,evidence_gap,strong,watch,长期趋势未修复;CLX独立性不足,watch,28.98,4.48,396840.656669,2.8741,Sina/Tencent 2026-07-31 valuation snapshot; growth/profit/cashflow not expanded,1,308,218,technical-reversal-only,False,3.723788864786704,0.688589,2|1|6|6|6|0|3|3|-1|308|300354,暴露=neutral；基本面=good；估值=strong；容量=watch；映射来源=sina_industry,CLX-STOCK-RANKING;LOCAL-SINA-BOARD-20260731;TENCENT-VALUATION-20260731,,,sina_industry,resolved_theme_unmatched
67,3,002338,奥普光电,仪器仪表,朝鲜改革;国防军工;军工航天,仪器仪表,neutral,watch,evidence_gap,evidence_gap,evidence_gap,watch,watch,长期趋势未修复;CLX独立性不足,neutral,117.529,6.635,959040.0,4.59444,Sina/Tencent 2026-07-31 valuation snapshot; growth/profit/cashflow not expanded,1,237,148,technical-reversal-only,False,0.2006018054162339,4.463309,2|3|6|6|6|3|3|2|-1|237|002338,暴露=neutral；基本面=watch；估值=watch；容量=neutral；映射来源=sina_industry,CLX-STOCK-RANKING;LOCAL-SINA-BOARD-20260731;TENCENT-VALUATION-20260731,,,sina_industry,resolved_theme_unmatched
67,4,002197,证通电子,仪器仪表,博彩概念;电子支付;华为鸿蒙;绿色照明;业绩预降,仪器仪表,neutral,weak,evidence_gap,evidence_gap,evidence_gap,weak,watch,亏损PE;长期趋势未修复;CLX独立性不足,neutral,-10.839,2.344,412851.887616,14.95484,Sina/Tencent 2026-07-31 valuation snapshot; growth/profit/cashflow not expanded,1,231,144,technical-reversal-only,False,9.983633387888702,5.251794,2|4|6|6|6|4|3|2|-1|231|002197,暴露=neutral；基本面=weak；估值=weak；容量=neutral；映射来源=sina_industry,CLX-STOCK-RANKING;LOCAL-SINA-BOARD-20260731;TENCENT-VALUATION-20260731,,,sina_industry,resolved_theme_unmatched
67,5,688112,鼎阳科技,仪器仪表,,仪器仪表,evidence_gap,good,evidence_gap,evidence_gap,evidence_gap,good,watch,长期趋势未修复;CLX独立性不足,watch,52.01,4.75,729400.0,1.92,Sina/Tencent 2026-07-31 valuation snapshot; growth/profit/cashflow not expanded,1,538,402,technical-reversal-only,False,4.864616796695742,1.449729,6|1|6|6|6|1|3|3|-1|538|688112,暴露=evidence_gap；基本面=good；估值=good；容量=watch；映射来源=cninfo_industry,CLX-STOCK-RANKING;LOCAL-SINA-BOARD-20260731;TENCENT-VALUATION-20260731,仪器仪表,,cninfo_industry,resolved_theme_unmatched
68,1,301379,天山电子,其他电子,,其他电子,evidence_gap,good,evidence_gap,evidence_gap,evidence_gap,good,watch,长期趋势未修复;CLX独立性不足,neutral,42.22,3.72,531400.0,13.62,Sina/Tencent 2026-07-31 valuation snapshot; growth/profit/cashflow not expanded,1,378,284,technical-reversal-only,False,5.3355335533553205,5.995089,6|1|6|6|6|1|3|2|-1|378|301379,暴露=evidence_gap；基本面=good；估值=good；容量=neutral；映射来源=cninfo_industry,CLX-STOCK-RANKING;LOCAL-SINA-BOARD-20260731;TENCENT-VALUATION-20260731,其他电子,,cninfo_industry,resolved_theme_unmatched
68,2,301566,达利凯普,其他电子,,其他电子,evidence_gap,good,evidence_gap,evidence_gap,evidence_gap,good,watch,长期趋势未修复;CLX独立性不足,neutral,54.46,5.82,880000.0,15.58,Sina/Tencent 2026-07-31 valuation snapshot; growth/profit/cashflow not expanded,1,388,296,technical-reversal-only,False,2.1830004644681766,7.466813,6|1|6|6|6|1|3|2|-1|388|301566,暴露=evidence_gap；基本面=good；估值=good；容量=neutral；映射来源=cninfo_industry,CLX-STOCK-RANKING;LOCAL-SINA-BOARD-20260731;TENCENT-VALUATION-20260731,其他电子,,cninfo_industry,resolved_theme_unmatched
68,3,301413,安培龙,其他电子,,其他电子,evidence_gap,neutral,evidence_gap,evidence_gap,evidence_gap,neutral,watch,长期趋势未修复;CLX独立性不足,watch,98.47,5.83,723400.0,6.52,Sina/Tencent 2026-07-31 valuation snapshot; growth/profit/cashflow not expanded,1,382,288,technical-reversal-only,False,7.611798287345395,2.812587,6|2|6|6|6|2|3|3|-1|382|301413,暴露=evidence_gap；基本面=neutral；估值=neutral；容量=watch；映射来源=cninfo_industry,CLX-STOCK-RANKING;LOCAL-SINA-BOARD-20260731;TENCENT-VALUATION-20260731,其他电子,,cninfo_industry,resolved_theme_unmatched
69,1,600226,亨通股份,农药化肥,参股金融;草甘膦;出口退税;核电核能,农药化肥,neutral,neutral,evidence_gap,evidence_gap,evidence_gap,neutral,watch,长期趋势未修复;CLX独立性不足,neutral,71.429,4.013,1487190.612,5.33084,Sina/Tencent 2026-07-31 valuation snapshot; growth/profit/cashflow not expanded,1,402,307,technical-reversal-only,False,2.4590163934426146,8.19051,2|2|6|6|6|2|3|2|-1|402|600226,暴露=neutral；基本面=neutral；估值=neutral；容量=neutral；映射来源=sina_industry,CLX-STOCK-RANKING;LOCAL-SINA-BOARD-20260731;TENCENT-VALUATION-20260731,,,sina_industry,resolved_theme_unmatched
69,2,600596,新安股份,农药化肥,草甘膦;电解液;分拆上市;光伏;金融参股;金融改革;涉矿概念,农药化肥,neutral,neutral,evidence_gap,evidence_gap,evidence_gap,neutral,watch,长期趋势未修复;CLX独立性不足,neutral,94.945,1.111,1394133.751617,3.4931,Sina/Tencent 2026-07-31 valuation snapshot; growth/profit/cashflow not expanded,1,425,319,technical-reversal-only,False,0.2912621359223211,4.905,2|2|6|6|6|2|3|2|-1|425|600596,暴露=neutral；基本面=neutral；估值=neutral；容量=neutral；映射来源=sina_industry,CLX-STOCK-RANKING;LOCAL-SINA-BOARD-20260731;TENCENT-VALUATION-20260731,,,sina_industry,resolved_theme_unmatched
69,3,002470,金正大,农药化肥,本月解禁;黄河三角;三板精选;涉矿概念;生态农业,农药化肥,neutral,neutral,evidence_gap,evidence_gap,evidence_gap,neutral,watch,长期趋势未修复;CLX独立性不足,watch,180.0,2.913,621059.243238,1.62601,Sina/Tencent 2026-07-31 valuation snapshot; growth/profit/cashflow not expanded,1,244,157,technical-reversal-only,False,1.0695187165775222,1.008889,2|2|6|6|6|2|3|3|-1|244|002470,暴露=neutral；基本面=neutral；估值=neutral；容量=watch；映射来源=sina_industry,CLX-STOCK-RANKING;LOCAL-SINA-BOARD-20260731;TENCENT-VALUATION-20260731,,,sina_industry,resolved_theme_unmatched
70,1,688136,科兴制药,创新药,创新药,,neutral,good,evidence_gap,evidence_gap,evidence_gap,strong,watch,长期趋势未修复;CLX独立性不足,watch,22.38,2.067,357109.48,1.88755,Sina/Tencent 2026-07-31 valuation snapshot; growth/profit/cashflow not expanded,1,83,405,technical-reversal-only,False,3.6342321219226426,0.67261,2|1|6|6|6|0|3|3|-1|83|688136,暴露=neutral；基本面=good；估值=strong；容量=watch；映射来源=sina_concept,CLX-STOCK-RANKING;LOCAL-SINA-BOARD-20260731;TENCENT-VALUATION-20260731,,,sina_concept,resolved_theme_unmatched
70,2,688566,吉贝尔,创新药,创新药,,neutral,good,evidence_gap,evidence_gap,evidence_gap,strong,watch,长期趋势未修复;CLX独立性不足,watch,18.588,1.973,489682.456875,0.91895,Sina/Tencent 2026-07-31 valuation snapshot; growth/profit/cashflow not expanded,1,186,443,technical-reversal-only,False,2.4400504838031134,0.447826,2|1|6|6|6|0|3|3|-1|186|688566,暴露=neutral；基本面=good；估值=strong；容量=watch；映射来源=sina_concept,CLX-STOCK-RANKING;LOCAL-SINA-BOARD-20260731;TENCENT-VALUATION-20260731,,,sina_concept,resolved_theme_unmatched
70,3,688185,康希诺,创新药,创新药,,neutral,neutral,evidence_gap,evidence_gap,evidence_gap,neutral,watch,长期趋势未修复;CLX独立性不足,watch,456.273,2.517,1239912.837219,1.44777,Sina/Tencent 2026-07-31 valuation snapshot; growth/profit/cashflow not expanded,1,180,412,technical-reversal-only,False,1.4349232012934587,0.82927,2|2|6|6|6|2|3|3|-1|180|688185,暴露=neutral；基本面=neutral；估值=neutral；容量=watch；映射来源=sina_concept,CLX-STOCK-RANKING;LOCAL-SINA-BOARD-20260731;TENCENT-VALUATION-20260731,,,sina_concept,resolved_theme_unmatched
70,4,300584,海辰药业,创新药,创新药,,neutral,neutral,evidence_gap,evidence_gap,evidence_gap,neutral,watch,长期趋势未修复;CLX独立性不足,watch,90.271,3.546,379680.0,4.56847,Sina/Tencent 2026-07-31 valuation snapshot; growth/profit/cashflow not expanded,1,321,232,technical-reversal-only,False,1.4102564102564052,1.189187,2|2|6|6|6|2|3|3|-1|321|300584,暴露=neutral；基本面=neutral；估值=neutral；容量=watch；映射来源=sina_concept,CLX-STOCK-RANKING;LOCAL-SINA-BOARD-20260731;TENCENT-VALUATION-20260731,,,sina_concept,resolved_theme_unmatched
70,5,688198,佰仁医疗,创新药,创新药,,neutral,neutral,evidence_gap,evidence_gap,evidence_gap,neutral,watch,长期趋势未修复;CLX独立性不足,watch,58.27,8.269,1131738.660728,0.3908,Sina/Tencent 2026-07-31 valuation snapshot; growth/profit/cashflow not expanded,1,549,413,technical-reversal-only,False,1.244608749229803,0.43957299999999994,2|2|6|6|6|2|3|3|-1|549|688198,暴露=neutral；基本面=neutral；估值=neutral；容量=watch；映射来源=sina_concept,CLX-STOCK-RANKING;LOCAL-SINA-BOARD-20260731;TENCENT-VALUATION-20260731,,,sina_concept,resolved_theme_unmatched
70,6,688180,君实生物,创新药,创新药,,neutral,watch,evidence_gap,evidence_gap,evidence_gap,weak,watch,亏损PE;长期趋势未修复;CLX独立性不足,neutral,-41.966,6.358,3748444.719021,1.68242,Sina/Tencent 2026-07-31 valuation snapshot; growth/profit/cashflow not expanded,1,548,411,technical-reversal-only,False,2.1544487968662374,4.694434,2|3|6|6|6|4|3|2|-1|548|688180,暴露=neutral；基本面=watch；估值=weak；容量=neutral；映射来源=sina_concept,CLX-STOCK-RANKING;LOCAL-SINA-BOARD-20260731;TENCENT-VALUATION-20260731,,,sina_concept,resolved_theme_unmatched
70,7,688505,复旦张江,创新药,创新药,,neutral,weak,evidence_gap,evidence_gap,evidence_gap,weak,watch,亏损PE;长期趋势未修复;CLX独立性不足,watch,-48.533,3.553,754624.4888,0.71862,Sina/Tencent 2026-07-31 valuation snapshot; growth/profit/cashflow not expanded,1,182,440,technical-reversal-only,False,1.9607843137255048,0.371061,2|4|6|6|6|4|3|3|-1|182|688505,暴露=neutral；基本面=weak；估值=weak；容量=watch；映射来源=sina_concept,CLX-STOCK-RANKING;LOCAL-SINA-BOARD-20260731;TENCENT-VALUATION-20260731,,,sina_concept,resolved_theme_unmatched
70,8,688520,神州细胞,创新药,创新药,,neutral,weak,evidence_gap,evidence_gap,evidence_gap,weak,watch,亏损PE;长期趋势未修复;CLX独立性不足,watch,-25.644,224.768,1592086.39189,0.40448,Sina/Tencent 2026-07-31 valuation snapshot; growth/profit/cashflow not expanded,1,183,441,technical-reversal-only,False,2.1116138763197734,0.609542,2|4|6|6|6|4|3|3|-1|183|688520,暴露=neutral；基本面=weak；估值=weak；容量=watch；映射来源=sina_concept,CLX-STOCK-RANKING;LOCAL-SINA-BOARD-20260731;TENCENT-VALUATION-20260731,,,sina_concept,resolved_theme_unmatched
70,9,688658,悦康药业,创新药,创新药,,neutral,weak,evidence_gap,evidence_gap,evidence_gap,weak,watch,亏损PE;长期趋势未修复;CLX独立性不足,watch,-20.814,1.684,552600.0,2.37497,Sina/Tencent 2026-07-31 valuation snapshot; growth/profit/cashflow not expanded,1,187,450,technical-reversal-only,False,2.1630615640598982,1.316492,2|4|6|6|6|4|3|3|-1|187|688658,暴露=neutral；基本面=weak；估值=weak；容量=watch；映射来源=sina_concept,CLX-STOCK-RANKING;LOCAL-SINA-BOARD-20260731;TENCENT-VALUATION-20260731,,,sina_concept,resolved_theme_unmatched
70,10,688177,百奥泰,创新药,创新药,,neutral,weak,evidence_gap,evidence_gap,evidence_gap,weak,watch,亏损PE;长期趋势未修复;CLX独立性不足,watch,-21.388,31.609,708490.88,0.69021,Sina/Tencent 2026-07-31 valuation snapshot; growth/profit/cashflow not expanded,1,547,410,technical-reversal-only,False,0.1756440281030613,0.493959,2|4|6|6|6|4|3|3|-1|547|688177,暴露=neutral；基本面=weak；估值=weak；容量=watch；映射来源=sina_concept,CLX-STOCK-RANKING;LOCAL-SINA-BOARD-20260731;TENCENT-VALUATION-20260731,,,sina_concept,resolved_theme_unmatched
71,1,300031,宝通科技,化工行业,股权激励,化工行业,neutral,good,evidence_gap,evidence_gap,evidence_gap,strong,watch,长期趋势未修复;CLX独立性不足,neutral,39.011,1.98,809437.361435,7.13128,Sina/Tencent 2026-07-31 valuation snapshot; growth/profit/cashflow not expanded,1,284,194,technical-reversal-only,False,3.4796573875802927,4.895953,2|1|6|6|6|0|3|2|-1|284|300031,暴露=neutral；基本面=good；估值=strong；容量=neutral；映射来源=sina_industry,CLX-STOCK-RANKING;LOCAL-SINA-BOARD-20260731;TENCENT-VALUATION-20260731,,,sina_industry,resolved_theme_unmatched
71,2,002632,道明光学,化工行业,充电桩;锂电池;业绩预降,化工行业,neutral,good,evidence_gap,evidence_gap,evidence_gap,strong,watch,长期趋势未修复;CLX独立性不足,watch,22.686,2.227,495931.67746,3.05014,Sina/Tencent 2026-07-31 valuation snapshot; growth/profit/cashflow not expanded,1,257,169,technical-reversal-only,False,1.7948717948718107,1.39392,2|1|6|6|6|0|3|3|-1|257|002632,暴露=neutral；基本面=good；估值=strong；容量=watch；映射来源=sina_industry,CLX-STOCK-RANKING;LOCAL-SINA-BOARD-20260731;TENCENT-VALUATION-20260731,,,sina_industry,resolved_theme_unmatched
71,3,300446,航天智造,化工行业,雄安新区,化工行业,neutral,good,evidence_gap,evidence_gap,evidence_gap,strong,watch,长期趋势未修复;CLX独立性不足,watch,13.059,1.902,1150603.161071,2.17987,Sina/Tencent 2026-07-31 valuation snapshot; growth/profit/cashflow not expanded,1,313,225,technical-reversal-only,False,1.5671641791044744,1.117017,2|1|6|6|6|0|3|3|-1|313|300446,暴露=neutral；基本面=good；估值=strong；容量=watch；映射来源=sina_industry,CLX-STOCK-RANKING;LOCAL-SINA-BOARD-20260731;TENCENT-VALUATION-20260731,,,sina_industry,resolved_theme_unmatched
71,4,002476,新叶股份,化工行业,本月解禁;光伏;黄河三角;页岩气,化工行业,neutral,neutral,evidence_gap,evidence_gap,evidence_gap,neutral,watch,长期趋势未修复;CLX独立性不足,watch,85.156,2.769,266832.0,1.28181,Sina/Tencent 2026-07-31 valuation snapshot; growth/profit/cashflow not expanded,1,245,159,technical-reversal-only,False,2.1077283372365585,0.341143,2|2|6|6|6|2|3|3|-1|245|002476,暴露=neutral；基本面=neutral；估值=neutral；容量=watch；映射来源=sina_industry,CLX-STOCK-RANKING;LOCAL-SINA-BOARD-20260731;TENCENT-VALUATION-20260731,,,sina_industry,resolved_theme_unmatched
71,5,000985,大庆华科,化工行业,,化工行业,neutral,watch,evidence_gap,evidence_gap,evidence_gap,neutral,watch,长期趋势未修复;CLX独立性不足,watch,251.134,3.049,186551.2405,1.1083,Sina/Tencent 2026-07-31 valuation snapshot; growth/profit/cashflow not expanded,1,214,131,technical-reversal-only,False,1.768033946251757,0.205187,2|3|6|6|6|2|3|3|-1|214|000985,暴露=neutral；基本面=watch；估值=neutral；容量=watch；映射来源=sina_industry,CLX-STOCK-RANKING;LOCAL-SINA-BOARD-20260731;TENCENT-VALUATION-20260731,,,sina_industry,resolved_theme_unmatched
71,6,603077,和邦生物,化工行业,参股金融;草甘膦;成渝特区;光伏;锂电池;碳纤维;业绩预降,化工行业,neutral,watch,evidence_gap,evidence_gap,evidence_gap,weak,watch,亏损PE;长期趋势未修复;CLX独立性不足,neutral,-35.268,1.18,2093113.546536,1.61936,Sina/Tencent 2026-07-31 valuation snapshot; growth/profit/cashflow not expanded,1,476,356,technical-reversal-only,False,0.8510638297872353,3.3863730000000007,2|3|6|6|6|4|3|2|-1|476|603077,暴露=neutral；基本面=watch；估值=weak；容量=neutral；映射来源=sina_industry,CLX-STOCK-RANKING;LOCAL-SINA-BOARD-20260731;TENCENT-VALUATION-20260731,,,sina_industry,resolved_theme_unmatched
71,7,601118,海南橡胶,化工行业,国防军工;海南自贸;军工航天;三沙概念;土地流转;碳中和;乡村振兴,化工行业,neutral,watch,evidence_gap,evidence_gap,evidence_gap,weak,watch,亏损PE;长期趋势未修复;CLX独立性不足,watch,-206.224,2.223,2126875.615109,1.00512,Sina/Tencent 2026-07-31 valuation snapshot; growth/profit/cashflow not expanded,1,157,336,technical-reversal-only,False,1.8442622950819665,2.12898,2|3|6|6|6|4|3|3|-1|157|601118,暴露=neutral；基本面=watch；估值=weak；容量=watch；映射来源=sina_industry,CLX-STOCK-RANKING;LOCAL-SINA-BOARD-20260731;TENCENT-VALUATION-20260731,,,sina_industry,resolved_theme_unmatched
71,8,000818,航锦科技,化工行业,参股金融;国防军工;股权激励;聚氨酯;振兴沈阳,化工行业,neutral,weak,evidence_gap,evidence_gap,evidence_gap,weak,watch,亏损PE;长期趋势未修复;CLX独立性不足,neutral,-54.522,3.787,827640.048906,4.06256,Sina/Tencent 2026-07-31 valuation snapshot; growth/profit/cashflow not expanded,1,103,125,technical-reversal-only,False,4.0663900414937615,3.360678,2|4|6|6|6|4|3|2|-1|103|000818,暴露=neutral；基本面=weak；估值=weak；容量=neutral；映射来源=sina_industry,CLX-STOCK-RANKING;LOCAL-SINA-BOARD-20260731;TENCENT-VALUATION-20260731,,,sina_industry,resolved_theme_unmatched
71,9,002037,保利联合,化工行业,,化工行业,neutral,weak,evidence_gap,evidence_gap,evidence_gap,weak,watch,亏损PE;长期趋势未修复;CLX独立性不足,watch,-3.732,3.086,316943.73573,2.63695,Sina/Tencent 2026-07-31 valuation snapshot; growth/profit/cashflow not expanded,1,227,142,technical-reversal-only,False,0.3062787136294043,0.831234,2|4|6|6|6|4|3|3|-1|227|002037,暴露=neutral；基本面=weak；估值=weak；容量=watch；映射来源=sina_industry,CLX-STOCK-RANKING;LOCAL-SINA-BOARD-20260731;TENCENT-VALUATION-20260731,,,sina_industry,resolved_theme_unmatched
71,10,300072,海新能科,化工行业,节能环保;空气治理,化工行业,neutral,weak,evidence_gap,evidence_gap,evidence_gap,weak,watch,亏损PE;长期趋势未修复;CLX独立性不足,watch,-14.35,1.568,820052.385398,0.85742,Sina/Tencent 2026-07-31 valuation snapshot; growth/profit/cashflow not expanded,1,286,197,technical-reversal-only,False,1.7492711370262315,0.694512,2|4|6|6|6|4|3|3|-1|286|300072,暴露=neutral；基本面=weak；估值=weak；容量=watch；映射来源=sina_industry,CLX-STOCK-RANKING;LOCAL-SINA-BOARD-20260731;TENCENT-VALUATION-20260731,,,sina_industry,resolved_theme_unmatched
71,11,300135,宝利国际,化工行业,油气改革,化工行业,neutral,weak,evidence_gap,evidence_gap,evidence_gap,weak,watch,亏损PE;长期趋势未修复;CLX独立性不足,watch,-30.0,3.449,298598.4,2.08399,Sina/Tencent 2026-07-31 valuation snapshot; growth/profit/cashflow not expanded,1,290,201,technical-reversal-only,False,2.857142857142869,0.615758,2|4|6|6|6|4|3|3|-1|290|300135,暴露=neutral；基本面=weak；估值=weak；容量=watch；映射来源=sina_industry,CLX-STOCK-RANKING;LOCAL-SINA-BOARD-20260731;TENCENT-VALUATION-20260731,,,sina_industry,resolved_theme_unmatched
72,1,002517,恺英网络,服装鞋类,海峡西岸;业绩预降,服装鞋类,neutral,strong,evidence_gap,evidence_gap,evidence_gap,strong,watch,长期趋势未修复;CLX独立性不足,good,19.315,3.547,3672545.919246,6.79212,Sina/Tencent 2026-07-31 valuation snapshot; growth/profit/cashflow not expanded,1,246,160,technical-reversal-only,False,4.181818181818198,21.935369,2|0|6|6|6|0|3|1|-1|246|002517,暴露=neutral；基本面=strong；估值=strong；容量=good；映射来源=sina_industry,CLX-STOCK-RANKING;LOCAL-SINA-BOARD-20260731;TENCENT-VALUATION-20260731,,,sina_industry,resolved_theme_unmatched
73,1,601689,拓普集团,汽车制造,汽车电子;特斯拉,汽车制造,neutral,strong,evidence_gap,evidence_gap,evidence_gap,strong,watch,长期趋势未修复;CLX独立性不足,good,28.975,3.297,8107002.9807,2.39547,Sina/Tencent 2026-07-31 valuation snapshot; growth/profit/cashflow not expanded,1,460,344,technical-reversal-only,False,5.782312925170063,19.341493,2|0|6|6|6|0|3|1|-1|460|601689,暴露=neutral；基本面=strong；估值=strong；容量=good；映射来源=sina_industry,CLX-STOCK-RANKING;LOCAL-SINA-BOARD-20260731;TENCENT-VALUATION-20260731,,,sina_industry,resolved_theme_unmatched
73,2,300100,双林股份,汽车制造,华为汽车,汽车制造,neutral,good,evidence_gap,evidence_gap,evidence_gap,strong,watch,长期趋势未修复;CLX独立性不足,watch,25.067,3.893,1291742.17314,2.06067,Sina/Tencent 2026-07-31 valuation snapshot; growth/profit/cashflow not expanded,1,287,199,technical-reversal-only,False,6.3393708293612905,2.5523330000000004,2|1|6|6|6|0|3|3|-1|287|300100,暴露=neutral；基本面=good；估值=strong；容量=watch；映射来源=sina_industry,CLX-STOCK-RANKING;LOCAL-SINA-BOARD-20260731;TENCENT-VALUATION-20260731,,,sina_industry,resolved_theme_unmatched
73,3,603009,北特科技,汽车制造,,汽车制造,neutral,watch,evidence_gap,evidence_gap,evidence_gap,watch,watch,长期趋势未修复;CLX独立性不足,neutral,111.686,6.586,1354037.786835,3.40207,Sina/Tencent 2026-07-31 valuation snapshot; growth/profit/cashflow not expanded,1,470,350,technical-reversal-only,False,9.98874507597074,4.547024,2|3|6|6|6|3|3|2|-1|470|603009,暴露=neutral；基本面=watch；估值=watch；容量=neutral；映射来源=sina_industry,CLX-STOCK-RANKING;LOCAL-SINA-BOARD-20260731;TENCENT-VALUATION-20260731,,,sina_industry,resolved_theme_unmatched
73,4,002715,登云股份,汽车制造,,汽车制造,neutral,weak,evidence_gap,evidence_gap,evidence_gap,weak,watch,亏损PE;长期趋势未修复;CLX独立性不足,watch,-112.281,3.796,176640.0,2.54659,Sina/Tencent 2026-07-31 valuation snapshot; growth/profit/cashflow not expanded,1,262,171,technical-reversal-only,False,2.400000000000002,0.4451770000000001,2|4|6|6|6|4|3|3|-1|262|002715,暴露=neutral；基本面=weak；估值=weak；容量=watch；映射来源=sina_industry,CLX-STOCK-RANKING;LOCAL-SINA-BOARD-20260731;TENCENT-VALUATION-20260731,,,sina_industry,resolved_theme_unmatched
74,1,600392,盛和资源,重组概念,低碳经济;重组概念,,neutral,good,evidence_gap,evidence_gap,evidence_gap,good,watch,长期趋势未修复;CLX独立性不足,good,43.242,2.819,3628350.9999,4.10703,Sina/Tencent 2026-07-31 valuation snapshot; growth/profit/cashflow not expanded,1,415,313,technical-reversal-only,False,3.0876494023904355,15.018314000000002,2|1|6|6|6|1|3|1|-1|415|600392,暴露=neutral；基本面=good；估值=good；容量=good；映射来源=sina_concept,CLX-STOCK-RANKING;LOCAL-SINA-BOARD-20260731;TENCENT-VALUATION-20260731,,,sina_concept,resolved_theme_unmatched
75,1,600032,浙江新能,风电,风电;光伏,,neutral,good,evidence_gap,evidence_gap,evidence_gap,strong,watch,长期趋势未修复;CLX独立性不足,watch,34.886,1.373,1765031.687816,1.18675,Sina/Tencent 2026-07-31 valuation snapshot; growth/profit/cashflow not expanded,1,396,301,technical-reversal-only,False,1.3812154696132506,2.097022,2|1|6|6|6|0|3|3|-1|396|600032,暴露=neutral；基本面=good；估值=strong；容量=watch；映射来源=sina_concept,CLX-STOCK-RANKING;LOCAL-SINA-BOARD-20260731;TENCENT-VALUATION-20260731,,,sina_concept,resolved_theme_unmatched
75,2,300712,永福股份,风电,风电;光伏,,neutral,neutral,evidence_gap,evidence_gap,evidence_gap,neutral,watch,长期趋势未修复;CLX独立性不足,watch,162.471,3.044,389720.66073,0.73875,Sina/Tencent 2026-07-31 valuation snapshot; growth/profit/cashflow not expanded,1,334,245,technical-reversal-only,False,2.5160335471139605,0.286604,2|2|6|6|6|2|3|3|-1|334|300712,暴露=neutral；基本面=neutral；估值=neutral；容量=watch；映射来源=sina_concept,CLX-STOCK-RANKING;LOCAL-SINA-BOARD-20260731;TENCENT-VALUATION-20260731,,,sina_concept,resolved_theme_unmatched
75,3,603667,五洲新春,风电,风电,,neutral,watch,evidence_gap,evidence_gap,evidence_gap,watch,watch,长期趋势未修复;CLX独立性不足,good,207.4,6.621,1986642.71557,6.53257,Sina/Tencent 2026-07-31 valuation snapshot; growth/profit/cashflow not expanded,1,504,377,technical-reversal-only,False,7.483416252072961,12.427677,2|3|6|6|6|3|3|1|-1|504|603667,暴露=neutral；基本面=watch；估值=watch；容量=good；映射来源=sina_concept,CLX-STOCK-RANKING;LOCAL-SINA-BOARD-20260731;TENCENT-VALUATION-20260731,,,sina_concept,resolved_theme_unmatched
76,1,300683,海特生物,CRO概念,CRO概念;CXO概念;创新药,,neutral,weak,evidence_gap,evidence_gap,evidence_gap,weak,watch,亏损PE;长期趋势未修复;CLX独立性不足,watch,-14.559,1.578,337314.845607,6.32433,Sina/Tencent 2026-07-31 valuation snapshot; growth/profit/cashflow not expanded,1,333,243,technical-reversal-only,False,7.285595337218975,1.9515,2|4|6|6|6|4|3|3|-1|333|300683,暴露=neutral；基本面=weak；估值=weak；容量=watch；映射来源=sina_concept,CLX-STOCK-RANKING;LOCAL-SINA-BOARD-20260731;TENCENT-VALUATION-20260731,,,sina_concept,resolved_theme_unmatched
77,1,688117,圣诺生物,CXO概念,CXO概念,,neutral,good,evidence_gap,evidence_gap,evidence_gap,strong,watch,长期趋势未修复;CLX独立性不足,watch,22.77,4.461,501715.020213,2.71892,Sina/Tencent 2026-07-31 valuation snapshot; growth/profit/cashflow not expanded,1,82,404,technical-reversal-only,False,3.0783159800814808,1.366102,2|1|6|6|6|0|3|3|-1|82|688117,暴露=neutral；基本面=good；估值=strong；容量=watch；映射来源=sina_concept,CLX-STOCK-RANKING;LOCAL-SINA-BOARD-20260731;TENCENT-VALUATION-20260731,,,sina_concept,resolved_theme_unmatched
78,1,300650,太龙股份,LED,,LED,evidence_gap,neutral,evidence_gap,evidence_gap,evidence_gap,neutral,watch,长期趋势未修复;CLX独立性不足,watch,62.09,1.79,255600.0,5.18,Sina/Tencent 2026-07-31 valuation snapshot; growth/profit/cashflow not expanded,1,326,237,technical-reversal-only,False,4.4378698224851965,0.938693,6|2|6|6|6|2|3|3|-1|326|300650,暴露=evidence_gap；基本面=neutral；估值=neutral；容量=watch；映射来源=cninfo_industry,CLX-STOCK-RANKING;LOCAL-SINA-BOARD-20260731;TENCENT-VALUATION-20260731,LED,,cninfo_industry,resolved_theme_unmatched
78,2,300808,久量股份,LED,,LED,evidence_gap,weak,evidence_gap,evidence_gap,evidence_gap,weak,watch,亏损PE;长期趋势未修复;CLX独立性不足,watch,-41.01,2.89,271400.0,1.48,Sina/Tencent 2026-07-31 valuation snapshot; growth/profit/cashflow not expanded,1,340,251,technical-reversal-only,False,2.601330913490618,0.301062,6|4|6|6|6|4|3|3|-1|340|300808,暴露=evidence_gap；基本面=weak；估值=weak；容量=watch；映射来源=cninfo_industry,CLX-STOCK-RANKING;LOCAL-SINA-BOARD-20260731;TENCENT-VALUATION-20260731,LED,,cninfo_industry,resolved_theme_unmatched
79,1,002864,盘龙药业,中药,,中药,evidence_gap,good,evidence_gap,evidence_gap,evidence_gap,strong,watch,长期趋势未修复;CLX独立性不足,watch,32.59,1.7,282800.0,2.58,Sina/Tencent 2026-07-31 valuation snapshot; growth/profit/cashflow not expanded,1,119,179,technical-reversal-only,False,2.172839506172841,0.523187,6|1|6|6|6|0|3|3|-1|119|002864,暴露=evidence_gap；基本面=good；估值=strong；容量=watch；映射来源=cninfo_industry,CLX-STOCK-RANKING;LOCAL-SINA-BOARD-20260731;TENCENT-VALUATION-20260731,中药,,cninfo_industry,resolved_theme_unmatched
80,1,002779,中坚科技,乡村振兴,乡村振兴,,neutral,watch,evidence_gap,evidence_gap,evidence_gap,watch,watch,长期趋势未修复;CLX独立性不足,watch,61.469,11.277,1060752.0,1.8732,Sina/Tencent 2026-07-31 valuation snapshot; growth/profit/cashflow not expanded,1,266,175,technical-reversal-only,False,4.0609137055837685,1.805601,2|3|6|6|6|3|3|3|-1|266|002779,暴露=neutral；基本面=watch；估值=watch；容量=watch；映射来源=sina_concept,CLX-STOCK-RANKING;LOCAL-SINA-BOARD-20260731;TENCENT-VALUATION-20260731,,,sina_concept,resolved_theme_unmatched
81,1,605388,均瑶健康,乳品,,乳品,evidence_gap,weak,evidence_gap,evidence_gap,evidence_gap,weak,watch,亏损PE;长期趋势未修复;CLX独立性不足,neutral,-19.38,2.43,372900.0,10.1,Sina/Tencent 2026-07-31 valuation snapshot; growth/profit/cashflow not expanded,1,529,394,technical-reversal-only,False,1.4705882352941124,3.6396730000000006,6|4|6|6|6|4|3|2|-1|529|605388,暴露=evidence_gap；基本面=weak；估值=weak；容量=neutral；映射来源=cninfo_industry,CLX-STOCK-RANKING;LOCAL-SINA-BOARD-20260731;TENCENT-VALUATION-20260731,乳品,,cninfo_industry,resolved_theme_unmatched
81,2,002910,庄园牧场,乳品,,乳品,evidence_gap,weak,evidence_gap,evidence_gap,evidence_gap,weak,watch,亏损PE;长期趋势未修复;CLX独立性不足,watch,-20.79,1.68,166200.0,9.32,Sina/Tencent 2026-07-31 valuation snapshot; growth/profit/cashflow not expanded,1,274,181,technical-reversal-only,False,4.294478527607359,1.336307,6|4|6|6|6|4|3|3|-1|274|002910,暴露=evidence_gap；基本面=weak；估值=weak；容量=watch；映射来源=cninfo_industry,CLX-STOCK-RANKING;LOCAL-SINA-BOARD-20260731;TENCENT-VALUATION-20260731,乳品,,cninfo_industry,resolved_theme_unmatched
82,1,000089,深圳机场,交通运输,前海概念;深圳本地;整体上市,交通运输,neutral,good,evidence_gap,evidence_gap,evidence_gap,strong,watch,长期趋势未修复;CLX独立性不足,watch,26.435,1.168,1388370.957593,0.73104,Sina/Tencent 2026-07-31 valuation snapshot; growth/profit/cashflow not expanded,1,191,112,technical-reversal-only,False,0.0,1.00875,2|1|6|6|6|0|3|3|-1|191|000089,暴露=neutral；基本面=good；估值=strong；容量=watch；映射来源=sina_industry,CLX-STOCK-RANKING;LOCAL-SINA-BOARD-20260731;TENCENT-VALUATION-20260731,,,sina_industry,resolved_theme_unmatched
82,2,600835,上海机电,交通运输,固废处理;含B股;上海本地;机器人概念;智能机器,交通运输,neutral,good,evidence_gap,evidence_gap,evidence_gap,strong,watch,长期趋势未修复;CLX独立性不足,watch,24.922,1.367,1932998.615655,0.88775,Sina/Tencent 2026-07-31 valuation snapshot; growth/profit/cashflow not expanded,1,433,326,technical-reversal-only,False,1.9118428040361344,1.370038,2|1|6|6|6|0|3|3|-1|433|600835,暴露=neutral；基本面=good；估值=strong；容量=watch；映射来源=sina_industry,CLX-STOCK-RANKING;LOCAL-SINA-BOARD-20260731;TENCENT-VALUATION-20260731,,,sina_industry,resolved_theme_unmatched
83,1,688075,安旭生物,体外诊断,,体外诊断,evidence_gap,neutral,evidence_gap,evidence_gap,evidence_gap,neutral,watch,长期趋势未修复;CLX独立性不足,watch,141.75,0.7,354799.99999999994,0.38,Sina/Tencent 2026-07-31 valuation snapshot; growth/profit/cashflow not expanded,1,533,397,technical-reversal-only,False,1.8978102189781243,0.135431,6|2|6|6|6|2|3|3|-1|533|688075,暴露=evidence_gap；基本面=neutral；估值=neutral；容量=watch；映射来源=cninfo_industry,CLX-STOCK-RANKING;LOCAL-SINA-BOARD-20260731;TENCENT-VALUATION-20260731,体外诊断,,cninfo_industry,resolved_theme_unmatched
83,2,688656,浩欧博,体外诊断,,体外诊断,evidence_gap,watch,evidence_gap,evidence_gap,evidence_gap,watch,watch,长期趋势未修复;CLX独立性不足,watch,235.21,6.28,511300.0,0.66,Sina/Tencent 2026-07-31 valuation snapshot; growth/profit/cashflow not expanded,1,587,449,technical-reversal-only,False,2.560835775258008,0.338564,6|3|6|6|6|3|3|3|-1|587|688656,暴露=evidence_gap；基本面=watch；估值=watch；容量=watch；映射来源=cninfo_industry,CLX-STOCK-RANKING;LOCAL-SINA-BOARD-20260731;TENCENT-VALUATION-20260731,体外诊断,,cninfo_industry,resolved_theme_unmatched
83,3,688298,东方生物,体外诊断,,体外诊断,evidence_gap,weak,evidence_gap,evidence_gap,evidence_gap,weak,watch,亏损PE;长期趋势未修复;CLX独立性不足,watch,-6.9,0.65,380800.0,0.63,Sina/Tencent 2026-07-31 valuation snapshot; growth/profit/cashflow not expanded,1,181,428,technical-reversal-only,False,2.440347071583515,0.238448,6|4|6|6|6|4|3|3|-1|181|688298,暴露=evidence_gap；基本面=weak；估值=weak；容量=watch；映射来源=cninfo_industry,CLX-STOCK-RANKING;LOCAL-SINA-BOARD-20260731;TENCENT-VALUATION-20260731,体外诊断,,cninfo_industry,resolved_theme_unmatched
84,1,601199,江南水务,供水供气,,供水供气,neutral,good,evidence_gap,evidence_gap,evidence_gap,strong,watch,长期趋势未修复;CLX独立性不足,watch,14.05,1.118,525588.184104,1.3731,Sina/Tencent 2026-07-31 valuation snapshot; growth/profit/cashflow not expanded,1,451,338,technical-reversal-only,False,1.8115942028985588,0.716869,2|1|6|6|6|0|3|3|-1|451|601199,暴露=neutral；基本面=good；估值=strong；容量=watch；映射来源=sina_industry,CLX-STOCK-RANKING;LOCAL-SINA-BOARD-20260731;TENCENT-VALUATION-20260731,,,sina_industry,resolved_theme_unmatched
85,1,688400,凌云光,其他专用设备,,其他专用设备,evidence_gap,good,evidence_gap,evidence_gap,evidence_gap,good,watch,长期趋势未修复;CLX独立性不足,neutral,58.7,3.62,2031900.0,3.48,Sina/Tencent 2026-07-31 valuation snapshot; growth/profit/cashflow not expanded,1,575,437,technical-reversal-only,False,9.372599231754176,6.812997,6|1|6|6|6|1|3|2|-1|575|688400,暴露=evidence_gap；基本面=good；估值=good；容量=neutral；映射来源=cninfo_industry,CLX-STOCK-RANKING;LOCAL-SINA-BOARD-20260731;TENCENT-VALUATION-20260731,其他专用设备,,cninfo_industry,resolved_theme_unmatched
86,1,002805,丰元股份,其他化学原料,,其他化学原料,evidence_gap,weak,evidence_gap,evidence_gap,evidence_gap,weak,watch,亏损PE;长期趋势未修复;CLX独立性不足,watch,-14.85,5.06,472700.00000000006,5.58,Sina/Tencent 2026-07-31 valuation snapshot; growth/profit/cashflow not expanded,1,269,178,technical-reversal-only,False,0.416418798334317,2.676777,6|4|6|6|6|4|3|3|-1|269|002805,暴露=evidence_gap；基本面=weak；估值=weak；容量=watch；映射来源=cninfo_industry,CLX-STOCK-RANKING;LOCAL-SINA-BOARD-20260731;TENCENT-VALUATION-20260731,其他化学原料,,cninfo_industry,resolved_theme_unmatched
87,1,688315,诺禾致源,其他医疗服务,,其他医疗服务,evidence_gap,good,evidence_gap,evidence_gap,evidence_gap,strong,watch,长期趋势未修复;CLX独立性不足,watch,32.57,1.99,529400.0,1.02,Sina/Tencent 2026-07-31 valuation snapshot; growth/profit/cashflow not expanded,1,567,431,technical-reversal-only,False,4.519309778142988,0.5351229999999999,6|1|6|6|6|0|3|3|-1|567|688315,暴露=evidence_gap；基本面=good；估值=strong；容量=watch；映射来源=cninfo_industry,CLX-STOCK-RANKING;LOCAL-SINA-BOARD-20260731;TENCENT-VALUATION-20260731,其他医疗服务,,cninfo_industry,resolved_theme_unmatched
88,1,300539,横河精密,其他塑料制品,,其他塑料制品,evidence_gap,neutral,evidence_gap,evidence_gap,evidence_gap,neutral,watch,长期趋势未修复;CLX独立性不足,watch,90.4,4.08,466200.0,3.93,Sina/Tencent 2026-07-31 valuation snapshot; growth/profit/cashflow not expanded,1,318,230,technical-reversal-only,False,5.650060753341424,1.48612,6|2|6|6|6|2|3|3|-1|318|300539,暴露=evidence_gap；基本面=neutral；估值=neutral；容量=watch；映射来源=cninfo_industry,CLX-STOCK-RANKING;LOCAL-SINA-BOARD-20260731;TENCENT-VALUATION-20260731,其他塑料制品,,cninfo_industry,resolved_theme_unmatched
89,1,001216,华瓷股份,其他家居用品,,其他家居用品,evidence_gap,good,evidence_gap,evidence_gap,evidence_gap,strong,watch,长期趋势未修复;CLX独立性不足,watch,18.57,1.62,397100.0,1.13,Sina/Tencent 2026-07-31 valuation snapshot; growth/profit/cashflow not expanded,1,216,133,technical-reversal-only,False,1.720269259536278,0.378487,6|1|6|6|6|0|3|3|-1|216|001216,暴露=evidence_gap；基本面=good；估值=strong；容量=watch；映射来源=cninfo_industry,CLX-STOCK-RANKING;LOCAL-SINA-BOARD-20260731;TENCENT-VALUATION-20260731,其他家居用品,,cninfo_industry,resolved_theme_unmatched
89,2,301193,家联科技,其他家居用品,,其他家居用品,evidence_gap,weak,evidence_gap,evidence_gap,evidence_gap,weak,watch,亏损PE;长期趋势未修复;CLX独立性不足,watch,-25.63,2.77,382800.0,1.79,Sina/Tencent 2026-07-31 valuation snapshot; growth/profit/cashflow not expanded,1,362,269,technical-reversal-only,False,3.5853976531942777,0.5262479999999999,6|4|6|6|6|4|3|3|-1|362|301193,暴露=evidence_gap；基本面=weak；估值=weak；容量=watch；映射来源=cninfo_industry,CLX-STOCK-RANKING;LOCAL-SINA-BOARD-20260731;TENCENT-VALUATION-20260731,其他家居用品,,cninfo_industry,resolved_theme_unmatched
90,1,603038,华立股份,其他建材,,其他建材,evidence_gap,good,evidence_gap,evidence_gap,evidence_gap,strong,watch,长期趋势未修复;CLX独立性不足,watch,38.93,2.28,324000.0,2.13,Sina/Tencent 2026-07-31 valuation snapshot; growth/profit/cashflow not expanded,1,473,353,technical-reversal-only,False,5.143853530950304,0.688387,6|1|6|6|6|0|3|3|-1|473|603038,暴露=evidence_gap；基本面=good；估值=strong；容量=watch；映射来源=cninfo_industry,CLX-STOCK-RANKING;LOCAL-SINA-BOARD-20260731;TENCENT-VALUATION-20260731,其他建材,,cninfo_industry,resolved_theme_unmatched
90,2,301010,晶雪节能,其他建材,,其他建材,evidence_gap,watch,evidence_gap,evidence_gap,evidence_gap,neutral,watch,长期趋势未修复;CLX独立性不足,watch,204.275,2.055,170316.0,1.73667,Sina/Tencent 2026-07-31 valuation snapshot; growth/profit/cashflow not expanded,1,354,259,technical-reversal-only,False,2.8701891715590344,0.293798,6|3|6|6|6|2|3|3|-1|354|301010,暴露=evidence_gap；基本面=watch；估值=neutral；容量=watch；映射来源=cninfo_industry,CLX-STOCK-RANKING;LOCAL-SINA-BOARD-20260731;TENCENT-VALUATION-20260731,其他建材,,cninfo_industry,resolved_theme_unmatched
91,1,603033,三维股份,其他橡胶制品,,其他橡胶制品,evidence_gap,weak,evidence_gap,evidence_gap,evidence_gap,weak,watch,亏损PE;长期趋势未修复;CLX独立性不足,watch,-14.79,3.05,769200.0,0.74,Sina/Tencent 2026-07-31 valuation snapshot; growth/profit/cashflow not expanded,1,472,352,technical-reversal-only,False,1.3586956521739024,0.556329,6|4|6|6|6|4|3|3|-1|472|603033,暴露=evidence_gap；基本面=weak；估值=weak；容量=watch；映射来源=cninfo_industry,CLX-STOCK-RANKING;LOCAL-SINA-BOARD-20260731;TENCENT-VALUATION-20260731,其他橡胶制品,,cninfo_industry,resolved_theme_unmatched
92,1,301000,肇民科技,其他汽车零部件,,其他汽车零部件,evidence_gap,good,evidence_gap,evidence_gap,evidence_gap,good,watch,长期趋势未修复;CLX独立性不足,watch,41.92,4.63,584700.0,2.81,Sina/Tencent 2026-07-31 valuation snapshot; growth/profit/cashflow not expanded,1,353,258,technical-reversal-only,False,5.903083700440526,1.551647,6|1|6|6|6|1|3|3|-1|353|301000,暴露=evidence_gap；基本面=good；估值=good；容量=watch；映射来源=cninfo_industry,CLX-STOCK-RANKING;LOCAL-SINA-BOARD-20260731;TENCENT-VALUATION-20260731,其他汽车零部件,,cninfo_industry,resolved_theme_unmatched
93,1,301166,优宁维,其他生物制品,,其他生物制品,evidence_gap,weak,evidence_gap,evidence_gap,evidence_gap,weak,watch,亏损PE;长期趋势未修复;CLX独立性不足,watch,-85.87,1.12,216700.00000000003,2.48,Sina/Tencent 2026-07-31 valuation snapshot; growth/profit/cashflow not expanded,1,361,266,technical-reversal-only,False,2.989352989352967,0.350366,6|4|6|6|6|4|3|3|-1|361|301166,暴露=evidence_gap；基本面=weak；估值=weak；容量=watch；映射来源=cninfo_industry,CLX-STOCK-RANKING;LOCAL-SINA-BOARD-20260731;TENCENT-VALUATION-20260731,其他生物制品,,cninfo_industry,resolved_theme_unmatched
94,1,002778,中晟高科,其他石化,,其他石化,evidence_gap,watch,evidence_gap,evidence_gap,evidence_gap,neutral,watch,长期趋势未修复;CLX独立性不足,watch,122.37,5.56,178299.99999999997,2.02,Sina/Tencent 2026-07-31 valuation snapshot; growth/profit/cashflow not expanded,1,265,174,technical-reversal-only,False,2.7318475916606744,0.356599,6|3|6|6|6|2|3|3|-1|265|002778,暴露=evidence_gap；基本面=watch；估值=neutral；容量=watch；映射来源=cninfo_industry,CLX-STOCK-RANKING;LOCAL-SINA-BOARD-20260731;TENCENT-VALUATION-20260731,其他石化,,cninfo_industry,resolved_theme_unmatched
95,1,300877,金春股份,其他纺织,,其他纺织,evidence_gap,good,evidence_gap,evidence_gap,evidence_gap,strong,watch,长期趋势未修复;CLX独立性不足,watch,32.72,1.7,281900.0,1.56,Sina/Tencent 2026-07-31 valuation snapshot; growth/profit/cashflow not expanded,1,347,256,technical-reversal-only,False,5.147717099373317,0.434066,6|1|6|6|6|0|3|3|-1|347|300877,暴露=evidence_gap；基本面=good；估值=strong；容量=watch；映射来源=cninfo_industry,CLX-STOCK-RANKING;LOCAL-SINA-BOARD-20260731;TENCENT-VALUATION-20260731,其他纺织,,cninfo_industry,resolved_theme_unmatched
96,1,688283,坤恒顺维,其他通信设备,,其他通信设备,evidence_gap,good,evidence_gap,evidence_gap,evidence_gap,good,watch,长期趋势未修复;CLX独立性不足,watch,59.09,3.2,306700.0,1.24,Sina/Tencent 2026-07-31 valuation snapshot; growth/profit/cashflow not expanded,1,561,424,technical-reversal-only,False,4.178733967728587,0.381538,6|1|6|6|6|1|3|3|-1|561|688283,暴露=evidence_gap；基本面=good；估值=good；容量=watch；映射来源=cninfo_industry,CLX-STOCK-RANKING;LOCAL-SINA-BOARD-20260731;TENCENT-VALUATION-20260731,其他通信设备,,cninfo_industry,resolved_theme_unmatched
97,1,603779,威龙股份,其他酒类,,其他酒类,evidence_gap,weak,evidence_gap,evidence_gap,evidence_gap,weak,watch,亏损PE;长期趋势未修复;CLX独立性不足,watch,-30.71,4.97,243400.0,12.66,Sina/Tencent 2026-07-31 valuation snapshot; growth/profit/cashflow not expanded,1,39,384,technical-reversal-only,False,10.06006006006006,2.9879,6|4|6|6|6|4|3|3|-1|39|603779,暴露=evidence_gap；基本面=weak；估值=weak；容量=watch；映射来源=cninfo_industry,CLX-STOCK-RANKING;LOCAL-SINA-BOARD-20260731;TENCENT-VALUATION-20260731,其他酒类,,cninfo_industry,resolved_theme_unmatched
98,1,688636,智明达,军工电子,,军工电子,evidence_gap,good,evidence_gap,evidence_gap,evidence_gap,strong,watch,长期趋势未修复;CLX独立性不足,watch,27.6,2.21,308300.0,8.8,Sina/Tencent 2026-07-31 valuation snapshot; growth/profit/cashflow not expanded,1,89,448,technical-reversal-only,False,7.846715328467146,2.669839,6|1|6|6|6|0|3|3|-1|89|688636,暴露=evidence_gap；基本面=good；估值=strong；容量=watch；映射来源=cninfo_industry,CLX-STOCK-RANKING;LOCAL-SINA-BOARD-20260731;TENCENT-VALUATION-20260731,军工电子,,cninfo_industry,resolved_theme_unmatched
98,2,301302,华如科技,军工电子,,军工电子,evidence_gap,weak,evidence_gap,evidence_gap,evidence_gap,weak,watch,亏损PE;长期趋势未修复,watch,-15.82,2.29,336700.0,7.17,Sina/Tencent 2026-07-31 valuation snapshot; growth/profit/cashflow not expanded,2,99,106,technical-reversal-only,False,7.355864811133195,2.159688,6|4|6|6|6|4|3|3|-2|99|301302,暴露=evidence_gap；基本面=weak；估值=weak；容量=watch；映射来源=cninfo_industry,CLX-STOCK-RANKING;LOCAL-SINA-BOARD-20260731;TENCENT-VALUATION-20260731,军工电子,,cninfo_industry,resolved_theme_unmatched
98,3,688788,科思科技,军工电子,,军工电子,evidence_gap,weak,evidence_gap,evidence_gap,evidence_gap,weak,watch,亏损PE;长期趋势未修复;CLX独立性不足,watch,-20.7,3.6,632200.0,3.24,Sina/Tencent 2026-07-31 valuation snapshot; growth/profit/cashflow not expanded,1,93,454,technical-reversal-only,False,10.31321619556913,2.053944,6|4|6|6|6|4|3|3|-1|93|688788,暴露=evidence_gap；基本面=weak；估值=weak；容量=watch；映射来源=cninfo_industry,CLX-STOCK-RANKING;LOCAL-SINA-BOARD-20260731;TENCENT-VALUATION-20260731,军工电子,,cninfo_industry,resolved_theme_unmatched
98,4,688682,霍莱沃,军工电子,,军工电子,evidence_gap,weak,evidence_gap,evidence_gap,evidence_gap,weak,watch,亏损PE;长期趋势未修复;CLX独立性不足,watch,-138.9,4.89,292300.0,1.76,Sina/Tencent 2026-07-31 valuation snapshot; growth/profit/cashflow not expanded,1,589,451,technical-reversal-only,False,4.325699745547063,0.521259,6|4|6|6|6|4|3|3|-1|589|688682,暴露=evidence_gap；基本面=weak；估值=weak；容量=watch；映射来源=cninfo_industry,CLX-STOCK-RANKING;LOCAL-SINA-BOARD-20260731;TENCENT-VALUATION-20260731,军工电子,,cninfo_industry,resolved_theme_unmatched
99,1,301665,泰禾股份,农药,,农药,evidence_gap,good,evidence_gap,evidence_gap,evidence_gap,strong,watch,长期趋势未修复;CLX独立性不足,watch,19.58,2.87,1020600.0,2.51,Sina/Tencent 2026-07-31 valuation snapshot; growth/profit/cashflow not expanded,1,394,299,technical-reversal-only,False,1.2048192771084263,0.587835,6|1|6|6|6|0|3|3|-1|394|301665,暴露=evidence_gap；基本面=good；估值=strong；容量=watch；映射来源=cninfo_industry,CLX-STOCK-RANKING;LOCAL-SINA-BOARD-20260731;TENCENT-VALUATION-20260731,农药,,cninfo_industry,resolved_theme_unmatched
99,2,003042,中农联合,农药,,农药,evidence_gap,weak,evidence_gap,evidence_gap,evidence_gap,weak,watch,亏损PE;长期趋势未修复;CLX独立性不足,watch,-12.8,1.45,177500.0,2.9,Sina/Tencent 2026-07-31 valuation snapshot; growth/profit/cashflow not expanded,1,282,193,technical-reversal-only,False,1.548492257538725,0.442236,6|4|6|6|6|4|3|3|-1|282|003042,暴露=evidence_gap；基本面=weak；估值=weak；容量=watch；映射来源=cninfo_industry,CLX-STOCK-RANKING;LOCAL-SINA-BOARD-20260731;TENCENT-VALUATION-20260731,农药,,cninfo_industry,resolved_theme_unmatched
100,1,603367,辰欣药业,化学制剂,,化学制剂,evidence_gap,good,evidence_gap,evidence_gap,evidence_gap,strong,watch,长期趋势未修复;CLX独立性不足,watch,15.62,1.02,637900.0,1.91,Sina/Tencent 2026-07-31 valuation snapshot; growth/profit/cashflow not expanded,1,165,368,technical-reversal-only,False,1.7328519855595692,1.214399,6|1|6|6|6|0|3|3|-1|165|603367,暴露=evidence_gap；基本面=good；估值=strong；容量=watch；映射来源=cninfo_industry,CLX-STOCK-RANKING;LOCAL-SINA-BOARD-20260731;TENCENT-VALUATION-20260731,化学制剂,,cninfo_industry,resolved_theme_unmatched
100,2,002940,昂利康,化学制剂,,化学制剂,evidence_gap,good,evidence_gap,evidence_gap,evidence_gap,good,watch,长期趋势未修复;CLX独立性不足,watch,38.6,3.04,491000.0,5.31,Sina/Tencent 2026-07-31 valuation snapshot; growth/profit/cashflow not expanded,1,277,184,technical-reversal-only,False,3.9726612558735663,2.376601,6|1|6|6|6|1|3|3|-1|277|002940,暴露=evidence_gap；基本面=good；估值=good；容量=watch；映射来源=cninfo_industry,CLX-STOCK-RANKING;LOCAL-SINA-BOARD-20260731;TENCENT-VALUATION-20260731,化学制剂,,cninfo_industry,resolved_theme_unmatched
100,3,688247,宣泰医药,化学制剂,,化学制剂,evidence_gap,neutral,evidence_gap,evidence_gap,evidence_gap,neutral,watch,长期趋势未修复;CLX独立性不足,watch,85.97,2.87,374500.0,0.66,Sina/Tencent 2026-07-31 valuation snapshot; growth/profit/cashflow not expanded,1,84,420,technical-reversal-only,False,2.1013597033374465,0.24822600000000003,6|2|6|6|6|2|3|3|-1|84|688247,暴露=evidence_gap；基本面=neutral；估值=neutral；容量=watch；映射来源=cninfo_industry,CLX-STOCK-RANKING;LOCAL-SINA-BOARD-20260731;TENCENT-VALUATION-20260731,化学制剂,,cninfo_industry,resolved_theme_unmatched
100,4,301130,西点药业,化学制剂,,化学制剂,evidence_gap,watch,evidence_gap,evidence_gap,evidence_gap,neutral,watch,长期趋势未修复;CLX独立性不足,watch,77.2,2.02,175900.0,3.15,Sina/Tencent 2026-07-31 valuation snapshot; growth/profit/cashflow not expanded,1,360,264,technical-reversal-only,False,3.4172661870503607,0.42573,6|3|6|6|6|2|3|3|-1|360|301130,暴露=evidence_gap；基本面=watch；估值=neutral；容量=watch；映射来源=cninfo_industry,CLX-STOCK-RANKING;LOCAL-SINA-BOARD-20260731;TENCENT-VALUATION-20260731,化学制剂,,cninfo_industry,resolved_theme_unmatched
100,5,300723,一品红,化学制剂,,化学制剂,evidence_gap,watch,evidence_gap,evidence_gap,evidence_gap,watch,watch,长期趋势未修复;CLX独立性不足,neutral,79.73,8.24,1594500.0,2.3,Sina/Tencent 2026-07-31 valuation snapshot; growth/profit/cashflow not expanded,1,135,247,technical-reversal-only,False,4.129793510324475,3.3906519999999993,6|3|6|6|6|3|3|2|-1|135|300723,暴露=evidence_gap；基本面=watch；估值=watch；容量=neutral；映射来源=cninfo_industry,CLX-STOCK-RANKING;LOCAL-SINA-BOARD-20260731;TENCENT-VALUATION-20260731,化学制剂,,cninfo_industry,resolved_theme_unmatched
101,1,603207,小方制药,医疗器械/医药服务,,医疗器械/医药服务,evidence_gap,good,evidence_gap,evidence_gap,evidence_gap,strong,watch,长期趋势未修复;CLX独立性不足,watch,17.55,3.28,357299.99999999994,2.29,Sina/Tencent 2026-07-31 valuation snapshot; growth/profit/cashflow not expanded,1,164,360,technical-reversal-only,False,0.907441016333932,0.277179,6|1|6|6|6|0|3|3|-1|164|603207,暴露=evidence_gap；基本面=good；估值=strong；容量=watch；映射来源=ths_business_keyword,CLX-STOCK-RANKING;LOCAL-SINA-BOARD-20260731;TENCENT-VALUATION-20260731,医疗器械/医药服务,,ths_business_keyword,resolved_theme_unmatched
101,2,688073,毕得医药,医疗器械/医药服务,,医疗器械/医药服务,evidence_gap,good,evidence_gap,evidence_gap,evidence_gap,strong,watch,长期趋势未修复;CLX独立性不足,watch,25.57,2.15,429200.0,2.49,Sina/Tencent 2026-07-31 valuation snapshot; growth/profit/cashflow not expanded,1,176,396,technical-reversal-only,False,4.537405931828231,1.058905,6|1|6|6|6|0|3|3|-1|176|688073,暴露=evidence_gap；基本面=good；估值=strong；容量=watch；映射来源=ths_business_keyword,CLX-STOCK-RANKING;LOCAL-SINA-BOARD-20260731;TENCENT-VALUATION-20260731,医疗器械/医药服务,,ths_business_keyword,resolved_theme_unmatched
101,3,001367,海森药业,医疗器械/医药服务,,医疗器械/医药服务,evidence_gap,good,evidence_gap,evidence_gap,evidence_gap,strong,watch,长期趋势未修复;CLX独立性不足,watch,20.19,1.79,269700.0,1.03,Sina/Tencent 2026-07-31 valuation snapshot; growth/profit/cashflow not expanded,1,221,137,technical-reversal-only,False,1.3165426445334916,0.222054,6|1|6|6|6|0|3|3|-1|221|001367,暴露=evidence_gap；基本面=good；估值=strong；容量=watch；映射来源=ths_business_keyword,CLX-STOCK-RANKING;LOCAL-SINA-BOARD-20260731;TENCENT-VALUATION-20260731,医疗器械/医药服务,,ths_business_keyword,resolved_theme_unmatched
101,4,301509,金凯生科,医疗器械/医药服务,,医疗器械/医药服务,evidence_gap,good,evidence_gap,evidence_gap,evidence_gap,strong,watch,长期趋势未修复;CLX独立性不足,watch,43.73,1.53,323800.0,3.59,Sina/Tencent 2026-07-31 valuation snapshot; growth/profit/cashflow not expanded,1,385,291,technical-reversal-only,False,2.6345933562428314,0.548097,6|1|6|6|6|0|3|3|-1|385|301509,暴露=evidence_gap；基本面=good；估值=strong；容量=watch；映射来源=ths_business_keyword,CLX-STOCK-RANKING;LOCAL-SINA-BOARD-20260731;TENCENT-VALUATION-20260731,医疗器械/医药服务,,ths_business_keyword,resolved_theme_unmatched
101,5,301507,民生健康,医疗器械/医药服务,,医疗器械/医药服务,evidence_gap,good,evidence_gap,evidence_gap,evidence_gap,good,watch,长期趋势未修复;CLX独立性不足,watch,36.18,2.7,430000.0,2.65,Sina/Tencent 2026-07-31 valuation snapshot; growth/profit/cashflow not expanded,1,384,290,technical-reversal-only,False,1.2594458438287104,0.351452,6|1|6|6|6|1|3|3|-1|384|301507,暴露=evidence_gap；基本面=good；估值=good；容量=watch；映射来源=ths_business_keyword,CLX-STOCK-RANKING;LOCAL-SINA-BOARD-20260731;TENCENT-VALUATION-20260731,医疗器械/医药服务,,ths_business_keyword,resolved_theme_unmatched
101,6,688137,近岸蛋白,医疗器械/医药服务,,医疗器械/医药服务,evidence_gap,weak,evidence_gap,evidence_gap,evidence_gap,weak,watch,亏损PE;长期趋势未修复;CLX独立性不足,watch,-32.17,1.22,246300.0,0.99,Sina/Tencent 2026-07-31 valuation snapshot; growth/profit/cashflow not expanded,1,178,406,technical-reversal-only,False,1.9681620839363312,0.244195,6|4|6|6|6|4|3|3|-1|178|688137,暴露=evidence_gap；基本面=weak；估值=weak；容量=watch；映射来源=ths_business_keyword,CLX-STOCK-RANKING;LOCAL-SINA-BOARD-20260731;TENCENT-VALUATION-20260731,医疗器械/医药服务,,ths_business_keyword,resolved_theme_unmatched
101,7,301515,港通医疗,医疗器械/医药服务,,医疗器械/医药服务,evidence_gap,weak,evidence_gap,evidence_gap,evidence_gap,weak,watch,亏损PE;长期趋势未修复;CLX独立性不足,watch,-354.4,1.41,173200.0,2.05,Sina/Tencent 2026-07-31 valuation snapshot; growth/profit/cashflow not expanded,1,386,292,technical-reversal-only,False,2.062463170300544,0.238617,6|4|6|6|6|4|3|3|-1|386|301515,暴露=evidence_gap；基本面=weak；估值=weak；容量=watch；映射来源=ths_business_keyword,CLX-STOCK-RANKING;LOCAL-SINA-BOARD-20260731;TENCENT-VALUATION-20260731,医疗器械/医药服务,,ths_business_keyword,resolved_theme_unmatched
102,1,688265,南模生物,医疗研发外包,,医疗研发外包,evidence_gap,neutral,evidence_gap,evidence_gap,evidence_gap,neutral,watch,长期趋势未修复;CLX独立性不足,watch,76.96,1.5,254600.0,0.82,Sina/Tencent 2026-07-31 valuation snapshot; growth/profit/cashflow not expanded,1,559,422,technical-reversal-only,False,3.1585596967782514,0.207218,6|2|6|6|6|2|3|3|-1|559|688265,暴露=evidence_gap；基本面=neutral；估值=neutral；容量=watch；映射来源=cninfo_industry,CLX-STOCK-RANKING;LOCAL-SINA-BOARD-20260731;TENCENT-VALUATION-20260731,医疗研发外包,,cninfo_industry,resolved_theme_unmatched
102,2,688238,和元生物,医疗研发外包,,医疗研发外包,evidence_gap,weak,evidence_gap,evidence_gap,evidence_gap,weak,watch,亏损PE;长期趋势未修复;CLX独立性不足,watch,-15.67,2.64,358300.0,1.95,Sina/Tencent 2026-07-31 valuation snapshot; growth/profit/cashflow not expanded,1,556,419,technical-reversal-only,False,2.793296089385456,0.700513,6|4|6|6|6|4|3|3|-1|556|688238,暴露=evidence_gap；基本面=weak；估值=weak；容量=watch；映射来源=cninfo_industry,CLX-STOCK-RANKING;LOCAL-SINA-BOARD-20260731;TENCENT-VALUATION-20260731,医疗研发外包,,cninfo_industry,resolved_theme_unmatched
103,1,688236,春立医疗,医疗耗材,,医疗耗材,evidence_gap,good,evidence_gap,evidence_gap,evidence_gap,strong,watch,长期趋势未修复;CLX独立性不足,watch,19.8,1.83,547000.0,0.5,Sina/Tencent 2026-07-31 valuation snapshot; growth/profit/cashflow not expanded,1,555,418,technical-reversal-only,False,1.2065294535131388,0.207775,6|1|6|6|6|0|3|3|-1|555|688236,暴露=evidence_gap；基本面=good；估值=strong；容量=watch；映射来源=cninfo_industry,CLX-STOCK-RANKING;LOCAL-SINA-BOARD-20260731;TENCENT-VALUATION-20260731,医疗耗材,,cninfo_industry,resolved_theme_unmatched
103,2,688314,康拓医疗,医疗耗材,,医疗耗材,evidence_gap,good,evidence_gap,evidence_gap,evidence_gap,strong,watch,长期趋势未修复;CLX独立性不足,watch,28.36,3.49,249000.0,1.74,Sina/Tencent 2026-07-31 valuation snapshot; growth/profit/cashflow not expanded,1,566,430,technical-reversal-only,False,4.1652441106179605,0.43644399999999994,6|1|6|6|6|0|3|3|-1|566|688314,暴露=evidence_gap；基本面=good；估值=strong；容量=watch；映射来源=cninfo_industry,CLX-STOCK-RANKING;LOCAL-SINA-BOARD-20260731;TENCENT-VALUATION-20260731,医疗耗材,,cninfo_industry,resolved_theme_unmatched
103,3,688366,昊海生科,医疗耗材,,医疗耗材,evidence_gap,good,evidence_gap,evidence_gap,evidence_gap,strong,watch,长期趋势未修复;CLX独立性不足,watch,31.0,1.37,726100.0,0.42,Sina/Tencent 2026-07-31 valuation snapshot; growth/profit/cashflow not expanded,1,569,433,technical-reversal-only,False,0.922391857506355,0.256029,6|1|6|6|6|0|3|3|-1|569|688366,暴露=evidence_gap；基本面=good；估值=strong；容量=watch；映射来源=cninfo_industry,CLX-STOCK-RANKING;LOCAL-SINA-BOARD-20260731;TENCENT-VALUATION-20260731,医疗耗材,,cninfo_industry,resolved_theme_unmatched
103,4,300653,正海生物,医疗耗材,,医疗耗材,evidence_gap,good,evidence_gap,evidence_gap,evidence_gap,good,watch,长期趋势未修复;CLX独立性不足,watch,31.043,2.843,257040.0,0.8143,Sina/Tencent 2026-07-31 valuation snapshot; growth/profit/cashflow not expanded,1,327,238,technical-reversal-only,False,2.0000000000000018,0.208992,6|1|6|6|6|1|3|3|-1|327|300653,暴露=evidence_gap；基本面=good；估值=good；容量=watch；映射来源=cninfo_industry,CLX-STOCK-RANKING;LOCAL-SINA-BOARD-20260731;TENCENT-VALUATION-20260731,医疗耗材,,cninfo_industry,resolved_theme_unmatched
103,5,688108,赛诺医疗,医疗耗材,,医疗耗材,evidence_gap,watch,evidence_gap,evidence_gap,evidence_gap,watch,watch,长期趋势未修复;CLX独立性不足,watch,95.53,6.62,657000.0,2.06,Sina/Tencent 2026-07-31 valuation snapshot; growth/profit/cashflow not expanded,1,537,401,technical-reversal-only,False,2.34375,1.362122,6|3|6|6|6|3|3|3|-1|537|688108,暴露=evidence_gap；基本面=watch；估值=watch；容量=watch；映射来源=cninfo_industry,CLX-STOCK-RANKING;LOCAL-SINA-BOARD-20260731;TENCENT-VALUATION-20260731,医疗耗材,,cninfo_industry,resolved_theme_unmatched
104,1,002997,瑞鹄模具,华为汽车,华为汽车,,neutral,good,evidence_gap,evidence_gap,evidence_gap,strong,watch,长期趋势未修复;CLX独立性不足,watch,14.123,2.145,552817.619325,1.29468,Sina/Tencent 2026-07-31 valuation snapshot; growth/profit/cashflow not expanded,1,121,189,technical-reversal-only,False,2.8827425009738894,0.712334,2|1|6|6|6|0|3|3|-1|121|002997,暴露=neutral；基本面=good；估值=strong；容量=watch；映射来源=sina_concept,CLX-STOCK-RANKING;LOCAL-SINA-BOARD-20260731;TENCENT-VALUATION-20260731,,,sina_concept,resolved_theme_unmatched
104,2,300680,隆盛科技,华为汽车,华为汽车,,neutral,good,evidence_gap,evidence_gap,evidence_gap,strong,watch,长期趋势未修复;CLX独立性不足,watch,19.909,2.977,617933.278688,5.14704,Sina/Tencent 2026-07-31 valuation snapshot; growth/profit/cashflow not expanded,1,133,242,technical-reversal-only,False,4.997501249375302,2.462987,2|1|6|6|6|0|3|3|-1|133|300680,暴露=neutral；基本面=good；估值=strong；容量=watch；映射来源=sina_concept,CLX-STOCK-RANKING;LOCAL-SINA-BOARD-20260731;TENCENT-VALUATION-20260731,,,sina_concept,resolved_theme_unmatched
104,3,002976,瑞玛精密,华为汽车,华为汽车,,neutral,neutral,evidence_gap,evidence_gap,evidence_gap,neutral,watch,长期趋势未修复;CLX独立性不足,watch,325.667,2.642,380269.684922,5.5819,Sina/Tencent 2026-07-31 valuation snapshot; growth/profit/cashflow not expanded,1,120,187,technical-reversal-only,False,7.009857612267245,1.315846,2|2|6|6|6|2|3|3|-1|120|002976,暴露=neutral；基本面=neutral；估值=neutral；容量=watch；映射来源=sina_concept,CLX-STOCK-RANKING;LOCAL-SINA-BOARD-20260731;TENCENT-VALUATION-20260731,,,sina_concept,resolved_theme_unmatched
104,4,002786,银宝山新,华为汽车,华为汽车,,neutral,weak,evidence_gap,evidence_gap,evidence_gap,weak,watch,亏损PE;长期趋势未修复;CLX独立性不足,watch,-56.923,18.408,366752.88,1.7263,Sina/Tencent 2026-07-31 valuation snapshot; growth/profit/cashflow not expanded,1,268,177,technical-reversal-only,False,2.0689655172413834,0.635237,2|4|6|6|6|4|3|3|-1|268|002786,暴露=neutral；基本面=weak；估值=weak；容量=watch；映射来源=sina_concept,CLX-STOCK-RANKING;LOCAL-SINA-BOARD-20260731;TENCENT-VALUATION-20260731,,,sina_concept,resolved_theme_unmatched
104,5,300648,星云股份,华为汽车,固态电池;高压快充;华为汽车,,neutral,weak,evidence_gap,evidence_gap,evidence_gap,weak,watch,亏损PE;长期趋势未修复;CLX独立性不足,watch,-24.325,4.859,563800.329,2.69885,Sina/Tencent 2026-07-31 valuation snapshot; growth/profit/cashflow not expanded,1,325,236,technical-reversal-only,False,7.833333333333337,1.169928,2|4|6|6|6|4|3|3|-1|325|300648,暴露=neutral；基本面=weak；估值=weak；容量=watch；映射来源=sina_concept,CLX-STOCK-RANKING;LOCAL-SINA-BOARD-20260731;TENCENT-VALUATION-20260731,,,sina_concept,resolved_theme_unmatched
105,1,605055,迎丰股份,印染,,印染,evidence_gap,weak,evidence_gap,evidence_gap,evidence_gap,weak,watch,亏损PE;长期趋势未修复;CLX独立性不足,watch,-57.32,3.8,363400.00000000006,0.94,Sina/Tencent 2026-07-31 valuation snapshot; growth/profit/cashflow not expanded,1,523,391,technical-reversal-only,False,2.9925187032419087,0.344214,6|4|6|6|6|4|3|3|-1|523|605055,暴露=evidence_gap；基本面=weak；估值=weak；容量=watch；映射来源=cninfo_industry,CLX-STOCK-RANKING;LOCAL-SINA-BOARD-20260731;TENCENT-VALUATION-20260731,印染,,cninfo_industry,resolved_theme_unmatched
106,1,300702,天宇股份,原料药,,原料药,evidence_gap,neutral,evidence_gap,evidence_gap,evidence_gap,neutral,watch,长期趋势未修复;CLX独立性不足,watch,72.16,1.88,690699.9999999999,1.31,Sina/Tencent 2026-07-31 valuation snapshot; growth/profit/cashflow not expanded,1,7,244,technical-reversal-only,False,-0.1509054325955605,0.555138,6|2|6|6|6|2|3|3|-1|7|300702,暴露=evidence_gap；基本面=neutral；估值=neutral；容量=watch；映射来源=cninfo_industry,CLX-STOCK-RANKING;LOCAL-SINA-BOARD-20260731;TENCENT-VALUATION-20260731,原料药,,cninfo_industry,resolved_theme_unmatched
106,2,301211,亨迪药业,原料药,,原料药,evidence_gap,neutral,evidence_gap,evidence_gap,evidence_gap,neutral,watch,长期趋势未修复;CLX独立性不足,watch,126.63,1.9,428000.0,2.09,Sina/Tencent 2026-07-31 valuation snapshot; growth/profit/cashflow not expanded,1,29,273,technical-reversal-only,False,3.7449392712550544,0.886274,6|2|6|6|6|2|3|3|-1|29|301211,暴露=evidence_gap；基本面=neutral；估值=neutral；容量=watch；映射来源=cninfo_industry,CLX-STOCK-RANKING;LOCAL-SINA-BOARD-20260731;TENCENT-VALUATION-20260731,原料药,,cninfo_industry,resolved_theme_unmatched
107,1,603717,天域生物,园林工程,,园林工程,evidence_gap,weak,evidence_gap,evidence_gap,evidence_gap,weak,watch,亏损PE;长期趋势未修复;CLX独立性不足,watch,-12.32,4.23,161600.0,4.15,Sina/Tencent 2026-07-31 valuation snapshot; growth/profit/cashflow not expanded,1,507,380,technical-reversal-only,False,3.5315985130111693,0.666534,6|4|6|6|6|4|3|3|-1|507|603717,暴露=evidence_gap；基本面=weak；估值=weak；容量=watch；映射来源=cninfo_industry,CLX-STOCK-RANKING;LOCAL-SINA-BOARD-20260731;TENCENT-VALUATION-20260731,园林工程,,cninfo_industry,resolved_theme_unmatched
108,1,002973,侨银股份,固废治理,,固废治理,evidence_gap,good,evidence_gap,evidence_gap,evidence_gap,strong,watch,长期趋势未修复;CLX独立性不足,watch,24.27,1.44,367000.0,2.86,Sina/Tencent 2026-07-31 valuation snapshot; growth/profit/cashflow not expanded,1,54,186,technical-reversal-only,False,2.628571428571425,0.815159,6|1|6|6|6|0|3|3|-1|54|002973,暴露=evidence_gap；基本面=good；估值=strong；容量=watch；映射来源=cninfo_industry,CLX-STOCK-RANKING;LOCAL-SINA-BOARD-20260731;TENCENT-VALUATION-20260731,固废治理,,cninfo_industry,resolved_theme_unmatched
108,2,301068,大地海洋,固废治理,,固废治理,evidence_gap,weak,evidence_gap,evidence_gap,evidence_gap,weak,watch,亏损PE;长期趋势未修复;CLX独立性不足,watch,-128.68,4.24,341100.0,0.84,Sina/Tencent 2026-07-31 valuation snapshot; growth/profit/cashflow not expanded,1,359,263,technical-reversal-only,False,3.074295473953881,0.20318,6|4|6|6|6|4|3|3|-1|359|301068,暴露=evidence_gap；基本面=weak；估值=weak；容量=watch；映射来源=cninfo_industry,CLX-STOCK-RANKING;LOCAL-SINA-BOARD-20260731;TENCENT-VALUATION-20260731,固废治理,,cninfo_industry,resolved_theme_unmatched
109,1,603516,淳中科技,国防军工,国防军工,,neutral,watch,evidence_gap,evidence_gap,evidence_gap,watch,watch,长期趋势未修复;CLX独立性不足,neutral,66.116,10.887,1854619.777596,3.25857,Sina/Tencent 2026-07-31 valuation snapshot; growth/profit/cashflow not expanded,1,495,371,technical-reversal-only,False,2.991308274071547,6.170213,2|3|6|6|6|3|3|2|-1|495|603516,暴露=neutral；基本面=watch；估值=watch；容量=neutral；映射来源=sina_concept,CLX-STOCK-RANKING;LOCAL-SINA-BOARD-20260731;TENCENT-VALUATION-20260731,,,sina_concept,resolved_theme_unmatched
109,2,300722,新余国科,国防军工,大飞机;国防军工,,neutral,watch,evidence_gap,evidence_gap,evidence_gap,watch,watch,长期趋势未修复;CLX独立性不足,watch,71.733,8.822,595579.94496,1.62393,Sina/Tencent 2026-07-31 valuation snapshot; growth/profit/cashflow not expanded,1,335,246,technical-reversal-only,False,3.9111540318686577,0.960721,2|3|6|6|6|3|3|3|-1|335|300722,暴露=neutral；基本面=watch；估值=watch；容量=watch；映射来源=sina_concept,CLX-STOCK-RANKING;LOCAL-SINA-BOARD-20260731;TENCENT-VALUATION-20260731,,,sina_concept,resolved_theme_unmatched
109,3,002771,真视通,国防军工,国防军工;军民融合;重组概念,,neutral,weak,evidence_gap,evidence_gap,evidence_gap,weak,watch,亏损PE;长期趋势未修复;CLX独立性不足,watch,-39.667,4.215,249619.279,5.30988,Sina/Tencent 2026-07-31 valuation snapshot; growth/profit/cashflow not expanded,1,264,173,technical-reversal-only,False,4.294478527607359,1.101313,2|4|6|6|6|4|3|3|-1|264|002771,暴露=neutral；基本面=weak；估值=weak；容量=watch；映射来源=sina_concept,CLX-STOCK-RANKING;LOCAL-SINA-BOARD-20260731;TENCENT-VALUATION-20260731,,,sina_concept,resolved_theme_unmatched
110,1,300756,金马游乐,娱乐用品,,娱乐用品,evidence_gap,good,evidence_gap,evidence_gap,evidence_gap,good,watch,长期趋势未修复;CLX独立性不足,watch,51.64,3.83,560200.0,2.12,Sina/Tencent 2026-07-31 valuation snapshot; growth/profit/cashflow not expanded,1,337,248,technical-reversal-only,False,4.960727573377421,1.035027,6|1|6|6|6|1|3|3|-1|337|300756,暴露=evidence_gap；基本面=good；估值=good；容量=watch；映射来源=cninfo_industry,CLX-STOCK-RANKING;LOCAL-SINA-BOARD-20260731;TENCENT-VALUATION-20260731,娱乐用品,,cninfo_industry,resolved_theme_unmatched
111,1,301042,安联锐视,安防设备,,安防设备,evidence_gap,neutral,evidence_gap,evidence_gap,evidence_gap,neutral,watch,长期趋势未修复;CLX独立性不足,watch,81.67,2.44,255400.0,11.18,Sina/Tencent 2026-07-31 valuation snapshot; growth/profit/cashflow not expanded,1,358,262,technical-reversal-only,False,4.5562599049128405,2.732041,6|2|6|6|6|2|3|3|-1|358|301042,暴露=evidence_gap；基本面=neutral；估值=neutral；容量=watch；映射来源=cninfo_industry,CLX-STOCK-RANKING;LOCAL-SINA-BOARD-20260731;TENCENT-VALUATION-20260731,安防设备,,cninfo_industry,resolved_theme_unmatched
112,1,301336,趣睡科技,家具,,家具,evidence_gap,neutral,evidence_gap,evidence_gap,evidence_gap,neutral,watch,长期趋势未修复;CLX独立性不足,watch,69.28,2.42,201200.0,3.24,Sina/Tencent 2026-07-31 valuation snapshot; growth/profit/cashflow not expanded,1,139,280,technical-reversal-only,False,5.901639344262288,0.496758,6|2|6|6|6|2|3|3|-1|139|301336,暴露=evidence_gap；基本面=neutral；估值=neutral；容量=watch；映射来源=cninfo_industry,CLX-STOCK-RANKING;LOCAL-SINA-BOARD-20260731;TENCENT-VALUATION-20260731,家具,,cninfo_industry,resolved_theme_unmatched
113,1,600839,四川长虹,家电行业,参股金融;成渝特区;钒电池;军民融合;循环经济,家电行业,neutral,strong,evidence_gap,evidence_gap,evidence_gap,strong,watch,长期趋势未修复;CLX独立性不足,neutral,32.4,2.081,3203673.490068,2.16314,Sina/Tencent 2026-07-31 valuation snapshot; growth/profit/cashflow not expanded,1,434,327,technical-reversal-only,False,3.5820895522387985,6.873736,2|0|6|6|6|0|3|2|-1|434|600839,暴露=neutral；基本面=strong；估值=strong；容量=neutral；映射来源=sina_industry,CLX-STOCK-RANKING;LOCAL-SINA-BOARD-20260731;TENCENT-VALUATION-20260731,,,sina_industry,resolved_theme_unmatched
113,2,002403,爱仕达,家电行业,恒大概念;土地流转,家电行业,neutral,weak,evidence_gap,evidence_gap,evidence_gap,weak,watch,亏损PE;长期趋势未修复;CLX独立性不足,watch,-14.25,2.246,310662.384048,3.65909,Sina/Tencent 2026-07-31 valuation snapshot; growth/profit/cashflow not expanded,1,242,155,technical-reversal-only,False,8.313539192399034,0.96549,2|4|6|6|6|4|3|3|-1|242|002403,暴露=neutral；基本面=weak；估值=weak；容量=watch；映射来源=sina_industry,CLX-STOCK-RANKING;LOCAL-SINA-BOARD-20260731;TENCENT-VALUATION-20260731,,,sina_industry,resolved_theme_unmatched
114,1,603677,奇精机械,家电零部件,,家电零部件,evidence_gap,good,evidence_gap,evidence_gap,evidence_gap,strong,watch,长期趋势未修复;CLX独立性不足,watch,59.34,2.18,245799.99999999997,1.18,Sina/Tencent 2026-07-31 valuation snapshot; growth/profit/cashflow not expanded,1,505,378,technical-reversal-only,False,2.7375201288244666,0.288917,6|1|6|6|6|0|3|3|-1|505|603677,暴露=evidence_gap；基本面=good；估值=strong；容量=watch；映射来源=cninfo_industry,CLX-STOCK-RANKING;LOCAL-SINA-BOARD-20260731;TENCENT-VALUATION-20260731,家电零部件,,cninfo_industry,resolved_theme_unmatched
115,1,603040,新坐标,底盘与发动机系统,,底盘与发动机系统,evidence_gap,neutral,evidence_gap,evidence_gap,evidence_gap,neutral,watch,长期趋势未修复;CLX独立性不足,watch,26.095,6.59,1024877.352096,1.32068,Sina/Tencent 2026-07-31 valuation snapshot; growth/profit/cashflow not expanded,1,474,354,technical-reversal-only,False,2.729970326409492,1.367574,6|2|6|6|6|2|3|3|-1|474|603040,暴露=evidence_gap；基本面=neutral；估值=neutral；容量=watch；映射来源=cninfo_industry,CLX-STOCK-RANKING;LOCAL-SINA-BOARD-20260731;TENCENT-VALUATION-20260731,底盘与发动机系统,,cninfo_industry,resolved_theme_unmatched
115,2,603286,日盈电子,底盘与发动机系统,,底盘与发动机系统,evidence_gap,weak,evidence_gap,evidence_gap,evidence_gap,weak,watch,亏损PE;长期趋势未修复;CLX独立性不足,watch,-88.05,5.43,445400.0,2.94,Sina/Tencent 2026-07-31 valuation snapshot; growth/profit/cashflow not expanded,1,486,364,technical-reversal-only,False,9.994172494172492,1.272179,6|4|6|6|6|4|3|3|-1|486|603286,暴露=evidence_gap；基本面=weak；估值=weak；容量=watch；映射来源=cninfo_industry,CLX-STOCK-RANKING;LOCAL-SINA-BOARD-20260731;TENCENT-VALUATION-20260731,底盘与发动机系统,,cninfo_industry,resolved_theme_unmatched
116,1,601186,中国铁建,建筑建材,含H股;券商重仓;央企50,建筑建材,neutral,strong,evidence_gap,evidence_gap,evidence_gap,strong,watch,长期趋势未修复;CLX独立性不足,neutral,5.432,0.313,8704486.1015,0.55284,Sina/Tencent 2026-07-31 valuation snapshot; growth/profit/cashflow not expanded,1,450,337,technical-reversal-only,False,0.4702194357366851,4.044338,2|0|6|6|6|0|3|2|-1|450|601186,暴露=neutral；基本面=strong；估值=strong；容量=neutral；映射来源=sina_industry,CLX-STOCK-RANKING;LOCAL-SINA-BOARD-20260731;TENCENT-VALUATION-20260731,,,sina_industry,resolved_theme_unmatched
116,2,603969,银龙股份,建筑建材,钒电池;雄安新区,建筑建材,neutral,good,evidence_gap,evidence_gap,evidence_gap,strong,watch,长期趋势未修复;CLX独立性不足,watch,16.605,2.198,622275.1332,1.70273,Sina/Tencent 2026-07-31 valuation snapshot; growth/profit/cashflow not expanded,1,521,389,technical-reversal-only,False,0.2808988764044784,1.047524,2|1|6|6|6|0|3|3|-1|521|603969,暴露=neutral；基本面=good；估值=strong；容量=watch；映射来源=sina_industry,CLX-STOCK-RANKING;LOCAL-SINA-BOARD-20260731;TENCENT-VALUATION-20260731,,,sina_industry,resolved_theme_unmatched
116,3,002628,成都路桥,建筑建材,成渝特区,建筑建材,neutral,weak,evidence_gap,evidence_gap,evidence_gap,weak,watch,亏损PE;长期趋势未修复;CLX独立性不足,watch,-44.6,1.196,337666.78509,1.98948,Sina/Tencent 2026-07-31 valuation snapshot; growth/profit/cashflow not expanded,1,255,167,technical-reversal-only,False,1.82648401826484,0.668228,2|4|6|6|6|4|3|3|-1|255|002628,暴露=neutral；基本面=weak；估值=weak；容量=watch；映射来源=sina_industry,CLX-STOCK-RANKING;LOCAL-SINA-BOARD-20260731;TENCENT-VALUATION-20260731,,,sina_industry,resolved_theme_unmatched
116,4,002663,普邦股份,建筑建材,本月解禁;固废处理;股权激励,建筑建材,neutral,weak,evidence_gap,evidence_gap,evidence_gap,weak,watch,亏损PE;长期趋势未修复;CLX独立性不足,watch,-5.71,1.374,265395.730908,2.14056,Sina/Tencent 2026-07-31 valuation snapshot; growth/profit/cashflow not expanded,1,259,170,technical-reversal-only,False,1.986754966887428,0.562649,2|4|6|6|6|4|3|3|-1|259|002663,暴露=neutral；基本面=weak；估值=weak；容量=watch；映射来源=sina_industry,CLX-STOCK-RANKING;LOCAL-SINA-BOARD-20260731;TENCENT-VALUATION-20260731,,,sina_industry,resolved_theme_unmatched
117,1,000628,高新发展,开发区,参股金融;成渝特区;股期概念;金融参股,开发区,neutral,neutral,evidence_gap,evidence_gap,evidence_gap,neutral,watch,长期趋势未修复;CLX独立性不足,neutral,118.29,5.874,1291810.76,6.35424,Sina/Tencent 2026-07-31 valuation snapshot; growth/profit/cashflow not expanded,1,200,120,technical-reversal-only,False,5.738177623990781,4.467682,2|2|6|6|6|2|3|2|-1|200|000628,暴露=neutral；基本面=neutral；估值=neutral；容量=neutral；映射来源=sina_industry,CLX-STOCK-RANKING;LOCAL-SINA-BOARD-20260731;TENCENT-VALUATION-20260731,,,sina_industry,resolved_theme_unmatched
118,1,603066,音飞储存,快递,,快递,evidence_gap,good,evidence_gap,evidence_gap,evidence_gap,strong,watch,长期趋势未修复;CLX独立性不足,watch,20.68,1.71,259200.00000000003,1.37,Sina/Tencent 2026-07-31 valuation snapshot; growth/profit/cashflow not expanded,1,475,355,technical-reversal-only,False,1.2643678160919605,0.355276,6|1|6|6|6|0|3|3|-1|475|603066,暴露=evidence_gap；基本面=good；估值=strong；容量=watch；映射来源=cninfo_industry,CLX-STOCK-RANKING;LOCAL-SINA-BOARD-20260731;TENCENT-VALUATION-20260731,快递,,cninfo_industry,resolved_theme_unmatched
119,1,600621,XD华鑫股,房地产,参股金融;金融参股;上海本地,房地产,neutral,good,evidence_gap,evidence_gap,evidence_gap,strong,watch,长期趋势未修复;CLX独立性不足,watch,22.0,1.497,1400387.06544,0.83162,Sina/Tencent 2026-07-31 valuation snapshot; growth/profit/cashflow not expanded,1,427,321,technical-reversal-only,False,-0.9009009009009028,1.167509,2|1|6|6|6|0|3|3|-1|427|600621,暴露=neutral；基本面=good；估值=strong；容量=watch；映射来源=sina_industry,CLX-STOCK-RANKING;LOCAL-SINA-BOARD-20260731;TENCENT-VALUATION-20260731,,,sina_industry,resolved_theme_unmatched
119,2,600208,衢州发展,房地产,参股金融;股权激励;基金重仓;金融参股;金融改革;民营银行;涉矿概念,房地产,neutral,good,evidence_gap,evidence_gap,evidence_gap,neutral,watch,长期趋势未修复;CLX独立性不足,neutral,95.667,0.584,2442066.0096,1.33764,Sina/Tencent 2026-07-31 valuation snapshot; growth/profit/cashflow not expanded,1,401,305,technical-reversal-only,False,1.77304964539009,3.26545,2|1|6|6|6|2|3|2|-1|401|600208,暴露=neutral；基本面=good；估值=neutral；容量=neutral；映射来源=sina_industry,CLX-STOCK-RANKING;LOCAL-SINA-BOARD-20260731;TENCENT-VALUATION-20260731,,,sina_industry,resolved_theme_unmatched
119,3,000631,顺发恒能,房地产,朝鲜改革;风电;图们江;业绩预降,房地产,neutral,neutral,evidence_gap,evidence_gap,evidence_gap,neutral,watch,长期趋势未修复;CLX独立性不足,watch,97.333,1.219,671600.02482,0.36333,Sina/Tencent 2026-07-31 valuation snapshot; growth/profit/cashflow not expanded,1,201,121,technical-reversal-only,False,1.388888888888884,0.242833,2|2|6|6|6|2|3|3|-1|201|000631,暴露=neutral；基本面=neutral；估值=neutral；容量=watch；映射来源=sina_industry,CLX-STOCK-RANKING;LOCAL-SINA-BOARD-20260731;TENCENT-VALUATION-20260731,,,sina_industry,resolved_theme_unmatched
120,1,603776,永安行,摩托车,,摩托车,evidence_gap,weak,evidence_gap,evidence_gap,evidence_gap,weak,watch,亏损PE;长期趋势未修复;CLX独立性不足,watch,-25.49,1.55,530400.0,0.68,Sina/Tencent 2026-07-31 valuation snapshot; growth/profit/cashflow not expanded,1,511,382,technical-reversal-only,False,2.8307022318998287,0.358666,6|4|6|6|6|4|3|3|-1|511|603776,暴露=evidence_gap；基本面=weak；估值=weak；容量=watch；映射来源=cninfo_industry,CLX-STOCK-RANKING;LOCAL-SINA-BOARD-20260731;TENCENT-VALUATION-20260731,摩托车,,cninfo_industry,resolved_theme_unmatched
121,1,003017,大洋生物,无机盐,,无机盐,evidence_gap,good,evidence_gap,evidence_gap,evidence_gap,strong,watch,长期趋势未修复;CLX独立性不足,watch,20.52,1.82,208100.0,2.11,Sina/Tencent 2026-07-31 valuation snapshot; growth/profit/cashflow not expanded,1,122,192,technical-reversal-only,False,2.026693030153237,0.363088,6|1|6|6|6|0|3|3|-1|122|003017,暴露=evidence_gap；基本面=good；估值=strong；容量=watch；映射来源=cninfo_industry,CLX-STOCK-RANKING;LOCAL-SINA-BOARD-20260731;TENCENT-VALUATION-20260731,无机盐,,cninfo_industry,resolved_theme_unmatched
122,1,300809,华辰装备,机床工具,,机床工具,evidence_gap,good,evidence_gap,evidence_gap,evidence_gap,strong,watch,长期趋势未修复;CLX独立性不足,watch,28.388,3.147,575787.5232,5.89782,Sina/Tencent 2026-07-31 valuation snapshot; growth/profit/cashflow not expanded,1,341,252,technical-reversal-only,False,4.174311926605512,2.02597,6|1|6|6|6|0|3|3|-1|341|300809,暴露=evidence_gap；基本面=good；估值=strong；容量=watch；映射来源=cninfo_industry,CLX-STOCK-RANKING;LOCAL-SINA-BOARD-20260731;TENCENT-VALUATION-20260731,机床工具,,cninfo_industry,resolved_theme_unmatched
123,1,688209,英集芯,模拟芯片设计,,模拟芯片设计,evidence_gap,good,evidence_gap,evidence_gap,evidence_gap,good,watch,长期趋势未修复;CLX独立性不足,watch,44.37,4.09,902700.0,3.08,Sina/Tencent 2026-07-31 valuation snapshot; growth/profit/cashflow not expanded,1,550,414,technical-reversal-only,False,5.207280080889776,2.827049,6|1|6|6|6|1|3|3|-1|550|688209,暴露=evidence_gap；基本面=good；估值=good；容量=watch；映射来源=cninfo_industry,CLX-STOCK-RANKING;LOCAL-SINA-BOARD-20260731;TENCENT-VALUATION-20260731,模拟芯片设计,,cninfo_industry,resolved_theme_unmatched
124,1,002346,柘中股份,水泥行业,锂矿,水泥行业,neutral,good,evidence_gap,evidence_gap,evidence_gap,strong,watch,长期趋势未修复;CLX独立性不足,watch,16.96,2.614,756418.687608,1.74336,Sina/Tencent 2026-07-31 valuation snapshot; growth/profit/cashflow not expanded,1,52,149,technical-reversal-only,False,10.019267822736031,1.139648,2|1|6|6|6|0|3|3|-1|52|002346,暴露=neutral；基本面=good；估值=strong；容量=watch；映射来源=sina_industry,CLX-STOCK-RANKING;LOCAL-SINA-BOARD-20260731;TENCENT-VALUATION-20260731,,,sina_industry,resolved_theme_unmatched
125,1,603179,新泉股份,汽车电子电气系统,,汽车电子电气系统,evidence_gap,good,evidence_gap,evidence_gap,evidence_gap,good,watch,长期趋势未修复;CLX独立性不足,neutral,34.23,3.72,2756800.0,2.67,Sina/Tencent 2026-07-31 valuation snapshot; growth/profit/cashflow not expanded,1,480,359,technical-reversal-only,False,7.49094959621277,7.319757000000001,6|1|6|6|6|1|3|2|-1|480|603179,暴露=evidence_gap；基本面=good；估值=good；容量=neutral；映射来源=cninfo_industry,CLX-STOCK-RANKING;LOCAL-SINA-BOARD-20260731;TENCENT-VALUATION-20260731,汽车电子电气系统,,cninfo_industry,resolved_theme_unmatched
126,1,002919,名臣健康,洗护用品,,洗护用品,evidence_gap,neutral,evidence_gap,evidence_gap,evidence_gap,neutral,watch,长期趋势未修复;CLX独立性不足,watch,173.11,5.39,428700.0,1.91,Sina/Tencent 2026-07-31 valuation snapshot; growth/profit/cashflow not expanded,1,275,182,technical-reversal-only,False,5.847568988173446,0.812694,6|2|6|6|6|2|3|3|-1|275|002919,暴露=evidence_gap；基本面=neutral；估值=neutral；容量=watch；映射来源=cninfo_industry,CLX-STOCK-RANKING;LOCAL-SINA-BOARD-20260731;TENCENT-VALUATION-20260731,洗护用品,,cninfo_industry,resolved_theme_unmatched
127,1,300665,飞鹿股份,涂料油漆油墨制造,,涂料油漆油墨制造,evidence_gap,weak,evidence_gap,evidence_gap,evidence_gap,weak,watch,亏损PE;长期趋势未修复;CLX独立性不足,watch,-7.566,4.782,188682.48006,3.54704,Sina/Tencent 2026-07-31 valuation snapshot; growth/profit/cashflow not expanded,1,331,241,technical-reversal-only,False,2.8785982478097605,0.638368,6|4|6|6|6|4|3|3|-1|331|300665,暴露=evidence_gap；基本面=weak；估值=weak；容量=watch；映射来源=cninfo_industry,CLX-STOCK-RANKING;LOCAL-SINA-BOARD-20260731;TENCENT-VALUATION-20260731,涂料油漆油墨制造,,cninfo_industry,resolved_theme_unmatched
128,1,600826,兰生股份,物资外贸,参股金融;分拆上市;金融参股;抗癌;上海本地;体育概念,物资外贸,neutral,good,evidence_gap,evidence_gap,evidence_gap,strong,watch,长期趋势未修复;CLX独立性不足,watch,17.778,1.336,579346.8544,0.88713,Sina/Tencent 2026-07-31 valuation snapshot; growth/profit/cashflow not expanded,1,151,325,technical-reversal-only,False,2.9601029601029616,0.511159,2|1|6|6|6|0|3|3|-1|151|600826,暴露=neutral；基本面=good；估值=strong；容量=watch；映射来源=sina_industry,CLX-STOCK-RANKING;LOCAL-SINA-BOARD-20260731;TENCENT-VALUATION-20260731,,,sina_industry,resolved_theme_unmatched
129,1,300332,天壕能源,环保行业,海水淡化;节能环保,环保行业,neutral,weak,evidence_gap,evidence_gap,evidence_gap,weak,watch,亏损PE;长期趋势未修复;CLX独立性不足,watch,-14.688,1.028,398413.75527,3.01564,Sina/Tencent 2026-07-31 valuation snapshot; growth/profit/cashflow not expanded,1,58,214,technical-reversal-only,False,1.9522776572667988,1.141214,2|4|6|6|6|4|3|3|-1|58|300332,暴露=neutral；基本面=weak；估值=weak；容量=watch；映射来源=sina_industry,CLX-STOCK-RANKING;LOCAL-SINA-BOARD-20260731;TENCENT-VALUATION-20260731,,,sina_industry,resolved_theme_unmatched
130,1,600021,上海电力,电力行业,参股金融;风电;光伏;光伏概念;上海本地;碳交易,电力行业,neutral,strong,evidence_gap,evidence_gap,evidence_gap,strong,watch,长期趋势未修复;CLX独立性不足,neutral,16.581,1.963,4083254.289835,1.47845,Sina/Tencent 2026-07-31 valuation snapshot; growth/profit/cashflow not expanded,1,395,300,technical-reversal-only,False,1.3305322128851715,6.04199,2|0|6|6|6|0|3|2|-1|395|600021,暴露=neutral；基本面=strong；估值=strong；容量=neutral；映射来源=sina_industry,CLX-STOCK-RANKING;LOCAL-SINA-BOARD-20260731;TENCENT-VALUATION-20260731,,,sina_industry,resolved_theme_unmatched
130,2,000037,深南电A,电力行业,含B股;深圳本地,电力行业,neutral,good,evidence_gap,evidence_gap,evidence_gap,good,watch,长期趋势未修复;CLX独立性不足,watch,34.281,3.267,552130.537936,6.08776,Sina/Tencent 2026-07-31 valuation snapshot; growth/profit/cashflow not expanded,1,189,110,technical-reversal-only,False,1.7777777777777892,1.882828,2|1|6|6|6|1|3|3|-1|189|000037,暴露=neutral；基本面=good；估值=good；容量=watch；映射来源=sina_industry,CLX-STOCK-RANKING;LOCAL-SINA-BOARD-20260731;TENCENT-VALUATION-20260731,,,sina_industry,resolved_theme_unmatched
130,3,000993,闽东电力,电力行业,参股金融;风电;风能;风能概念;光伏;核电核能;海峡西岸;碳交易;碳中和;稀缺资源;信托重仓,电力行业,neutral,neutral,evidence_gap,evidence_gap,evidence_gap,neutral,watch,长期趋势未修复;CLX独立性不足,watch,77.538,1.812,461615.06664,1.91841,Sina/Tencent 2026-07-31 valuation snapshot; growth/profit/cashflow not expanded,1,215,132,technical-reversal-only,False,0.6993006993007089,0.884464,2|2|6|6|6|2|3|3|-1|215|000993,暴露=neutral；基本面=neutral；估值=neutral；容量=watch；映射来源=sina_industry,CLX-STOCK-RANKING;LOCAL-SINA-BOARD-20260731;TENCENT-VALUATION-20260731,,,sina_industry,resolved_theme_unmatched
131,1,301023,奕帆传动,电机,,电机,evidence_gap,good,evidence_gap,evidence_gap,evidence_gap,good,watch,长期趋势未修复;CLX独立性不足,watch,38.18,3.17,258000.0,3.44,Sina/Tencent 2026-07-31 valuation snapshot; growth/profit/cashflow not expanded,1,355,260,technical-reversal-only,False,5.817068503635658,0.493337,6|1|6|6|6|1|3|3|-1|355|301023,暴露=evidence_gap；基本面=good；估值=good；容量=watch；映射来源=cninfo_industry,CLX-STOCK-RANKING;LOCAL-SINA-BOARD-20260731;TENCENT-VALUATION-20260731,电机,,cninfo_industry,resolved_theme_unmatched
131,2,603728,鸣志电器,电机,,电机,evidence_gap,neutral,evidence_gap,evidence_gap,evidence_gap,watch,watch,长期趋势未修复;CLX独立性不足,neutral,338.862,6.965,2070955.08,2.52343,Sina/Tencent 2026-07-31 valuation snapshot; growth/profit/cashflow not expanded,1,170,381,technical-reversal-only,False,9.211398277004632,5.136278,6|2|6|6|6|3|3|2|-1|170|603728,暴露=evidence_gap；基本面=neutral；估值=watch；容量=neutral；映射来源=cninfo_industry,CLX-STOCK-RANKING;LOCAL-SINA-BOARD-20260731;TENCENT-VALUATION-20260731,电机,,cninfo_industry,resolved_theme_unmatched
132,1,603363,傲农生物,畜禽饲料,,畜禽饲料,evidence_gap,weak,evidence_gap,evidence_gap,evidence_gap,weak,watch,亏损PE;长期趋势未修复;CLX独立性不足,watch,-49.83,2.28,767400.0,0.96,Sina/Tencent 2026-07-31 valuation snapshot; growth/profit/cashflow not expanded,1,491,367,technical-reversal-only,False,1.4440433212996373,0.5767479999999999,6|4|6|6|6|4|3|3|-1|491|603363,暴露=evidence_gap；基本面=weak；估值=weak；容量=watch；映射来源=cninfo_industry,CLX-STOCK-RANKING;LOCAL-SINA-BOARD-20260731;TENCENT-VALUATION-20260731,畜禽饲料,,cninfo_industry,resolved_theme_unmatched
133,1,300841,康华生物,疫苗,,疫苗,evidence_gap,good,evidence_gap,evidence_gap,evidence_gap,strong,watch,长期趋势未修复;CLX独立性不足,watch,26.53,1.72,601000.0,1.79,Sina/Tencent 2026-07-31 valuation snapshot; growth/profit/cashflow not expanded,1,344,254,technical-reversal-only,False,2.504432624113484,0.979359,6|1|6|6|6|0|3|3|-1|344|300841,暴露=evidence_gap；基本面=good；估值=strong；容量=watch；映射来源=cninfo_industry,CLX-STOCK-RANKING;LOCAL-SINA-BOARD-20260731;TENCENT-VALUATION-20260731,疫苗,,cninfo_industry,resolved_theme_unmatched
134,1,601212,白银有色,白银,,白银,evidence_gap,watch,evidence_gap,evidence_gap,evidence_gap,weak,watch,亏损PE;长期趋势未修复;CLX独立性不足,neutral,-65.84,2.32,3695000.0,2.04,Sina/Tencent 2026-07-31 valuation snapshot; growth/profit/cashflow not expanded,1,452,339,technical-reversal-only,False,3.7422037422037535,7.524253999999999,6|3|6|6|6|4|3|2|-1|452|601212,暴露=evidence_gap；基本面=watch；估值=weak；容量=neutral；映射来源=cninfo_industry,CLX-STOCK-RANKING;LOCAL-SINA-BOARD-20260731;TENCENT-VALUATION-20260731,白银,,cninfo_industry,resolved_theme_unmatched
135,1,000096,广聚能源,石油行业,深圳本地;油气改革,石油行业,neutral,good,evidence_gap,evidence_gap,evidence_gap,strong,watch,长期趋势未修复;CLX独立性不足,watch,35.557,1.481,408144.0,1.08678,Sina/Tencent 2026-07-31 valuation snapshot; growth/profit/cashflow not expanded,1,192,113,technical-reversal-only,False,1.3106159895150735,0.42613,2|1|6|6|6|0|3|3|-1|192|000096,暴露=neutral；基本面=good；估值=strong；容量=watch；映射来源=sina_industry,CLX-STOCK-RANKING;LOCAL-SINA-BOARD-20260731;TENCENT-VALUATION-20260731,,,sina_industry,resolved_theme_unmatched
135,2,600688,上海石化,石油行业,含H股;上海本地;碳纤维;未股改;油气改革,石油行业,neutral,watch,evidence_gap,evidence_gap,evidence_gap,weak,watch,亏损PE;长期趋势未修复;CLX独立性不足,watch,-20.882,1.272,2994103.37,0.82191,Sina/Tencent 2026-07-31 valuation snapshot; growth/profit/cashflow not expanded,1,429,322,technical-reversal-only,False,0.3533568904593664,1.705371,2|3|6|6|6|4|3|3|-1|429|600688,暴露=neutral；基本面=watch；估值=weak；容量=watch；映射来源=sina_industry,CLX-STOCK-RANKING;LOCAL-SINA-BOARD-20260731;TENCENT-VALUATION-20260731,,,sina_industry,resolved_theme_unmatched
135,3,002629,仁智股份,石油行业,成渝特区;油气改革;重组概念,石油行业,neutral,weak,evidence_gap,evidence_gap,evidence_gap,watch,watch,长期趋势未修复;CLX独立性不足,watch,195.455,29.054,183222.14,3.33059,Sina/Tencent 2026-07-31 valuation snapshot; growth/profit/cashflow not expanded,1,256,168,technical-reversal-only,False,2.3809523809523725,0.516029,2|4|6|6|6|3|3|3|-1|256|002629,暴露=neutral；基本面=weak；估值=watch；容量=watch；映射来源=sina_industry,CLX-STOCK-RANKING;LOCAL-SINA-BOARD-20260731;TENCENT-VALUATION-20260731,,,sina_industry,resolved_theme_unmatched
135,4,002554,惠博普,石油行业,光伏;碳中和;页岩气,石油行业,neutral,weak,evidence_gap,evidence_gap,evidence_gap,weak,watch,亏损PE;长期趋势未修复;CLX独立性不足,watch,-10.036,1.963,374775.340232,1.24786,Sina/Tencent 2026-07-31 valuation snapshot; growth/profit/cashflow not expanded,1,250,162,technical-reversal-only,False,1.0791366906474975,0.465121,2|4|6|6|6|4|3|3|-1|250|002554,暴露=neutral；基本面=weak；估值=weak；容量=watch；映射来源=sina_industry,CLX-STOCK-RANKING;LOCAL-SINA-BOARD-20260731;TENCENT-VALUATION-20260731,,,sina_industry,resolved_theme_unmatched
136,1,603637,镇海股份,碳中和,碳中和,,neutral,good,evidence_gap,evidence_gap,evidence_gap,good,watch,长期趋势未修复;CLX独立性不足,watch,41.679,2.668,278546.418459,3.76303,Sina/Tencent 2026-07-31 valuation snapshot; growth/profit/cashflow not expanded,1,502,375,technical-reversal-only,False,9.990574929311968,1.014162,2|1|6|6|6|1|3|3|-1|502|603637,暴露=neutral；基本面=good；估值=good；容量=watch；映射来源=sina_concept,CLX-STOCK-RANKING;LOCAL-SINA-BOARD-20260731;TENCENT-VALUATION-20260731,,,sina_concept,resolved_theme_unmatched
136,2,603778,国晟科技,碳中和,碳中和,,neutral,weak,evidence_gap,evidence_gap,evidence_gap,weak,watch,亏损PE;长期趋势未修复;CLX独立性不足,neutral,-10.391,21.136,596678.07648,12.48524,Sina/Tencent 2026-07-31 valuation snapshot; growth/profit/cashflow not expanded,1,512,383,technical-reversal-only,False,6.352941176470583,7.286805,2|4|6|6|6|4|3|2|-1|512|603778,暴露=neutral；基本面=weak；估值=weak；容量=neutral；映射来源=sina_concept,CLX-STOCK-RANKING;LOCAL-SINA-BOARD-20260731;TENCENT-VALUATION-20260731,,,sina_concept,resolved_theme_unmatched
136,3,603316,诚邦股份,碳中和,碳中和,,neutral,weak,evidence_gap,evidence_gap,evidence_gap,weak,watch,亏损PE;长期趋势未修复;CLX独立性不足,watch,-27.905,6.171,341008.737,3.01607,Sina/Tencent 2026-07-31 valuation snapshot; growth/profit/cashflow not expanded,1,488,365,technical-reversal-only,False,10.017421602787469,0.991386,2|4|6|6|6|4|3|3|-1|488|603316,暴露=neutral；基本面=weak；估值=weak；容量=watch；映射来源=sina_concept,CLX-STOCK-RANKING;LOCAL-SINA-BOARD-20260731;TENCENT-VALUATION-20260731,,,sina_concept,resolved_theme_unmatched
137,1,688029,南微医学,科创50,科创50,,neutral,good,evidence_gap,evidence_gap,evidence_gap,strong,watch,长期趋势未修复;CLX独立性不足,watch,23.898,3.228,1369219.858958,0.71023,Sina/Tencent 2026-07-31 valuation snapshot; growth/profit/cashflow not expanded,1,532,395,technical-reversal-only,False,-0.4778809393773842,0.982446,2|1|6|6|6|0|3|3|-1|532|688029,暴露=neutral；基本面=good；估值=strong；容量=watch；映射来源=sina_concept,CLX-STOCK-RANKING;LOCAL-SINA-BOARD-20260731;TENCENT-VALUATION-20260731,,,sina_concept,resolved_theme_unmatched
137,2,688088,虹软科技,科创50,华为汽车;科创50,,neutral,good,evidence_gap,evidence_gap,evidence_gap,good,watch,长期趋势未修复;CLX独立性不足,neutral,52.156,4.831,1339106.7952,3.0928,Sina/Tencent 2026-07-31 valuation snapshot; growth/profit/cashflow not expanded,1,535,399,technical-reversal-only,False,6.64536741214059,4.149504,2|1|6|6|6|1|3|2|-1|535|688088,暴露=neutral；基本面=good；估值=good；容量=neutral；映射来源=sina_concept,CLX-STOCK-RANKING;LOCAL-SINA-BOARD-20260731;TENCENT-VALUATION-20260731,,,sina_concept,resolved_theme_unmatched
137,3,688138,清溢光电,科创50,科创50,,neutral,good,evidence_gap,evidence_gap,evidence_gap,good,watch,长期趋势未修复;CLX独立性不足,watch,43.81,3.065,868848.0,3.24191,Sina/Tencent 2026-07-31 valuation snapshot; growth/profit/cashflow not expanded,1,541,407,technical-reversal-only,False,3.409516672911206,2.928218,2|1|6|6|6|1|3|3|-1|541|688138,暴露=neutral；基本面=good；估值=good；容量=watch；映射来源=sina_concept,CLX-STOCK-RANKING;LOCAL-SINA-BOARD-20260731;TENCENT-VALUATION-20260731,,,sina_concept,resolved_theme_unmatched
137,4,688098,申联生物,科创50,科创50,,neutral,weak,evidence_gap,evidence_gap,evidence_gap,weak,watch,亏损PE;长期趋势未修复;CLX独立性不足,watch,-168.2,2.489,345351.604,0.65207,Sina/Tencent 2026-07-31 valuation snapshot; growth/profit/cashflow not expanded,1,536,400,technical-reversal-only,False,4.472049689440993,0.223982,2|4|6|6|6|4|3|3|-1|536|688098,暴露=neutral；基本面=weak；估值=weak；容量=watch；映射来源=sina_concept,CLX-STOCK-RANKING;LOCAL-SINA-BOARD-20260731;TENCENT-VALUATION-20260731,,,sina_concept,resolved_theme_unmatched
138,1,301261,恒工精密,精密机加工件,,精密机加工件,evidence_gap,good,evidence_gap,evidence_gap,evidence_gap,good,watch,长期趋势未修复;CLX独立性不足,watch,42.44,3.49,556600.0,3.1,Sina/Tencent 2026-07-31 valuation snapshot; growth/profit/cashflow not expanded,1,368,276,technical-reversal-only,False,8.135245901639365,1.709069,6|1|6|6|6|1|3|3|-1|368|301261,暴露=evidence_gap；基本面=good；估值=good；容量=watch；映射来源=ths_business_keyword,CLX-STOCK-RANKING;LOCAL-SINA-BOARD-20260731;TENCENT-VALUATION-20260731,精密机加工件,,ths_business_keyword,resolved_theme_unmatched
139,1,301190,善水科技,纺织化学制品,,纺织化学制品,evidence_gap,good,evidence_gap,evidence_gap,evidence_gap,strong,watch,长期趋势未修复;CLX独立性不足,watch,40.36,1.93,375600.0,5.5,Sina/Tencent 2026-07-31 valuation snapshot; growth/profit/cashflow not expanded,1,137,268,technical-reversal-only,False,-1.4639639639639768,1.390344,6|1|6|6|6|0|3|3|-1|137|301190,暴露=evidence_gap；基本面=good；估值=strong；容量=watch；映射来源=cninfo_industry,CLX-STOCK-RANKING;LOCAL-SINA-BOARD-20260731;TENCENT-VALUATION-20260731,纺织化学制品,,cninfo_industry,resolved_theme_unmatched
140,1,300501,海顺新材,综合包装,,综合包装,evidence_gap,weak,evidence_gap,evidence_gap,evidence_gap,weak,watch,亏损PE;长期趋势未修复;CLX独立性不足,watch,-52.53,2.11,269800.0,3.48,Sina/Tencent 2026-07-31 valuation snapshot; growth/profit/cashflow not expanded,1,317,228,technical-reversal-only,False,7.897664071190191,0.941376,6|4|6|6|6|4|3|3|-1|317|300501,暴露=evidence_gap；基本面=weak；估值=weak；容量=watch；映射来源=cninfo_industry,CLX-STOCK-RANKING;LOCAL-SINA-BOARD-20260731;TENCENT-VALUATION-20260731,综合包装,,cninfo_industry,resolved_theme_unmatched
141,1,301259,艾布鲁,综合环境治理,,综合环境治理,evidence_gap,neutral,evidence_gap,evidence_gap,evidence_gap,neutral,watch,长期趋势未修复;CLX独立性不足,watch,160.23,5.71,500600.0,6.63,Sina/Tencent 2026-07-31 valuation snapshot; growth/profit/cashflow not expanded,1,30,275,technical-reversal-only,False,4.831833254381812,2.124403,6|2|6|6|6|2|3|3|-1|30|301259,暴露=evidence_gap；基本面=neutral；估值=neutral；容量=watch；映射来源=cninfo_industry,CLX-STOCK-RANKING;LOCAL-SINA-BOARD-20260731;TENCENT-VALUATION-20260731,综合环境治理,,cninfo_industry,resolved_theme_unmatched
142,1,600576,祥源文旅,综合行业,涉矿概念,综合行业,neutral,good,evidence_gap,evidence_gap,evidence_gap,strong,watch,长期趋势未修复;CLX独立性不足,watch,51.364,2.302,595819.8686,1.74134,Sina/Tencent 2026-07-31 valuation snapshot; growth/profit/cashflow not expanded,1,150,317,technical-reversal-only,False,3.669724770642202,0.63992,2|1|6|6|6|0|3|3|-1|150|600576,暴露=neutral；基本面=good；估值=strong；容量=watch；映射来源=sina_industry,CLX-STOCK-RANKING;LOCAL-SINA-BOARD-20260731;TENCENT-VALUATION-20260731,,,sina_industry,resolved_theme_unmatched
143,1,001279,强邦新材,胶印版材,,胶印版材,evidence_gap,neutral,evidence_gap,evidence_gap,evidence_gap,neutral,watch,长期趋势未修复;CLX独立性不足,watch,99.48,3.92,391400.0,3.74,Sina/Tencent 2026-07-31 valuation snapshot; growth/profit/cashflow not expanded,1,219,135,technical-reversal-only,False,-1.0917913465426587,0.366422,6|2|6|6|6|2|3|3|-1|219|001279,暴露=evidence_gap；基本面=neutral；估值=neutral；容量=watch；映射来源=ths_business_keyword,CLX-STOCK-RANKING;LOCAL-SINA-BOARD-20260731;TENCENT-VALUATION-20260731,胶印版材,,ths_business_keyword,resolved_theme_unmatched
144,1,688386,泛亚微透,膜材料,,膜材料,evidence_gap,good,evidence_gap,evidence_gap,evidence_gap,good,watch,长期趋势未修复;CLX独立性不足,watch,49.08,3.4,503800.0,2.95,Sina/Tencent 2026-07-31 valuation snapshot; growth/profit/cashflow not expanded,1,572,435,technical-reversal-only,False,5.3749999999999964,1.372501,6|1|6|6|6|1|3|3|-1|572|688386,暴露=evidence_gap；基本面=good；估值=good；容量=watch；映射来源=cninfo_industry,CLX-STOCK-RANKING;LOCAL-SINA-BOARD-20260731;TENCENT-VALUATION-20260731,膜材料,,cninfo_industry,resolved_theme_unmatched
145,1,300859,西域旅游,自然景区,,自然景区,evidence_gap,good,evidence_gap,evidence_gap,evidence_gap,good,watch,长期趋势未修复;CLX独立性不足,watch,51.26,5.61,397700.00000000006,2.47,Sina/Tencent 2026-07-31 valuation snapshot; growth/profit/cashflow not expanded,1,346,255,technical-reversal-only,False,2.886928628708896,0.972296,6|1|6|6|6|1|3|3|-1|346|300859,暴露=evidence_gap；基本面=good；估值=good；容量=watch；映射来源=cninfo_industry,CLX-STOCK-RANKING;LOCAL-SINA-BOARD-20260731;TENCENT-VALUATION-20260731,自然景区,,cninfo_industry,resolved_theme_unmatched
146,1,688297,中无人机,航空装备,,航空装备,evidence_gap,good,evidence_gap,evidence_gap,evidence_gap,neutral,watch,长期趋势未修复;CLX独立性不足,neutral,310.55,4.92,2751300.0,1.66,Sina/Tencent 2026-07-31 valuation snapshot; growth/profit/cashflow not expanded,1,564,427,technical-reversal-only,False,2.1553884711779325,4.5533980000000005,6|1|6|6|6|2|3|2|-1|564|688297,暴露=evidence_gap；基本面=good；估值=neutral；容量=neutral；映射来源=cninfo_industry,CLX-STOCK-RANKING;LOCAL-SINA-BOARD-20260731;TENCENT-VALUATION-20260731,航空装备,,cninfo_industry,resolved_theme_unmatched
147,1,002928,华夏航空,航空运输,,航空运输,evidence_gap,good,evidence_gap,evidence_gap,evidence_gap,strong,watch,长期趋势未修复;CLX独立性不足,watch,12.52,2.13,848800.0,2.56,Sina/Tencent 2026-07-31 valuation snapshot; growth/profit/cashflow not expanded,1,276,183,technical-reversal-only,False,2.627511591962905,2.155643,6|1|6|6|6|0|3|3|-1|276|002928,暴露=evidence_gap；基本面=good；估值=strong；容量=watch；映射来源=cninfo_industry,CLX-STOCK-RANKING;LOCAL-SINA-BOARD-20260731;TENCENT-VALUATION-20260731,航空运输,,cninfo_industry,resolved_theme_unmatched
148,1,603209,兴通股份,航运,,航运,evidence_gap,good,evidence_gap,evidence_gap,evidence_gap,strong,watch,长期趋势未修复;CLX独立性不足,watch,14.2,1.28,436800.0,0.94,Sina/Tencent 2026-07-31 valuation snapshot; growth/profit/cashflow not expanded,1,481,361,technical-reversal-only,False,0.8252063015753874,0.404741,6|1|6|6|6|0|3|3|-1|481|603209,暴露=evidence_gap；基本面=good；估值=strong；容量=watch；映射来源=cninfo_industry,CLX-STOCK-RANKING;LOCAL-SINA-BOARD-20260731;TENCENT-VALUATION-20260731,航运,,cninfo_industry,resolved_theme_unmatched
149,1,605168,三人行,营销代理,,营销代理,evidence_gap,good,evidence_gap,evidence_gap,evidence_gap,good,watch,长期趋势未修复;CLX独立性不足,watch,57.19,2.82,729000.0,1.48,Sina/Tencent 2026-07-31 valuation snapshot; growth/profit/cashflow not expanded,1,524,392,technical-reversal-only,False,9.98727735368956,1.057953,6|1|6|6|6|1|3|3|-1|524|605168,暴露=evidence_gap；基本面=good；估值=good；容量=watch；映射来源=cninfo_industry,CLX-STOCK-RANKING;LOCAL-SINA-BOARD-20260731;TENCENT-VALUATION-20260731,营销代理,,cninfo_industry,resolved_theme_unmatched
150,1,603836,海程邦达,跨境物流,,跨境物流,evidence_gap,good,evidence_gap,evidence_gap,evidence_gap,strong,watch,长期趋势未修复;CLX独立性不足,watch,51.28,1.44,244700.0,1.85,Sina/Tencent 2026-07-31 valuation snapshot; growth/profit/cashflow not expanded,1,515,385,technical-reversal-only,False,-0.9269988412514474,0.440535,6|1|6|6|6|0|3|3|-1|515|603836,暴露=evidence_gap；基本面=good；估值=strong；容量=watch；映射来源=cninfo_industry,CLX-STOCK-RANKING;LOCAL-SINA-BOARD-20260731;TENCENT-VALUATION-20260731,跨境物流,,cninfo_industry,resolved_theme_unmatched
151,1,603085,天成自控,车身附件及饰件,,车身附件及饰件,evidence_gap,good,evidence_gap,evidence_gap,evidence_gap,good,watch,长期趋势未修复;CLX独立性不足,watch,41.72,3.84,371700.0,1.49,Sina/Tencent 2026-07-31 valuation snapshot; growth/profit/cashflow not expanded,1,477,357,technical-reversal-only,False,2.519167579408532,0.551689,6|1|6|6|6|1|3|3|-1|477|603085,暴露=evidence_gap；基本面=good；估值=good；容量=watch；映射来源=cninfo_industry,CLX-STOCK-RANKING;LOCAL-SINA-BOARD-20260731;TENCENT-VALUATION-20260731,车身附件及饰件,,cninfo_industry,resolved_theme_unmatched
152,1,300638,广和通,通信终端及配件,,通信终端及配件,evidence_gap,good,evidence_gap,evidence_gap,evidence_gap,good,watch,长期趋势未修复;CLX独立性不足,neutral,47.045,2.98,1861480.29708,7.79917,Sina/Tencent 2026-07-31 valuation snapshot; growth/profit/cashflow not expanded,1,324,235,technical-reversal-only,False,7.700312174817903,8.4841,6|1|6|6|6|1|3|2|-1|324|300638,暴露=evidence_gap；基本面=good；估值=good；容量=neutral；映射来源=cninfo_industry,CLX-STOCK-RANKING;LOCAL-SINA-BOARD-20260731;TENCENT-VALUATION-20260731,通信终端及配件,,cninfo_industry,resolved_theme_unmatched
153,1,600749,西藏旅游,酒店旅游,,酒店旅游,neutral,neutral,evidence_gap,evidence_gap,evidence_gap,neutral,watch,长期趋势未修复;CLX独立性不足,watch,132.375,3.016,313666.344494,3.32354,Sina/Tencent 2026-07-31 valuation snapshot; growth/profit/cashflow not expanded,1,430,323,technical-reversal-only,False,1.6176470588235237,1.03348,2|2|6|6|6|2|3|3|-1|430|600749,暴露=neutral；基本面=neutral；估值=neutral；容量=watch；映射来源=sina_industry,CLX-STOCK-RANKING;LOCAL-SINA-BOARD-20260731;TENCENT-VALUATION-20260731,,,sina_industry,resolved_theme_unmatched
154,1,300488,恒锋工具,金属制品,,金属制品,evidence_gap,good,evidence_gap,evidence_gap,evidence_gap,strong,watch,长期趋势未修复;CLX独立性不足,watch,28.02,2.473,541154.85551,3.7005,Sina/Tencent 2026-07-31 valuation snapshot; growth/profit/cashflow not expanded,1,314,226,technical-reversal-only,False,5.009276437847876,1.725297,6|1|6|6|6|0|3|3|-1|314|300488,暴露=evidence_gap；基本面=good；估值=strong；容量=watch；映射来源=cninfo_industry,CLX-STOCK-RANKING;LOCAL-SINA-BOARD-20260731;TENCENT-VALUATION-20260731,金属制品,,cninfo_industry,resolved_theme_unmatched
154,2,300885,海昌新材,金属制品,,金属制品,evidence_gap,neutral,evidence_gap,evidence_gap,evidence_gap,neutral,neutral,长期趋势未修复,watch,88.528,5.317,486377.528,2.78464,Sina/Tencent 2026-07-31 valuation snapshot; growth/profit/cashflow not expanded,2,97,104,technical-reversal-only,False,5.376344086021501,0.910758,6|2|6|6|6|2|2|3|-2|97|300885,暴露=evidence_gap；基本面=neutral；估值=neutral；容量=watch；映射来源=cninfo_industry,CLX-STOCK-RANKING;LOCAL-SINA-BOARD-20260731;TENCENT-VALUATION-20260731,金属制品,,cninfo_industry,resolved_theme_unmatched
154,3,002896,中大力德,金属制品,,金属制品,evidence_gap,watch,evidence_gap,evidence_gap,evidence_gap,watch,watch,长期趋势未修复;CLX独立性不足,neutral,227.45,10.85,1282100.0,4.11,Sina/Tencent 2026-07-31 valuation snapshot; growth/profit/cashflow not expanded,1,272,180,technical-reversal-only,False,9.99831394368571,5.224192,6|3|6|6|6|3|3|2|-1|272|002896,暴露=evidence_gap；基本面=watch；估值=watch；容量=neutral；映射来源=cninfo_industry,CLX-STOCK-RANKING;LOCAL-SINA-BOARD-20260731;TENCENT-VALUATION-20260731,金属制品,,cninfo_industry,resolved_theme_unmatched
155,1,002575,群兴玩具,金融改革,金融改革;婴童概念,,neutral,weak,evidence_gap,evidence_gap,evidence_gap,weak,watch,亏损PE;长期趋势未修复;CLX独立性不足,neutral,-127.0,3.714,313182.0,11.40345,Sina/Tencent 2026-07-31 valuation snapshot; growth/profit/cashflow not expanded,1,253,165,technical-reversal-only,False,4.526748971193406,3.377225,2|4|6|6|6|4|3|2|-1|253|002575,暴露=neutral；基本面=weak；估值=weak；容量=neutral；映射来源=sina_concept,CLX-STOCK-RANKING;LOCAL-SINA-BOARD-20260731;TENCENT-VALUATION-20260731,,,sina_concept,resolved_theme_unmatched
156,1,002615,哈尔斯,钢铁行业,金融改革;体育概念,钢铁行业,neutral,good,evidence_gap,evidence_gap,evidence_gap,strong,neutral,长期趋势未修复,watch,42.667,1.503,358279.50208,2.4445,Sina/Tencent 2026-07-31 valuation snapshot; growth/profit/cashflow not expanded,2,44,101,technical-reversal-only,False,1.7488076311605871,0.472036,2|1|6|6|6|0|2|3|-2|44|002615,暴露=neutral；基本面=good；估值=strong；容量=watch；映射来源=sina_industry,CLX-STOCK-RANKING;LOCAL-SINA-BOARD-20260731;TENCENT-VALUATION-20260731,,,sina_industry,resolved_theme_unmatched
156,2,600992,贵绳股份,钢铁行业,,钢铁行业,neutral,neutral,evidence_gap,evidence_gap,evidence_gap,neutral,watch,长期趋势未修复;CLX独立性不足,watch,76.432,1.602,228914.06,4.75356,Sina/Tencent 2026-07-31 valuation snapshot; growth/profit/cashflow not expanded,1,155,334,technical-reversal-only,False,4.4742729306487705,1.081777,2|2|6|6|6|2|3|3|-1|155|600992,暴露=neutral；基本面=neutral；估值=neutral；容量=watch；映射来源=sina_industry,CLX-STOCK-RANKING;LOCAL-SINA-BOARD-20260731;TENCENT-VALUATION-20260731,,,sina_industry,resolved_theme_unmatched
156,3,300345,华民股份,钢铁行业,长株潭;国防军工;军民融合;碳中和,钢铁行业,neutral,weak,evidence_gap,evidence_gap,evidence_gap,weak,watch,亏损PE;长期趋势未修复;CLX独立性不足,watch,-18.194,7.567,304618.269824,6.32477,Sina/Tencent 2026-07-31 valuation snapshot; growth/profit/cashflow not expanded,1,59,216,technical-reversal-only,False,4.800000000000004,1.60077,2|4|6|6|6|4|3|3|-1|59|300345,暴露=neutral；基本面=weak；估值=weak；容量=watch；映射来源=sina_industry,CLX-STOCK-RANKING;LOCAL-SINA-BOARD-20260731;TENCENT-VALUATION-20260731,,,sina_industry,resolved_theme_unmatched
157,1,605208,永茂泰,铝,,铝,evidence_gap,good,evidence_gap,evidence_gap,evidence_gap,strong,watch,长期趋势未修复;CLX独立性不足,watch,55.7,1.79,394600.0,5.25,Sina/Tencent 2026-07-31 valuation snapshot; growth/profit/cashflow not expanded,1,526,393,technical-reversal-only,False,10.027598896044164,2.019621,6|1|6|6|6|0|3|3|-1|526|605208,暴露=evidence_gap；基本面=good；估值=strong；容量=watch；映射来源=cninfo_industry,CLX-STOCK-RANKING;LOCAL-SINA-BOARD-20260731;TENCENT-VALUATION-20260731,铝,,cninfo_industry,resolved_theme_unmatched
157,2,301398,星源卓镁,铝,,铝,evidence_gap,neutral,evidence_gap,evidence_gap,evidence_gap,neutral,watch,长期趋势未修复;CLX独立性不足,watch,275.55,3.41,369700.0,1.51,Sina/Tencent 2026-07-31 valuation snapshot; growth/profit/cashflow not expanded,1,381,287,technical-reversal-only,False,4.3629465697123,0.544179,6|2|6|6|6|2|3|3|-1|381|301398,暴露=evidence_gap；基本面=neutral；估值=neutral；容量=watch；映射来源=cninfo_industry,CLX-STOCK-RANKING;LOCAL-SINA-BOARD-20260731;TENCENT-VALUATION-20260731,铝,,cninfo_industry,resolved_theme_unmatched
158,1,002785,万里石,锂矿,锂矿,,neutral,weak,evidence_gap,evidence_gap,evidence_gap,weak,watch,亏损PE;长期趋势未修复;CLX独立性不足,watch,-88.898,9.196,731301.755765,3.24598,Sina/Tencent 2026-07-31 valuation snapshot; growth/profit/cashflow not expanded,1,267,176,technical-reversal-only,False,4.840805717998697,2.020687,2|4|6|6|6|4|3|3|-1|267|002785,暴露=neutral；基本面=weak；估值=weak；容量=watch；映射来源=sina_concept,CLX-STOCK-RANKING;LOCAL-SINA-BOARD-20260731;TENCENT-VALUATION-20260731,,,sina_concept,resolved_theme_unmatched
159,1,300528,幸福蓝海,院线,,院线,evidence_gap,weak,evidence_gap,evidence_gap,evidence_gap,weak,watch,亏损PE;长期趋势未修复;CLX独立性不足,neutral,-22.95,13.12,503400.00000000006,6.28,Sina/Tencent 2026-07-31 valuation snapshot; growth/profit/cashflow not expanded,1,131,229,technical-reversal-only,False,4.728682170542631,3.147438,6|4|6|6|6|4|3|2|-1|131|300528,暴露=evidence_gap；基本面=weak；估值=weak；容量=neutral；映射来源=cninfo_industry,CLX-STOCK-RANKING;LOCAL-SINA-BOARD-20260731;TENCENT-VALUATION-20260731,院线,,cninfo_industry,resolved_theme_unmatched
160,1,603616,韩建河山,雄安新区,雄安新区,,neutral,weak,evidence_gap,evidence_gap,evidence_gap,weak,watch,亏损PE;长期趋势未修复;CLX独立性不足,watch,-186.742,8.97,190898.474,2.86833,Sina/Tencent 2026-07-31 valuation snapshot; growth/profit/cashflow not expanded,1,500,373,technical-reversal-only,False,2.9227557411273475,0.5411060000000001,2|4|6|6|6|4|3|3|-1|500|603616,暴露=neutral；基本面=weak；估值=weak；容量=watch；映射来源=sina_concept,CLX-STOCK-RANKING;LOCAL-SINA-BOARD-20260731;TENCENT-VALUATION-20260731,,,sina_concept,resolved_theme_unmatched
161,1,603665,康隆达,鞋帽及其他,,鞋帽及其他,evidence_gap,weak,evidence_gap,evidence_gap,evidence_gap,weak,watch,亏损PE;长期趋势未修复;CLX独立性不足,watch,-183.43,5.52,340200.00000000006,1.71,Sina/Tencent 2026-07-31 valuation snapshot; growth/profit/cashflow not expanded,1,503,376,technical-reversal-only,False,5.357142857142838,0.576014,6|4|6|6|6|4|3|3|-1|503|603665,暴露=evidence_gap；基本面=weak；估值=weak；容量=watch；映射来源=cninfo_industry,CLX-STOCK-RANKING;LOCAL-SINA-BOARD-20260731;TENCENT-VALUATION-20260731,鞋帽及其他,,cninfo_industry,resolved_theme_unmatched
162,1,600316,洪都航空,飞机制造,参股金融;大飞机;国防军工;军工航天;军民融合;券商重仓;信托重仓,飞机制造,neutral,neutral,evidence_gap,evidence_gap,evidence_gap,neutral,watch,长期趋势未修复;CLX独立性不足,watch,453.249,3.339,1800674.539632,1.34057,Sina/Tencent 2026-07-31 valuation snapshot; growth/profit/cashflow not expanded,1,411,311,technical-reversal-only,False,1.7010935601458057,2.407839,2|2|6|6|6|2|3|3|-1|411|600316,暴露=neutral；基本面=neutral；估值=neutral；容量=watch；映射来源=sina_industry,CLX-STOCK-RANKING;LOCAL-SINA-BOARD-20260731;TENCENT-VALUATION-20260731,,,sina_industry,resolved_theme_unmatched
163,1,300880,迦南智能,高压快充,高压快充,,neutral,good,evidence_gap,evidence_gap,evidence_gap,good,neutral,长期趋势未修复,watch,43.417,3.263,350076.28032,1.4265,Sina/Tencent 2026-07-31 valuation snapshot; growth/profit/cashflow not expanded,2,96,103,technical-reversal-only,False,4.363001745200701,0.4962810000000001,2|1|6|6|6|1|2|3|-2|96|300880,暴露=neutral；基本面=good；估值=good；容量=watch；映射来源=sina_concept,CLX-STOCK-RANKING;LOCAL-SINA-BOARD-20260731;TENCENT-VALUATION-20260731,,,sina_concept,resolved_theme_unmatched
164,1,002982,湘佳股份,鸡肉,鸡肉,,neutral,neutral,evidence_gap,evidence_gap,evidence_gap,neutral,watch,长期趋势未修复;CLX独立性不足,watch,68.176,1.45,235501.944515,2.63081,Sina/Tencent 2026-07-31 valuation snapshot; growth/profit/cashflow not expanded,1,279,188,technical-reversal-only,False,1.3998250218722583,0.394152,2|2|6|6|6|2|3|3|-1|279|002982,暴露=neutral；基本面=neutral；估值=neutral；容量=watch；映射来源=sina_concept,CLX-STOCK-RANKING;LOCAL-SINA-BOARD-20260731;TENCENT-VALUATION-20260731,,,sina_concept,resolved_theme_unmatched
